country,iso3,year,value
High income,,1960,
Low income,,1960,
Lower middle income,,1960,
Not classified,,1960,
Upper middle income,,1960,
High income,,1961,
Low income,,1961,
Lower middle income,,1961,
Not classified,,1961,
Upper middle income,,1961,
High income,,1962,
Low income,,1962,
Lower middle income,,1962,
Not classified,,1962,
Upper middle income,,1962,
High income,,1963,
Low income,,1963,
Lower middle income,,1963,
Not classified,,1963,
Upper middle income,,1963,
High income,,1964,
Low income,,1964,
Lower middle income,,1964,
Not classified,,1964,
Upper middle income,,1964,
High income,,1965,
Low income,,1965,
Lower middle income,,1965,
Not classified,,1965,
Upper middle income,,1965,
High income,,1966,
Low income,,1966,
Lower middle income,,1966,
Not classified,,1966,
Upper middle income,,1966,
High income,,1967,
Low income,,1967,
Lower middle income,,1967,
Not classified,,1967,
Upper middle income,,1967,
High income,,1968,
Low income,,1968,
Lower middle income,,1968,
Not classified,,1968,
Upper middle income,,1968,
High income,,1969,
Low income,,1969,
Lower middle income,,1969,
Not classified,,1969,
Upper middle income,,1969,
High income,,1970,
Low income,,1970,
Lower middle income,,1970,
Not classified,,1970,
Upper middle income,,1970,
High income,,1971,
Low income,,1971,
Lower middle income,,1971,
Not classified,,1971,
Upper middle income,,1971,
High income,,1972,
Low income,,1972,
Lower middle income,,1972,
Not classified,,1972,
Upper middle income,,1972,
High income,,1973,
Low income,,1973,
Lower middle income,,1973,
Not classified,,1973,
Upper middle income,,1973,
High income,,1974,
Low income,,1974,
Lower middle income,,1974,
Not classified,,1974,
Upper middle income,,1974,
High income,,1975,
Low income,,1975,
Lower middle income,,1975,
Not classified,,1975,
Upper middle income,,1975,
High income,,1976,
Low income,,1976,
Lower middle income,,1976,
Not classified,,1976,
Upper middle income,,1976,
High income,,1977,
Low income,,1977,
Lower middle income,,1977,
Not classified,,1977,
Upper middle income,,1977,
High income,,1978,
Low income,,1978,
Lower middle income,,1978,
Not classified,,1978,
Upper middle income,,1978,
High income,,1979,
Low income,,1979,
Lower middle income,,1979,
Not classified,,1979,
Upper middle income,,1979,
High income,,1980,
Low income,,1980,
Lower middle income,,1980,
Not classified,,1980,
Upper middle income,,1980,
High income,,1981,
Low income,,1981,
Lower middle income,,1981,
Not classified,,1981,
Upper middle income,,1981,
High income,,1982,
Low income,,1982,
Lower middle income,,1982,
Not classified,,1982,
Upper middle income,,1982,
High income,,1983,
Low income,,1983,
Lower middle income,,1983,
Not classified,,1983,
Upper middle income,,1983,
High income,,1984,
Low income,,1984,
Lower middle income,,1984,
Not classified,,1984,
Upper middle income,,1984,
High income,,1985,
Low income,,1985,
Lower middle income,,1985,
Not classified,,1985,
Upper middle income,,1985,
High income,,1986,
Low income,,1986,
Lower middle income,,1986,
Not classified,,1986,
Upper middle income,,1986,
High income,,1987,
Low income,,1987,
Lower middle income,,1987,
Not classified,,1987,
Upper middle income,,1987,
High income,,1988,
Low income,,1988,
Lower middle income,,1988,
Not classified,,1988,
Upper middle income,,1988,
High income,,1989,
Low income,,1989,
Lower middle income,,1989,
Not classified,,1989,
Upper middle income,,1989,
High income,,1990,35048.4860485869
Low income,,1990,1861.4363955005
Lower middle income,,1990,3056.24289827227
Not classified,,1990,
Upper middle income,,1990,5810.41961910228
High income,,1991,34936.6249467494
Low income,,1991,1835.50541984467
Lower middle income,,1991,3042.82483895626
Not classified,,1991,
Upper middle income,,1991,5832.26269411493
High income,,1992,34831.4474654685
Low income,,1992,1779.98675412983
Lower middle income,,1992,3087.95328781828
Not classified,,1992,
Upper middle income,,1992,5937.92673470106
High income,,1993,34769.1114059722
Low income,,1993,1746.57470122899
Lower middle income,,1993,3083.36754378992
Not classified,,1993,
Upper middle income,,1993,6118.06189336087
High income,,1994,35306.6450427484
Low income,,1994,1711.92627016507
Lower middle income,,1994,3135.32439884394
Not classified,,1994,
Upper middle income,,1994,6270.83865713217
High income,,1995,36005.2121727433
Low income,,1995,1746.14868862413
Lower middle income,,1995,3227.69254959929
Not classified,,1995,
Upper middle income,,1995,6432.68540027582
High income,,1996,36746.9426195195
Low income,,1996,1802.88114599218
Lower middle income,,1996,3361.06610527447
Not classified,,1996,
Upper middle income,,1996,6714.8088077637
High income,,1997,37780.2197015061
Low income,,1997,1857.39678230419
Lower middle income,,1997,3416.43102176628
Not classified,,1997,
Upper middle income,,1997,7003.13563219198
High income,,1998,38417.0156756395
Low income,,1998,1879.34132897105
Lower middle income,,1998,3513.10079044313
Not classified,,1998,
Upper middle income,,1998,7065.40946908576
High income,,1999,39579.8019589421
Low income,,1999,1855.17329654055
Lower middle income,,1999,3645.8916274424
Not classified,,1999,
Upper middle income,,1999,7193.22707987242
High income,,2000,41171.5001921304
Low income,,2000,1848.07202366958
Lower middle income,,2000,3721.15583004668
Not classified,,2000,
Upper middle income,,2000,7534.46601304186
High income,,2001,41687.2642346995
Low income,,2001,1879.89185741637
Lower middle income,,2001,3811.50335096094
Not classified,,2001,
Upper middle income,,2001,7707.83336797882
High income,,2002,42228.5175573404
Low income,,2002,1938.9037333312
Lower middle income,,2002,3905.26609643631
Not classified,,2002,
Upper middle income,,2002,7995.26895874639
High income,,2003,43079.0511287056
Low income,,2003,1962.85839011974
Lower middle income,,2003,4065.50236156351
Not classified,,2003,
Upper middle income,,2003,8370.32235025016
High income,,2004,44471.4450352263
Low income,,2004,2037.73559020632
Lower middle income,,2004,4274.69610229025
Not classified,,2004,
Upper middle income,,2004,8939.4315710973
High income,,2005,45654.0651226494
Low income,,2005,2117.2453953109
Lower middle income,,2005,4484.76374023139
Not classified,,2005,
Upper middle income,,2005,9482.47316024402
High income,,2006,47042.116436345
Low income,,2006,2183.70629205611
Lower middle income,,2006,4721.62738527555
Not classified,,2006,
Upper middle income,,2006,10156.8285798117
High income,,2007,48291.7487404085
Low income,,2007,2267.43652462977
Lower middle income,,2007,4960.878329707
Not classified,,2007,
Upper middle income,,2007,10958.7142005081
High income,,2008,48486.4291565184
Low income,,2008,2332.31935449671
Lower middle income,,2008,5091.43324856468
Not classified,,2008,
Upper middle income,,2008,11494.8903381638
High income,,2009,46460.533960674
Low income,,2009,2363.64532551769
Lower middle income,,2009,5327.71639726179
Not classified,,2009,
Upper middle income,,2009,11694.2221159018
High income,,2010,47722.6167285395
Low income,,2010,2461.60384878329
Lower middle income,,2010,5602.46049037949
Not classified,,2010,
Upper middle income,,2010,12531.0895213844
High income,,2011,48617.91246313
Low income,,2011,2471.46990092247
Lower middle income,,2011,5768.54126854103
Not classified,,2011,
Upper middle income,,2011,13236.515304434
High income,,2012,49098.5714742481
Low income,,2012,2314.6902870397
Lower middle income,,2012,5959.12380566511
Not classified,,2012,
Upper middle income,,2012,13822.3046874476
High income,,2013,49580.8001719361
Low income,,2013,2284.04770988727
Lower middle income,,2013,6197.54309245233
Not classified,,2013,
Upper middle income,,2013,14423.8295348435
High income,,2014,50378.3164400802
Low income,,2014,2312.39785199331
Lower middle income,,2014,6478.86225993693
Not classified,,2014,
Upper middle income,,2014,14947.2403476526
High income,,2015,51152.8663608105
Low income,,2015,2349.58022316902
Lower middle income,,2015,6770.17550450668
Not classified,,2015,
Upper middle income,,2015,15424.5615868064
High income,,2016,51760.6328540112
Low income,,2016,2367.13435583932
Lower middle income,,2016,7060.83322568102
Not classified,,2016,
Upper middle income,,2016,15979.55362127
High income,,2017,52827.4265615404
Low income,,2017,2398.91418465668
Lower middle income,,2017,7336.66033715744
Not classified,,2017,
Upper middle income,,2017,16662.4284387368
High income,,2018,53954.4851070337
Low income,,2018,2422.64161564751
Lower middle income,,2018,7634.72598689899
Not classified,,2018,
Upper middle income,,2018,17308.0850217702
High income,,2019,54801.5259414975
Low income,,2019,2449.56269658666
Lower middle income,,2019,7828.88816562443
Not classified,,2019,
Upper middle income,,2019,17882.2048457814
High income,,2020,52507.0167984634
Low income,,2020,2399.29922464841
Lower middle income,,2020,7421.0922949801
Not classified,,2020,
Upper middle income,,2020,17611.7434455076
High income,,2021,55735.7734268154
Low income,,2021,2374.74913269038
Lower middle income,,2021,7838.34718454926
Not classified,,2021,
Upper middle income,,2021,18796.441497948
High income,,2022,57194.6710863244
Low income,,2022,2395.91599638187
Lower middle income,,2022,8239.02963162706
Not classified,,2022,
Upper middle income,,2022,19378.7095594057
High income,,2023,57813.4235032444
Low income,,2023,2365.06299303399
Lower middle income,,2023,8575.83406829339
Not classified,,2023,
Upper middle income,,2023,20194.4437195401
High income,,2024,58645.0415947684
Low income,,2024,2395.99109855428
Lower middle income,,2024,8930.71250643165
Not classified,,2024,
Upper middle income,,2024,20967.3589459748
Aruba,ABW,1960,
Aruba,ABW,1961,
Aruba,ABW,1962,
Aruba,ABW,1963,
Aruba,ABW,1964,
Aruba,ABW,1965,
Aruba,ABW,1966,
Aruba,ABW,1967,
Aruba,ABW,1968,
Aruba,ABW,1969,
Aruba,ABW,1970,
Aruba,ABW,1971,
Aruba,ABW,1972,
Aruba,ABW,1973,
Aruba,ABW,1974,
Aruba,ABW,1975,
Aruba,ABW,1976,
Aruba,ABW,1977,
Aruba,ABW,1978,
Aruba,ABW,1979,
Aruba,ABW,1980,
Aruba,ABW,1981,
Aruba,ABW,1982,
Aruba,ABW,1983,
Aruba,ABW,1984,
Aruba,ABW,1985,
Aruba,ABW,1986,
Aruba,ABW,1987,
Aruba,ABW,1988,
Aruba,ABW,1989,
Aruba,ABW,1990,33146.6705478771
Aruba,ABW,1991,34079.2304630075
Aruba,ABW,1992,34458.142297503
Aruba,ABW,1993,34627.74347531
Aruba,ABW,1994,35580.5339781279
Aruba,ABW,1995,35476.4099870864
Aruba,ABW,1996,34506.5330803752
Aruba,ABW,1997,35534.2745034868
Aruba,ABW,1998,35361.1658888898
Aruba,ABW,1999,35316.6229395578
Aruba,ABW,2000,37618.9926155094
Aruba,ABW,2001,38827.4672740448
Aruba,ABW,2002,38195.3176084346
Aruba,ABW,2003,38182.3925262649
Aruba,ABW,2004,40101.7876131851
Aruba,ABW,2005,38926.4750002706
Aruba,ABW,2006,38664.3995098654
Aruba,ABW,2007,39562.4488484876
Aruba,ABW,2008,39982.5119922148
Aruba,ABW,2009,35074.6841221014
Aruba,ABW,2010,34037.5423205595
Aruba,ABW,2011,34926.1008924322
Aruba,ABW,2012,34058.3102329903
Aruba,ABW,2013,35711.9290506967
Aruba,ABW,2014,35837.3240929711
Aruba,ABW,2015,36753.4041726178
Aruba,ABW,2016,36926.1130685729
Aruba,ABW,2017,38213.2892388309
Aruba,ABW,2018,39378.2284109047
Aruba,ABW,2019,39754.5600722149
Aruba,ABW,2020,30408.8270901983
Aruba,ABW,2021,35207.1709088639
Aruba,ABW,2022,39083.4616398507
Aruba,ABW,2023,42783.2489072067
Aruba,ABW,2024,45428.0027283518
Africa Eastern and Southern,AFE,1960,
Africa Eastern and Southern,AFE,1961,
Africa Eastern and Southern,AFE,1962,
Africa Eastern and Southern,AFE,1963,
Africa Eastern and Southern,AFE,1964,
Africa Eastern and Southern,AFE,1965,
Africa Eastern and Southern,AFE,1966,
Africa Eastern and Southern,AFE,1967,
Africa Eastern and Southern,AFE,1968,
Africa Eastern and Southern,AFE,1969,
Africa Eastern and Southern,AFE,1970,
Africa Eastern and Southern,AFE,1971,
Africa Eastern and Southern,AFE,1972,
Africa Eastern and Southern,AFE,1973,
Africa Eastern and Southern,AFE,1974,
Africa Eastern and Southern,AFE,1975,
Africa Eastern and Southern,AFE,1976,
Africa Eastern and Southern,AFE,1977,
Africa Eastern and Southern,AFE,1978,
Africa Eastern and Southern,AFE,1979,
Africa Eastern and Southern,AFE,1980,
Africa Eastern and Southern,AFE,1981,
Africa Eastern and Southern,AFE,1982,
Africa Eastern and Southern,AFE,1983,
Africa Eastern and Southern,AFE,1984,
Africa Eastern and Southern,AFE,1985,
Africa Eastern and Southern,AFE,1986,
Africa Eastern and Southern,AFE,1987,
Africa Eastern and Southern,AFE,1988,
Africa Eastern and Southern,AFE,1989,
Africa Eastern and Southern,AFE,1990,3520.01923283181
Africa Eastern and Southern,AFE,1991,3425.13642950575
Africa Eastern and Southern,AFE,1992,3252.31688807554
Africa Eastern and Southern,AFE,1993,3127.87771409203
Africa Eastern and Southern,AFE,1994,3099.43016512431
Africa Eastern and Southern,AFE,1995,3155.04482771421
Africa Eastern and Southern,AFE,1996,3247.12512375102
Africa Eastern and Southern,AFE,1997,3291.6166582364
Africa Eastern and Southern,AFE,1998,3269.45779459289
Africa Eastern and Southern,AFE,1999,3268.36525112817
Africa Eastern and Southern,AFE,2000,3282.34890610805
Africa Eastern and Southern,AFE,2001,3313.89288261021
Africa Eastern and Southern,AFE,2002,3350.69383885552
Africa Eastern and Southern,AFE,2003,3357.78391588863
Africa Eastern and Southern,AFE,2004,3457.68872066042
Africa Eastern and Southern,AFE,2005,3578.21297897429
Africa Eastern and Southern,AFE,2006,3718.69348523405
Africa Eastern and Southern,AFE,2007,3867.50878828538
Africa Eastern and Southern,AFE,2008,3935.02291750962
Africa Eastern and Southern,AFE,2009,3870.96186560735
Africa Eastern and Southern,AFE,2010,3978.12957148745
Africa Eastern and Southern,AFE,2011,4033.18732362122
Africa Eastern and Southern,AFE,2012,4051.44571135342
Africa Eastern and Southern,AFE,2013,4126.33539547848
Africa Eastern and Southern,AFE,2014,4186.24851129339
Africa Eastern and Southern,AFE,2015,4207.36357863407
Africa Eastern and Southern,AFE,2016,4210.93569503277
Africa Eastern and Southern,AFE,2017,4223.1880503424
Africa Eastern and Southern,AFE,2018,4229.83963374442
Africa Eastern and Southern,AFE,2019,4200.53104400094
Africa Eastern and Southern,AFE,2020,3978.13350151887
Africa Eastern and Southern,AFE,2021,4049.96951303993
Africa Eastern and Southern,AFE,2022,4098.12619221564
Africa Eastern and Southern,AFE,2023,4076.22489796629
Africa Eastern and Southern,AFE,2024,4099.88981217493
Afghanistan,AFG,1960,
Afghanistan,AFG,1961,
Afghanistan,AFG,1962,
Afghanistan,AFG,1963,
Afghanistan,AFG,1964,
Afghanistan,AFG,1965,
Afghanistan,AFG,1966,
Afghanistan,AFG,1967,
Afghanistan,AFG,1968,
Afghanistan,AFG,1969,
Afghanistan,AFG,1970,
Afghanistan,AFG,1971,
Afghanistan,AFG,1972,
Afghanistan,AFG,1973,
Afghanistan,AFG,1974,
Afghanistan,AFG,1975,
Afghanistan,AFG,1976,
Afghanistan,AFG,1977,
Afghanistan,AFG,1978,
Afghanistan,AFG,1979,
Afghanistan,AFG,1980,
Afghanistan,AFG,1981,
Afghanistan,AFG,1982,
Afghanistan,AFG,1983,
Afghanistan,AFG,1984,
Afghanistan,AFG,1985,
Afghanistan,AFG,1986,
Afghanistan,AFG,1987,
Afghanistan,AFG,1988,
Afghanistan,AFG,1989,
Afghanistan,AFG,1990,
Afghanistan,AFG,1991,
Afghanistan,AFG,1992,
Afghanistan,AFG,1993,
Afghanistan,AFG,1994,
Afghanistan,AFG,1995,
Afghanistan,AFG,1996,
Afghanistan,AFG,1997,
Afghanistan,AFG,1998,
Afghanistan,AFG,1999,
Afghanistan,AFG,2000,1617.82647494969
Afghanistan,AFG,2001,1454.11078195559
Afghanistan,AFG,2002,1774.30874287341
Afghanistan,AFG,2003,1815.92819979586
Afghanistan,AFG,2004,1776.91820712187
Afghanistan,AFG,2005,1908.11478234587
Afghanistan,AFG,2006,1929.72389709372
Afghanistan,AFG,2007,2155.35306784413
Afghanistan,AFG,2008,2191.50435559062
Afghanistan,AFG,2009,2565.02208584099
Afghanistan,AFG,2010,2848.58606111495
Afghanistan,AFG,2011,2757.05258747725
Afghanistan,AFG,2012,2985.31914452845
Afghanistan,AFG,2013,3046.57993117128
Afghanistan,AFG,2014,3017.94254424696
Afghanistan,AFG,2015,2967.692067153
Afghanistan,AFG,2016,2958.7853992308
Afghanistan,AFG,2017,2952.99891598909
Afghanistan,AFG,2018,2902.39211285546
Afghanistan,AFG,2019,2927.2451435353
Afghanistan,AFG,2020,2769.68574507111
Afghanistan,AFG,2021,2144.16657002819
Afghanistan,AFG,2022,1981.71016810561
Afghanistan,AFG,2023,1983.81261992909
Afghanistan,AFG,2024,1964.45228895456
Africa Western and Central,AFW,1960,
Africa Western and Central,AFW,1961,
Africa Western and Central,AFW,1962,
Africa Western and Central,AFW,1963,
Africa Western and Central,AFW,1964,
Africa Western and Central,AFW,1965,
Africa Western and Central,AFW,1966,
Africa Western and Central,AFW,1967,
Africa Western and Central,AFW,1968,
Africa Western and Central,AFW,1969,
Africa Western and Central,AFW,1970,
Africa Western and Central,AFW,1971,
Africa Western and Central,AFW,1972,
Africa Western and Central,AFW,1973,
Africa Western and Central,AFW,1974,
Africa Western and Central,AFW,1975,
Africa Western and Central,AFW,1976,
Africa Western and Central,AFW,1977,
Africa Western and Central,AFW,1978,
Africa Western and Central,AFW,1979,
Africa Western and Central,AFW,1980,
Africa Western and Central,AFW,1981,
Africa Western and Central,AFW,1982,
Africa Western and Central,AFW,1983,
Africa Western and Central,AFW,1984,
Africa Western and Central,AFW,1985,
Africa Western and Central,AFW,1986,
Africa Western and Central,AFW,1987,
Africa Western and Central,AFW,1988,
Africa Western and Central,AFW,1989,
Africa Western and Central,AFW,1990,4165.72636252068
Africa Western and Central,AFW,1991,4101.37888894377
Africa Western and Central,AFW,1992,4090.01941740886
Africa Western and Central,AFW,1993,3928.31233108379
Africa Western and Central,AFW,1994,3812.2754133601
Africa Western and Central,AFW,1995,3774.10449511756
Africa Western and Central,AFW,1996,3841.15001765706
Africa Western and Central,AFW,1997,3894.84261146833
Africa Western and Central,AFW,1998,3922.4342238425
Africa Western and Central,AFW,1999,3874.21131764426
Africa Western and Central,AFW,2000,3915.43484958221
Africa Western and Central,AFW,2001,4010.5626021227
Africa Western and Central,AFW,2002,4299.84975097232
Africa Western and Central,AFW,2003,4423.57041270062
Africa Western and Central,AFW,2004,4648.60628015945
Africa Western and Central,AFW,2005,4782.44213997441
Africa Western and Central,AFW,2006,4899.65713639306
Africa Western and Central,AFW,2007,5023.69882254656
Africa Western and Central,AFW,2008,5188.67101371784
Africa Western and Central,AFW,2009,5362.1536063345
Africa Western and Central,AFW,2010,5582.43094395132
Africa Western and Central,AFW,2011,5698.38949989214
Africa Western and Central,AFW,2012,5823.41894631103
Africa Western and Central,AFW,2013,6009.65186054619
Africa Western and Central,AFW,2014,6183.24116217304
Africa Western and Central,AFW,2015,6194.43449404851
Africa Western and Central,AFW,2016,6034.82698886686
Africa Western and Central,AFW,2017,6009.51611369801
Africa Western and Central,AFW,2018,6026.52757172836
Africa Western and Central,AFW,2019,6070.28476944465
Africa Western and Central,AFW,2020,5698.76670161724
Africa Western and Central,AFW,2021,5702.13488630478
Africa Western and Central,AFW,2022,5818.48322357838
Africa Western and Central,AFW,2023,5886.79663594125
Africa Western and Central,AFW,2024,6009.08466240495
Angola,AGO,1960,
Angola,AGO,1961,
Angola,AGO,1962,
Angola,AGO,1963,
Angola,AGO,1964,
Angola,AGO,1965,
Angola,AGO,1966,
Angola,AGO,1967,
Angola,AGO,1968,
Angola,AGO,1969,
Angola,AGO,1970,
Angola,AGO,1971,
Angola,AGO,1972,
Angola,AGO,1973,
Angola,AGO,1974,
Angola,AGO,1975,
Angola,AGO,1976,
Angola,AGO,1977,
Angola,AGO,1978,
Angola,AGO,1979,
Angola,AGO,1980,
Angola,AGO,1981,
Angola,AGO,1982,
Angola,AGO,1983,
Angola,AGO,1984,
Angola,AGO,1985,
Angola,AGO,1986,
Angola,AGO,1987,
Angola,AGO,1988,
Angola,AGO,1989,
Angola,AGO,1990,8366.41271626349
Angola,AGO,1991,8170.24939362119
Angola,AGO,1992,7445.43836708148
Angola,AGO,1993,5481.76386792194
Angola,AGO,1994,5377.99034967929
Angola,AGO,1995,5981.53257569901
Angola,AGO,1996,6565.86479361918
Angola,AGO,1997,6808.33628106109
Angola,AGO,1998,6893.12265289502
Angola,AGO,1999,6815.17530603212
Angola,AGO,2000,6794.53021072097
Angola,AGO,2001,6846.79269543978
Angola,AGO,2002,7521.73598754911
Angola,AGO,2003,7516.81391491319
Angola,AGO,2004,8079.52613328266
Angola,AGO,2005,8892.92106099154
Angola,AGO,2006,9586.17542123825
Angola,AGO,2007,10434.7087224445
Angola,AGO,2008,11131.6310145389
Angola,AGO,2009,10930.2531201205
Angola,AGO,2010,11074.0723813984
Angola,AGO,2011,11034.5919687814
Angola,AGO,2012,11516.8133246588
Angola,AGO,2013,11622.978345524
Angola,AGO,2014,11718.4286832376
Angola,AGO,2015,11389.7609549481
Angola,AGO,2016,10963.9967887173
Angola,AGO,2017,10565.1676483607
Angola,AGO,2018,10154.8389228005
Angola,AGO,2019,9712.97944927269
Angola,AGO,2020,8904.94900580168
Angola,AGO,2021,8720.18768742123
Angola,AGO,2022,8750.99363032299
Angola,AGO,2023,8597.53878787554
Angola,AGO,2024,8752.7974709833
Albania,ALB,1960,
Albania,ALB,1961,
Albania,ALB,1962,
Albania,ALB,1963,
Albania,ALB,1964,
Albania,ALB,1965,
Albania,ALB,1966,
Albania,ALB,1967,
Albania,ALB,1968,
Albania,ALB,1969,
Albania,ALB,1970,
Albania,ALB,1971,
Albania,ALB,1972,
Albania,ALB,1973,
Albania,ALB,1974,
Albania,ALB,1975,
Albania,ALB,1976,
Albania,ALB,1977,
Albania,ALB,1978,
Albania,ALB,1979,
Albania,ALB,1980,
Albania,ALB,1981,
Albania,ALB,1982,
Albania,ALB,1983,
Albania,ALB,1984,
Albania,ALB,1985,
Albania,ALB,1986,
Albania,ALB,1987,
Albania,ALB,1988,
Albania,ALB,1989,
Albania,ALB,1990,5560.8339349099
Albania,ALB,1991,4027.88880714791
Albania,ALB,1992,3761.13980833495
Albania,ALB,1993,4145.90250530525
Albania,ALB,1994,4517.78007862677
Albania,ALB,1995,5151.37596211047
Albania,ALB,1996,5563.77007788975
Albania,ALB,1997,4942.98350018006
Albania,ALB,1998,5387.54588745977
Albania,ALB,1999,6085.98339706701
Albania,ALB,2000,6581.98909242849
Albania,ALB,2001,7232.96055449664
Albania,ALB,2002,7590.45852377781
Albania,ALB,2003,8025.2480324802
Albania,ALB,2004,8483.25881549279
Albania,ALB,2005,8964.28082219496
Albania,ALB,2006,9563.98954154527
Albania,ALB,2007,10262.9242359026
Albania,ALB,2008,11056.3059173381
Albania,ALB,2009,11430.5746310655
Albania,ALB,2010,11829.0042369631
Albania,ALB,2011,12153.0636591785
Albania,ALB,2012,12463.518369846
Albania,ALB,2013,12873.4298184073
Albania,ALB,2014,13366.5040948145
Albania,ALB,2015,13876.7616296598
Albania,ALB,2016,14643.4285614716
Albania,ALB,2017,15359.3974577025
Albania,ALB,2018,16170.9234325287
Albania,ALB,2019,16761.1230178682
Albania,ALB,2020,16457.7189744991
Albania,ALB,2021,18212.794718288
Albania,ALB,2022,19388.7927279351
Albania,ALB,2023,20501.6470726741
Albania,ALB,2024,21640.9835773271
Andorra,AND,1960,
Andorra,AND,1961,
Andorra,AND,1962,
Andorra,AND,1963,
Andorra,AND,1964,
Andorra,AND,1965,
Andorra,AND,1966,
Andorra,AND,1967,
Andorra,AND,1968,
Andorra,AND,1969,
Andorra,AND,1970,
Andorra,AND,1971,
Andorra,AND,1972,
Andorra,AND,1973,
Andorra,AND,1974,
Andorra,AND,1975,
Andorra,AND,1976,
Andorra,AND,1977,
Andorra,AND,1978,
Andorra,AND,1979,
Andorra,AND,1980,
Andorra,AND,1981,
Andorra,AND,1982,
Andorra,AND,1983,
Andorra,AND,1984,
Andorra,AND,1985,
Andorra,AND,1986,
Andorra,AND,1987,
Andorra,AND,1988,
Andorra,AND,1989,
Andorra,AND,1990,50036.3007757561
Andorra,AND,1991,47624.9668573542
Andorra,AND,1992,45246.53307101
Andorra,AND,1993,42605.6595832451
Andorra,AND,1994,42716.3656354
Andorra,AND,1995,44375.0247238159
Andorra,AND,1996,46386.0912022485
Andorra,AND,1997,50032.3529125128
Andorra,AND,1998,51092.2222352218
Andorra,AND,1999,52921.0452609846
Andorra,AND,2000,54809.1441679423
Andorra,AND,2001,59109.0136806378
Andorra,AND,2002,61188.6370851474
Andorra,AND,2003,63656.1958332184
Andorra,AND,2004,64353.4858113531
Andorra,AND,2005,65114.8053663021
Andorra,AND,2006,66390.293726491
Andorra,AND,2007,65534.1168555171
Andorra,AND,2008,60691.6051530637
Andorra,AND,2009,57203.9708883731
Andorra,AND,2010,58285.0577756981
Andorra,AND,2011,60470.4662377044
Andorra,AND,2012,58172.1323929474
Andorra,AND,2013,57332.1585611366
Andorra,AND,2014,59929.2444670501
Andorra,AND,2015,62105.1542389675
Andorra,AND,2016,64402.8092369468
Andorra,AND,2017,63239.6577711911
Andorra,AND,2018,63048.5985572834
Andorra,AND,2019,63215.899791913
Andorra,AND,2020,55488.4902991095
Andorra,AND,2021,59332.2029100127
Andorra,AND,2022,63913.3835079105
Andorra,AND,2023,64631.2963909271
Andorra,AND,2024,66232.7444195598
Arab World,ARB,1960,
Arab World,ARB,1961,
Arab World,ARB,1962,
Arab World,ARB,1963,
Arab World,ARB,1964,
Arab World,ARB,1965,
Arab World,ARB,1966,
Arab World,ARB,1967,
Arab World,ARB,1968,
Arab World,ARB,1969,
Arab World,ARB,1970,
Arab World,ARB,1971,
Arab World,ARB,1972,
Arab World,ARB,1973,
Arab World,ARB,1974,
Arab World,ARB,1975,
Arab World,ARB,1976,
Arab World,ARB,1977,
Arab World,ARB,1978,
Arab World,ARB,1979,
Arab World,ARB,1980,
Arab World,ARB,1981,
Arab World,ARB,1982,
Arab World,ARB,1983,
Arab World,ARB,1984,
Arab World,ARB,1985,
Arab World,ARB,1986,
Arab World,ARB,1987,
Arab World,ARB,1988,
Arab World,ARB,1989,
Arab World,ARB,1990,11355.1718407217
Arab World,ARB,1991,10925.4803164734
Arab World,ARB,1992,11328.2831751529
Arab World,ARB,1993,11373.8756110002
Arab World,ARB,1994,11407.5799459782
Arab World,ARB,1995,11439.965235048
Arab World,ARB,1996,11727.9176909663
Arab World,ARB,1997,12060.4162710899
Arab World,ARB,1998,12414.0808971918
Arab World,ARB,1999,12498.0448761006
Arab World,ARB,2000,12951.1488357919
Arab World,ARB,2001,12942.2801233206
Arab World,ARB,2002,12809.5386646405
Arab World,ARB,2003,12908.1785746866
Arab World,ARB,2004,13743.6011136095
Arab World,ARB,2005,14138.3873353854
Arab World,ARB,2006,14630.4079863564
Arab World,ARB,2007,14935.5647106518
Arab World,ARB,2008,15396.8318989782
Arab World,ARB,2009,15212.2519061915
Arab World,ARB,2010,15618.615472912
Arab World,ARB,2011,15945.1823698333
Arab World,ARB,2012,16186.2739403861
Arab World,ARB,2013,16119.4564896044
Arab World,ARB,2014,16172.6351171803
Arab World,ARB,2015,16397.4908780979
Arab World,ARB,2016,16632.4297723251
Arab World,ARB,2017,16568.8021684707
Arab World,ARB,2018,16749.8977688889
Arab World,ARB,2019,16808.651930358
Arab World,ARB,2020,15768.0410516828
Arab World,ARB,2021,16194.2304401674
Arab World,ARB,2022,16933.1685957842
Arab World,ARB,2023,16830.7594854659
Arab World,ARB,2024,16802.4292966747
United Arab Emirates,ARE,1960,
United Arab Emirates,ARE,1961,
United Arab Emirates,ARE,1962,
United Arab Emirates,ARE,1963,
United Arab Emirates,ARE,1964,
United Arab Emirates,ARE,1965,
United Arab Emirates,ARE,1966,
United Arab Emirates,ARE,1967,
United Arab Emirates,ARE,1968,
United Arab Emirates,ARE,1969,
United Arab Emirates,ARE,1970,
United Arab Emirates,ARE,1971,
United Arab Emirates,ARE,1972,
United Arab Emirates,ARE,1973,
United Arab Emirates,ARE,1974,
United Arab Emirates,ARE,1975,
United Arab Emirates,ARE,1976,
United Arab Emirates,ARE,1977,
United Arab Emirates,ARE,1978,
United Arab Emirates,ARE,1979,
United Arab Emirates,ARE,1980,
United Arab Emirates,ARE,1981,
United Arab Emirates,ARE,1982,
United Arab Emirates,ARE,1983,
United Arab Emirates,ARE,1984,
United Arab Emirates,ARE,1985,
United Arab Emirates,ARE,1986,
United Arab Emirates,ARE,1987,
United Arab Emirates,ARE,1988,
United Arab Emirates,ARE,1989,
United Arab Emirates,ARE,1990,111376.984373425
United Arab Emirates,ARE,1991,106266.157625225
United Arab Emirates,ARE,1992,104207.059133554
United Arab Emirates,ARE,1993,100422.832470477
United Arab Emirates,ARE,1994,102456.239942581
United Arab Emirates,ARE,1995,104527.848240577
United Arab Emirates,ARE,1996,103653.542710104
United Arab Emirates,ARE,1997,103392.379457138
United Arab Emirates,ARE,1998,96088.6587271972
United Arab Emirates,ARE,1999,92047.6104655985
United Arab Emirates,ARE,2000,95390.8328858321
United Arab Emirates,ARE,2001,90750.3257926454
United Arab Emirates,ARE,2002,87479.1545350862
United Arab Emirates,ARE,2003,89828.493399274
United Arab Emirates,ARE,2004,93166.1568863784
United Arab Emirates,ARE,2005,92750.9226341994
United Arab Emirates,ARE,2006,94872.5121329578
United Arab Emirates,ARE,2007,87180.6001633546
United Arab Emirates,ARE,2008,80285.1613062103
United Arab Emirates,ARE,2009,71488.9696792101
United Arab Emirates,ARE,2010,70913.7569272495
United Arab Emirates,ARE,2011,73190.4056300014
United Arab Emirates,ARE,2012,73644.0549928884
United Arab Emirates,ARE,2013,74237.2038000319
United Arab Emirates,ARE,2014,74145.1175448951
United Arab Emirates,ARE,2015,75238.5571858454
United Arab Emirates,ARE,2016,75671.036861385
United Arab Emirates,ARE,2017,72529.0423512365
United Arab Emirates,ARE,2018,72671.0787288764
United Arab Emirates,ARE,2019,72822.9466438922
United Arab Emirates,ARE,2020,66808.6209256028
United Arab Emirates,ARE,2021,68580.1312912676
United Arab Emirates,ARE,2022,70075.63837395
United Arab Emirates,ARE,2023,70239.8328337228
United Arab Emirates,ARE,2024,69701.785835525
Argentina,ARG,1960,
Argentina,ARG,1961,
Argentina,ARG,1962,
Argentina,ARG,1963,
Argentina,ARG,1964,
Argentina,ARG,1965,
Argentina,ARG,1966,
Argentina,ARG,1967,
Argentina,ARG,1968,
Argentina,ARG,1969,
Argentina,ARG,1970,
Argentina,ARG,1971,
Argentina,ARG,1972,
Argentina,ARG,1973,
Argentina,ARG,1974,
Argentina,ARG,1975,
Argentina,ARG,1976,
Argentina,ARG,1977,
Argentina,ARG,1978,
Argentina,ARG,1979,
Argentina,ARG,1980,
Argentina,ARG,1981,
Argentina,ARG,1982,
Argentina,ARG,1983,
Argentina,ARG,1984,
Argentina,ARG,1985,
Argentina,ARG,1986,
Argentina,ARG,1987,
Argentina,ARG,1988,
Argentina,ARG,1989,
Argentina,ARG,1990,17007.2844317191
Argentina,ARG,1991,18295.6091996812
Argentina,ARG,1992,19476.2840606477
Argentina,ARG,1993,20791.3451479504
Argentina,ARG,1994,21711.842788091
Argentina,ARG,1995,20819.4999479903
Argentina,ARG,1996,21695.5949515372
Argentina,ARG,1997,23172.1583398342
Argentina,ARG,1998,23783.1017185449
Argentina,ARG,1999,22714.5111302701
Argentina,ARG,2000,22281.3814299958
Argentina,ARG,2001,21066.4581290433
Argentina,ARG,2002,18571.7020471274
Argentina,ARG,2003,20005.1385113465
Argentina,ARG,2004,21591.449396517
Argentina,ARG,2005,23262.4075792816
Argentina,ARG,2006,24877.2493922296
Argentina,ARG,2007,26850.6645932771
Argentina,ARG,2008,27658.4853446831
Argentina,ARG,2009,25747.1976809995
Argentina,ARG,2010,28056.2570212342
Argentina,ARG,2011,29425.7593876084
Argentina,ARG,2012,28825.9666865361
Argentina,ARG,2013,29227.6601818437
Argentina,ARG,2014,28200.8152571318
Argentina,ARG,2015,28669.2061336796
Argentina,ARG,2016,27802.1057201498
Argentina,ARG,2017,28334.904184742
Argentina,ARG,2018,27367.115094108
Argentina,ARG,2019,26629.5529419501
Argentina,ARG,2020,23877.0931404855
Argentina,ARG,2021,26300.274261175
Argentina,ARG,2022,27825.0273492567
Argentina,ARG,2023,27230.3968496682
Argentina,ARG,2024,26771.9657650571
Armenia,ARM,1960,
Armenia,ARM,1961,
Armenia,ARM,1962,
Armenia,ARM,1963,
Armenia,ARM,1964,
Armenia,ARM,1965,
Armenia,ARM,1966,
Armenia,ARM,1967,
Armenia,ARM,1968,
Armenia,ARM,1969,
Armenia,ARM,1970,
Armenia,ARM,1971,
Armenia,ARM,1972,
Armenia,ARM,1973,
Armenia,ARM,1974,
Armenia,ARM,1975,
Armenia,ARM,1976,
Armenia,ARM,1977,
Armenia,ARM,1978,
Armenia,ARM,1979,
Armenia,ARM,1980,
Armenia,ARM,1981,
Armenia,ARM,1982,
Armenia,ARM,1983,
Armenia,ARM,1984,
Armenia,ARM,1985,
Armenia,ARM,1986,
Armenia,ARM,1987,
Armenia,ARM,1988,
Armenia,ARM,1989,
Armenia,ARM,1990,6137.60045786761
Armenia,ARM,1991,5326.75285558236
Armenia,ARM,1992,3136.72428260526
Armenia,ARM,1993,2958.88037185647
Armenia,ARM,1994,3200.89649468569
Armenia,ARM,1995,3480.7559365251
Armenia,ARM,1996,3717.33576522762
Armenia,ARM,1997,3879.17938009678
Armenia,ARM,1998,4211.51276778797
Armenia,ARM,1999,4406.96706718618
Armenia,ARM,2000,4589.00825039977
Armenia,ARM,2001,5044.11647826468
Armenia,ARM,2002,5731.35346609213
Armenia,ARM,2003,6569.26023440631
Armenia,ARM,2004,7299.40001858866
Armenia,ARM,2005,8362.90084037119
Armenia,ARM,2006,9525.23146779778
Armenia,ARM,2007,10898.8483795634
Armenia,ARM,2008,11727.4821272949
Armenia,ARM,2009,10143.2350796867
Armenia,ARM,2010,10438.5641904169
Armenia,ARM,2011,10990.177099035
Armenia,ARM,2012,11796.2741177994
Armenia,ARM,2013,12194.0189523843
Armenia,ARM,2014,12667.3757330249
Armenia,ARM,2015,13112.7600902915
Armenia,ARM,2016,13192.9940731731
Armenia,ARM,2017,14243.8749003795
Armenia,ARM,2018,15037.0452420712
Armenia,ARM,2019,16215.3607965094
Armenia,ARM,2020,15052.9359791136
Armenia,ARM,2021,15921.705281964
Armenia,ARM,2022,17886.1783877168
Armenia,ARM,2023,19402.7510915578
Armenia,ARM,2024,20078.7848984844
American Samoa,ASM,1960,
American Samoa,ASM,1961,
American Samoa,ASM,1962,
American Samoa,ASM,1963,
American Samoa,ASM,1964,
American Samoa,ASM,1965,
American Samoa,ASM,1966,
American Samoa,ASM,1967,
American Samoa,ASM,1968,
American Samoa,ASM,1969,
American Samoa,ASM,1970,
American Samoa,ASM,1971,
American Samoa,ASM,1972,
American Samoa,ASM,1973,
American Samoa,ASM,1974,
American Samoa,ASM,1975,
American Samoa,ASM,1976,
American Samoa,ASM,1977,
American Samoa,ASM,1978,
American Samoa,ASM,1979,
American Samoa,ASM,1980,
American Samoa,ASM,1981,
American Samoa,ASM,1982,
American Samoa,ASM,1983,
American Samoa,ASM,1984,
American Samoa,ASM,1985,
American Samoa,ASM,1986,
American Samoa,ASM,1987,
American Samoa,ASM,1988,
American Samoa,ASM,1989,
American Samoa,ASM,1990,
American Samoa,ASM,1991,
American Samoa,ASM,1992,
American Samoa,ASM,1993,
American Samoa,ASM,1994,
American Samoa,ASM,1995,
American Samoa,ASM,1996,
American Samoa,ASM,1997,
American Samoa,ASM,1998,
American Samoa,ASM,1999,
American Samoa,ASM,2000,
American Samoa,ASM,2001,
American Samoa,ASM,2002,
American Samoa,ASM,2003,
American Samoa,ASM,2004,
American Samoa,ASM,2005,
American Samoa,ASM,2006,
American Samoa,ASM,2007,
American Samoa,ASM,2008,
American Samoa,ASM,2009,
American Samoa,ASM,2010,
American Samoa,ASM,2011,
American Samoa,ASM,2012,
American Samoa,ASM,2013,
American Samoa,ASM,2014,
American Samoa,ASM,2015,
American Samoa,ASM,2016,
American Samoa,ASM,2017,
American Samoa,ASM,2018,
American Samoa,ASM,2019,
American Samoa,ASM,2020,
American Samoa,ASM,2021,
American Samoa,ASM,2022,
American Samoa,ASM,2023,
American Samoa,ASM,2024,
Antigua and Barbuda,ATG,1960,
Antigua and Barbuda,ATG,1961,
Antigua and Barbuda,ATG,1962,
Antigua and Barbuda,ATG,1963,
Antigua and Barbuda,ATG,1964,
Antigua and Barbuda,ATG,1965,
Antigua and Barbuda,ATG,1966,
Antigua and Barbuda,ATG,1967,
Antigua and Barbuda,ATG,1968,
Antigua and Barbuda,ATG,1969,
Antigua and Barbuda,ATG,1970,
Antigua and Barbuda,ATG,1971,
Antigua and Barbuda,ATG,1972,
Antigua and Barbuda,ATG,1973,
Antigua and Barbuda,ATG,1974,
Antigua and Barbuda,ATG,1975,
Antigua and Barbuda,ATG,1976,
Antigua and Barbuda,ATG,1977,
Antigua and Barbuda,ATG,1978,
Antigua and Barbuda,ATG,1979,
Antigua and Barbuda,ATG,1980,
Antigua and Barbuda,ATG,1981,
Antigua and Barbuda,ATG,1982,
Antigua and Barbuda,ATG,1983,
Antigua and Barbuda,ATG,1984,
Antigua and Barbuda,ATG,1985,
Antigua and Barbuda,ATG,1986,
Antigua and Barbuda,ATG,1987,
Antigua and Barbuda,ATG,1988,
Antigua and Barbuda,ATG,1989,
Antigua and Barbuda,ATG,1990,21074.57643609
Antigua and Barbuda,ATG,1991,21424.2911871461
Antigua and Barbuda,ATG,1992,21330.2731918527
Antigua and Barbuda,ATG,1993,22051.4373204261
Antigua and Barbuda,ATG,1994,23081.6639123529
Antigua and Barbuda,ATG,1995,21639.6020640854
Antigua and Barbuda,ATG,1996,22597.314506816
Antigua and Barbuda,ATG,1997,23350.3093865169
Antigua and Barbuda,ATG,1998,23996.1144041367
Antigua and Barbuda,ATG,1999,24462.2034022412
Antigua and Barbuda,ATG,2000,25547.6120273679
Antigua and Barbuda,ATG,2001,24014.7754593511
Antigua and Barbuda,ATG,2002,23958.1638142071
Antigua and Barbuda,ATG,2003,25136.001691807
Antigua and Barbuda,ATG,2004,26303.6179046605
Antigua and Barbuda,ATG,2005,27692.634871178
Antigua and Barbuda,ATG,2006,30827.3416754916
Antigua and Barbuda,ATG,2007,33245.2678606765
Antigua and Barbuda,ATG,2008,32756.3067839753
Antigua and Barbuda,ATG,2009,28405.6900929523
Antigua and Barbuda,ATG,2010,25826.6086383235
Antigua and Barbuda,ATG,2011,25023.9174488179
Antigua and Barbuda,ATG,2012,25592.9066121735
Antigua and Barbuda,ATG,2013,25206.8458285339
Antigua and Barbuda,ATG,2014,25557.5249124716
Antigua and Barbuda,ATG,2015,25734.1516444171
Antigua and Barbuda,ATG,2016,26627.71453894
Antigua and Barbuda,ATG,2017,27199.1952402262
Antigua and Barbuda,ATG,2018,28878.6067675471
Antigua and Barbuda,ATG,2019,29651.8641526705
Antigua and Barbuda,ATG,2020,23930.6714995115
Antigua and Barbuda,ATG,2021,25745.4958067746
Antigua and Barbuda,ATG,2022,27785.5572316838
Antigua and Barbuda,ATG,2023,28712.3970492192
Antigua and Barbuda,ATG,2024,29298.6474164727
Australia,AUS,1960,
Australia,AUS,1961,
Australia,AUS,1962,
Australia,AUS,1963,
Australia,AUS,1964,
Australia,AUS,1965,
Australia,AUS,1966,
Australia,AUS,1967,
Australia,AUS,1968,
Australia,AUS,1969,
Australia,AUS,1970,
Australia,AUS,1971,
Australia,AUS,1972,
Australia,AUS,1973,
Australia,AUS,1974,
Australia,AUS,1975,
Australia,AUS,1976,
Australia,AUS,1977,
Australia,AUS,1978,
Australia,AUS,1979,
Australia,AUS,1980,
Australia,AUS,1981,
Australia,AUS,1982,
Australia,AUS,1983,
Australia,AUS,1984,
Australia,AUS,1985,
Australia,AUS,1986,
Australia,AUS,1987,
Australia,AUS,1988,
Australia,AUS,1989,
Australia,AUS,1990,36267.7410592234
Australia,AUS,1991,35670.6678637309
Australia,AUS,1992,35426.2848289008
Australia,AUS,1993,36533.1468283451
Australia,AUS,1994,37622.6524772939
Australia,AUS,1995,38653.3366778657
Australia,AUS,1996,39663.1617728168
Australia,AUS,1997,40773.5660516518
Australia,AUS,1998,42257.1718122395
Australia,AUS,1999,43899.073794405
Australia,AUS,2000,45099.0752097084
Australia,AUS,2001,45428.2000837579
Australia,AUS,2002,46688.3947760633
Australia,AUS,2003,47581.2285345879
Australia,AUS,2004,49061.2761503925
Australia,AUS,2005,49997.0664953941
Australia,AUS,2006,50693.7248649798
Australia,AUS,2007,51663.2403953881
Australia,AUS,2008,52473.3819160773
Australia,AUS,2009,52407.9115378584
Australia,AUS,2010,52739.2681556133
Australia,AUS,2011,53257.0473237603
Australia,AUS,2012,54403.8836902433
Australia,AUS,2013,54895.0052588984
Australia,AUS,2014,55489.068844146
Australia,AUS,2015,55879.9958817103
Australia,AUS,2016,56529.951824687
Australia,AUS,2017,56881.8569859104
Australia,AUS,2018,57647.8455068105
Australia,AUS,2019,58048.6188420831
Australia,AUS,2020,57260.4650530108
Australia,AUS,2021,58327.4146842325
Australia,AUS,2022,60029.1329190733
Australia,AUS,2023,60684.9596204883
Australia,AUS,2024,60309.5831772339
Austria,AUT,1960,
Austria,AUT,1961,
Austria,AUT,1962,
Austria,AUT,1963,
Austria,AUT,1964,
Austria,AUT,1965,
Austria,AUT,1966,
Austria,AUT,1967,
Austria,AUT,1968,
Austria,AUT,1969,
Austria,AUT,1970,
Austria,AUT,1971,
Austria,AUT,1972,
Austria,AUT,1973,
Austria,AUT,1974,
Austria,AUT,1975,
Austria,AUT,1976,
Austria,AUT,1977,
Austria,AUT,1978,
Austria,AUT,1979,
Austria,AUT,1980,
Austria,AUT,1981,
Austria,AUT,1982,
Austria,AUT,1983,
Austria,AUT,1984,
Austria,AUT,1985,
Austria,AUT,1986,
Austria,AUT,1987,
Austria,AUT,1988,
Austria,AUT,1989,
Austria,AUT,1990,43258.1144095785
Austria,AUT,1991,44302.3593080223
Austria,AUT,1992,44734.7911157679
Austria,AUT,1993,44601.1442274518
Austria,AUT,1994,45497.074754296
Austria,AUT,1995,46639.4667421613
Austria,AUT,1996,47608.5642962955
Austria,AUT,1997,48575.090714407
Austria,AUT,1998,50216.6282284105
Austria,AUT,1999,52004.459782806
Austria,AUT,2000,53534.2669894259
Austria,AUT,2001,54032.075746659
Austria,AUT,2002,54565.0004227482
Austria,AUT,2003,54919.7101911513
Austria,AUT,2004,55980.1531665622
Austria,AUT,2005,56890.1996184204
Austria,AUT,2006,58460.1550504163
Austria,AUT,2007,60470.825141587
Austria,AUT,2008,61157.9014974191
Austria,AUT,2009,58810.3596828696
Austria,AUT,2010,59730.4673903053
Austria,AUT,2011,61272.1724662899
Austria,AUT,2012,61376.6345930428
Austria,AUT,2013,60862.9693673785
Austria,AUT,2014,60845.5743980711
Austria,AUT,2015,60951.6037273662
Austria,AUT,2016,61572.6257402404
Austria,AUT,2017,62535.8105711345
Austria,AUT,2018,63777.9362157476
Austria,AUT,2019,64609.2836396895
Austria,AUT,2020,60276.3307697326
Austria,AUT,2021,62968.8538770186
Austria,AUT,2022,65694.4591501468
Austria,AUT,2023,64536.2076307547
Austria,AUT,2024,63787.9891749462
Azerbaijan,AZE,1960,
Azerbaijan,AZE,1961,
Azerbaijan,AZE,1962,
Azerbaijan,AZE,1963,
Azerbaijan,AZE,1964,
Azerbaijan,AZE,1965,
Azerbaijan,AZE,1966,
Azerbaijan,AZE,1967,
Azerbaijan,AZE,1968,
Azerbaijan,AZE,1969,
Azerbaijan,AZE,1970,
Azerbaijan,AZE,1971,
Azerbaijan,AZE,1972,
Azerbaijan,AZE,1973,
Azerbaijan,AZE,1974,
Azerbaijan,AZE,1975,
Azerbaijan,AZE,1976,
Azerbaijan,AZE,1977,
Azerbaijan,AZE,1978,
Azerbaijan,AZE,1979,
Azerbaijan,AZE,1980,
Azerbaijan,AZE,1981,
Azerbaijan,AZE,1982,
Azerbaijan,AZE,1983,
Azerbaijan,AZE,1984,
Azerbaijan,AZE,1985,
Azerbaijan,AZE,1986,
Azerbaijan,AZE,1987,
Azerbaijan,AZE,1988,
Azerbaijan,AZE,1989,
Azerbaijan,AZE,1990,10776.0677018086
Azerbaijan,AZE,1991,10559.2119361527
Azerbaijan,AZE,1992,8050.21624195194
Azerbaijan,AZE,1993,6097.48622316834
Azerbaijan,AZE,1994,4830.69940287626
Azerbaijan,AZE,1995,4211.72114349636
Azerbaijan,AZE,1996,4223.5229711304
Azerbaijan,AZE,1997,4425.5882352872
Azerbaijan,AZE,1998,4822.1601856452
Azerbaijan,AZE,1999,5133.74812032569
Azerbaijan,AZE,2000,5656.92989378687
Azerbaijan,AZE,2001,6168.98512059749
Azerbaijan,AZE,2002,6701.08174444207
Azerbaijan,AZE,2003,7329.40601818943
Azerbaijan,AZE,2004,7937.8594791002
Azerbaijan,AZE,2005,10054.1003389401
Azerbaijan,AZE,2006,13371.6585214534
Azerbaijan,AZE,2007,16587.3657240228
Azerbaijan,AZE,2008,17963.0208126838
Azerbaijan,AZE,2009,19242.3900077231
Azerbaijan,AZE,2010,19925.3900662137
Azerbaijan,AZE,2011,19358.0778100345
Azerbaijan,AZE,2012,19523.3737161356
Azerbaijan,AZE,2013,20398.6462250349
Azerbaijan,AZE,2014,20709.201611232
Azerbaijan,AZE,2015,20678.7539572375
Azerbaijan,AZE,2016,19822.4105943941
Azerbaijan,AZE,2017,19659.0048562768
Azerbaijan,AZE,2018,19781.8509058437
Azerbaijan,AZE,2019,20101.491875147
Azerbaijan,AZE,2020,19126.096851126
Azerbaijan,AZE,2021,20111.3756952109
Azerbaijan,AZE,2022,21051.2442291612
Azerbaijan,AZE,2023,21310.7386915022
Azerbaijan,AZE,2024,22090.5298026929
Burundi,BDI,1960,
Burundi,BDI,1961,
Burundi,BDI,1962,
Burundi,BDI,1963,
Burundi,BDI,1964,
Burundi,BDI,1965,
Burundi,BDI,1966,
Burundi,BDI,1967,
Burundi,BDI,1968,
Burundi,BDI,1969,
Burundi,BDI,1970,
Burundi,BDI,1971,
Burundi,BDI,1972,
Burundi,BDI,1973,
Burundi,BDI,1974,
Burundi,BDI,1975,
Burundi,BDI,1976,
Burundi,BDI,1977,
Burundi,BDI,1978,
Burundi,BDI,1979,
Burundi,BDI,1980,
Burundi,BDI,1981,
Burundi,BDI,1982,
Burundi,BDI,1983,
Burundi,BDI,1984,
Burundi,BDI,1985,
Burundi,BDI,1986,
Burundi,BDI,1987,
Burundi,BDI,1988,
Burundi,BDI,1989,
Burundi,BDI,1990,1455.82622509445
Burundi,BDI,1991,1497.26901418268
Burundi,BDI,1992,1472.49317307891
Burundi,BDI,1993,1424.76600804187
Burundi,BDI,1994,1361.32213320803
Burundi,BDI,1995,1180.67488724146
Burundi,BDI,1996,1085.47116215302
Burundi,BDI,1997,1068.29382590126
Burundi,BDI,1998,1097.86451761348
Burundi,BDI,1999,1061.04411459842
Burundi,BDI,2000,1030.32234706616
Burundi,BDI,2001,1025.48374929263
Burundi,BDI,2002,1041.29719140875
Burundi,BDI,2003,996.569433908385
Burundi,BDI,2004,1006.51241783279
Burundi,BDI,2005,978.5419608465
Burundi,BDI,2006,995.027813698961
Burundi,BDI,2007,991.931411319069
Burundi,BDI,2008,998.565055501985
Burundi,BDI,2009,985.184772509514
Burundi,BDI,2010,988.018678716302
Burundi,BDI,2011,991.659881666872
Burundi,BDI,2012,999.220068163159
Burundi,BDI,2013,1011.43131303134
Burundi,BDI,2014,1019.17607398667
Burundi,BDI,2015,992.28580552029
Burundi,BDI,2016,1006.55907385999
Burundi,BDI,2017,1020.8498275719
Burundi,BDI,2018,1043.40558434036
Burundi,BDI,2019,1054.72592734898
Burundi,BDI,2020,1027.62896276744
Burundi,BDI,2021,1032.38274081999
Burundi,BDI,2022,1028.11134640179
Burundi,BDI,2023,1033.00937341776
Burundi,BDI,2024,1048.05557098193
Belgium,BEL,1960,
Belgium,BEL,1961,
Belgium,BEL,1962,
Belgium,BEL,1963,
Belgium,BEL,1964,
Belgium,BEL,1965,
Belgium,BEL,1966,
Belgium,BEL,1967,
Belgium,BEL,1968,
Belgium,BEL,1969,
Belgium,BEL,1970,
Belgium,BEL,1971,
Belgium,BEL,1972,
Belgium,BEL,1973,
Belgium,BEL,1974,
Belgium,BEL,1975,
Belgium,BEL,1976,
Belgium,BEL,1977,
Belgium,BEL,1978,
Belgium,BEL,1979,
Belgium,BEL,1980,
Belgium,BEL,1981,
Belgium,BEL,1982,
Belgium,BEL,1983,
Belgium,BEL,1984,
Belgium,BEL,1985,
Belgium,BEL,1986,
Belgium,BEL,1987,
Belgium,BEL,1988,
Belgium,BEL,1989,
Belgium,BEL,1990,41640.0583572134
Belgium,BEL,1991,42246.0760496851
Belgium,BEL,1992,42719.0486134247
Belgium,BEL,1993,42143.1960612051
Belgium,BEL,1994,43369.275944431
Belgium,BEL,1995,44310.6278688276
Belgium,BEL,1996,44808.5243580352
Belgium,BEL,1997,46396.0021283995
Belgium,BEL,1998,47205.3098527355
Belgium,BEL,1999,48765.7668571998
Belgium,BEL,2000,50455.7338920674
Belgium,BEL,2001,50835.3969916063
Belgium,BEL,2002,51471.8532550934
Belgium,BEL,2003,51788.8439641975
Belgium,BEL,2004,53406.6918625203
Belgium,BEL,2005,54346.8934219288
Belgium,BEL,2006,55367.6227467909
Belgium,BEL,2007,56983.4612170064
Belgium,BEL,2008,56787.7366257416
Belgium,BEL,2009,55258.7071019668
Belgium,BEL,2010,56240.2030936241
Belgium,BEL,2011,56585.302500068
Belgium,BEL,2012,56356.8251292137
Belgium,BEL,2013,56263.175267967
Belgium,BEL,2014,57002.9092185206
Belgium,BEL,2015,57509.0245728704
Belgium,BEL,2016,57901.497690315
Belgium,BEL,2017,58529.3302957537
Belgium,BEL,2018,59357.6896884396
Belgium,BEL,2019,60479.9769955469
Belgium,BEL,2020,57333.5424137924
Belgium,BEL,2021,60669.2137746534
Belgium,BEL,2022,62602.9270469765
Belgium,BEL,2023,63042.0099876309
Belgium,BEL,2024,63311.2766917178
Benin,BEN,1960,
Benin,BEN,1961,
Benin,BEN,1962,
Benin,BEN,1963,
Benin,BEN,1964,
Benin,BEN,1965,
Benin,BEN,1966,
Benin,BEN,1967,
Benin,BEN,1968,
Benin,BEN,1969,
Benin,BEN,1970,
Benin,BEN,1971,
Benin,BEN,1972,
Benin,BEN,1973,
Benin,BEN,1974,
Benin,BEN,1975,
Benin,BEN,1976,
Benin,BEN,1977,
Benin,BEN,1978,
Benin,BEN,1979,
Benin,BEN,1980,
Benin,BEN,1981,
Benin,BEN,1982,
Benin,BEN,1983,
Benin,BEN,1984,
Benin,BEN,1985,
Benin,BEN,1986,
Benin,BEN,1987,
Benin,BEN,1988,
Benin,BEN,1989,
Benin,BEN,1990,2207.06796428357
Benin,BEN,1991,2230.46054664537
Benin,BEN,1992,2226.56666006625
Benin,BEN,1993,2254.24565428893
Benin,BEN,1994,2215.36616821938
Benin,BEN,1995,2300.14122107459
Benin,BEN,1996,2337.63030771279
Benin,BEN,1997,2399.78593127356
Benin,BEN,1998,2419.10014338548
Benin,BEN,1999,2470.68504400549
Benin,BEN,2000,2536.16885867097
Benin,BEN,2001,2591.06485220288
Benin,BEN,2002,2630.18061029627
Benin,BEN,2003,2639.04370114641
Benin,BEN,2004,2672.84404357157
Benin,BEN,2005,2632.47251454328
Benin,BEN,2006,2652.21841967159
Benin,BEN,2007,2729.13741390352
Benin,BEN,2008,2777.61974031765
Benin,BEN,2009,2758.07243150648
Benin,BEN,2010,2733.57399641151
Benin,BEN,2011,2732.01249647957
Benin,BEN,2012,2779.7264808532
Benin,BEN,2013,2893.0467015352
Benin,BEN,2014,2987.38236326153
Benin,BEN,2015,2952.00218338705
Benin,BEN,2016,2962.66381572265
Benin,BEN,2017,3041.77929984989
Benin,BEN,2018,3155.4510650627
Benin,BEN,2019,3281.10470051465
Benin,BEN,2020,3317.8597222557
Benin,BEN,2021,3464.2886286745
Benin,BEN,2022,3588.32519938147
Benin,BEN,2023,3721.21254814808
Benin,BEN,2024,3901.32588494392
Burkina Faso,BFA,1960,
Burkina Faso,BFA,1961,
Burkina Faso,BFA,1962,
Burkina Faso,BFA,1963,
Burkina Faso,BFA,1964,
Burkina Faso,BFA,1965,
Burkina Faso,BFA,1966,
Burkina Faso,BFA,1967,
Burkina Faso,BFA,1968,
Burkina Faso,BFA,1969,
Burkina Faso,BFA,1970,
Burkina Faso,BFA,1971,
Burkina Faso,BFA,1972,
Burkina Faso,BFA,1973,
Burkina Faso,BFA,1974,
Burkina Faso,BFA,1975,
Burkina Faso,BFA,1976,
Burkina Faso,BFA,1977,
Burkina Faso,BFA,1978,
Burkina Faso,BFA,1979,
Burkina Faso,BFA,1980,
Burkina Faso,BFA,1981,
Burkina Faso,BFA,1982,
Burkina Faso,BFA,1983,
Burkina Faso,BFA,1984,
Burkina Faso,BFA,1985,
Burkina Faso,BFA,1986,
Burkina Faso,BFA,1987,
Burkina Faso,BFA,1988,
Burkina Faso,BFA,1989,
Burkina Faso,BFA,1990,1107.85590454965
Burkina Faso,BFA,1991,1178.07704639063
Burkina Faso,BFA,1992,1152.04476095096
Burkina Faso,BFA,1993,1162.64923453351
Burkina Faso,BFA,1994,1148.60721370395
Burkina Faso,BFA,1995,1183.52861008084
Burkina Faso,BFA,1996,1280.69608533889
Burkina Faso,BFA,1997,1326.94230829963
Burkina Faso,BFA,1998,1385.09310679095
Burkina Faso,BFA,1999,1444.56690170414
Burkina Faso,BFA,2000,1428.57400617096
Burkina Faso,BFA,2001,1477.28491846525
Burkina Faso,BFA,2002,1494.67801269583
Burkina Faso,BFA,2003,1561.83310184915
Burkina Faso,BFA,2004,1581.25620933294
Burkina Faso,BFA,2005,1664.99543180023
Burkina Faso,BFA,2006,1714.76034904509
Burkina Faso,BFA,2007,1731.93046335077
Burkina Faso,BFA,2008,1779.32710911571
Burkina Faso,BFA,2009,1779.32305627973
Burkina Faso,BFA,2010,1873.97146230828
Burkina Faso,BFA,2011,1939.86659989406
Burkina Faso,BFA,2012,2003.6646118745
Burkina Faso,BFA,2013,2057.0639319853
Burkina Faso,BFA,2014,2083.19844698304
Burkina Faso,BFA,2015,2101.70266192027
Burkina Faso,BFA,2016,2162.72578977814
Burkina Faso,BFA,2017,2232.28781490944
Burkina Faso,BFA,2018,2316.39432079045
Burkina Faso,BFA,2019,2391.53626844484
Burkina Faso,BFA,2020,2380.93171826574
Burkina Faso,BFA,2021,2486.43093147762
Burkina Faso,BFA,2022,2469.19956941259
Burkina Faso,BFA,2023,2486.20669812871
Burkina Faso,BFA,2024,2548.50247702504
Bangladesh,BGD,1960,
Bangladesh,BGD,1961,
Bangladesh,BGD,1962,
Bangladesh,BGD,1963,
Bangladesh,BGD,1964,
Bangladesh,BGD,1965,
Bangladesh,BGD,1966,
Bangladesh,BGD,1967,
Bangladesh,BGD,1968,
Bangladesh,BGD,1969,
Bangladesh,BGD,1970,
Bangladesh,BGD,1971,
Bangladesh,BGD,1972,
Bangladesh,BGD,1973,
Bangladesh,BGD,1974,
Bangladesh,BGD,1975,
Bangladesh,BGD,1976,
Bangladesh,BGD,1977,
Bangladesh,BGD,1978,
Bangladesh,BGD,1979,
Bangladesh,BGD,1980,
Bangladesh,BGD,1981,
Bangladesh,BGD,1982,
Bangladesh,BGD,1983,
Bangladesh,BGD,1984,
Bangladesh,BGD,1985,
Bangladesh,BGD,1986,
Bangladesh,BGD,1987,
Bangladesh,BGD,1988,
Bangladesh,BGD,1989,
Bangladesh,BGD,1990,2069.78230100672
Bangladesh,BGD,1991,2101.38366035658
Bangladesh,BGD,1992,2174.38232866943
Bangladesh,BGD,1993,2234.8101219225
Bangladesh,BGD,1994,2279.09435302944
Bangladesh,BGD,1995,2351.70387946903
Bangladesh,BGD,1996,2413.54298201505
Bangladesh,BGD,1997,2475.59574602489
Bangladesh,BGD,1998,2555.06119218282
Bangladesh,BGD,1999,2624.06553797638
Bangladesh,BGD,2000,2712.93512215725
Bangladesh,BGD,2001,2803.55471950946
Bangladesh,BGD,2002,2866.43454328715
Bangladesh,BGD,2003,2958.91503115633
Bangladesh,BGD,2004,3071.83778764611
Bangladesh,BGD,2005,3231.61370692891
Bangladesh,BGD,2006,3407.4273502159
Bangladesh,BGD,2007,3608.91543819399
Bangladesh,BGD,2008,3787.9382761855
Bangladesh,BGD,2009,3942.13631207203
Bangladesh,BGD,2010,4125.46390163202
Bangladesh,BGD,2011,4352.42643359325
Bangladesh,BGD,2012,4592.04840919812
Bangladesh,BGD,2013,4822.72621378266
Bangladesh,BGD,2014,5068.63965672741
Bangladesh,BGD,2015,5352.71133299566
Bangladesh,BGD,2016,5682.53553494306
Bangladesh,BGD,2017,6005.70718781048
Bangladesh,BGD,2018,6392.59334024091
Bangladesh,BGD,2019,6838.32611608243
Bangladesh,BGD,2020,7015.19792797056
Bangladesh,BGD,2021,7441.06913961254
Bangladesh,BGD,2022,7888.16389098304
Bangladesh,BGD,2023,8242.39798977242
Bangladesh,BGD,2024,8486.78495660517
Bulgaria,BGR,1960,
Bulgaria,BGR,1961,
Bulgaria,BGR,1962,
Bulgaria,BGR,1963,
Bulgaria,BGR,1964,
Bulgaria,BGR,1965,
Bulgaria,BGR,1966,
Bulgaria,BGR,1967,
Bulgaria,BGR,1968,
Bulgaria,BGR,1969,
Bulgaria,BGR,1970,
Bulgaria,BGR,1971,
Bulgaria,BGR,1972,
Bulgaria,BGR,1973,
Bulgaria,BGR,1974,
Bulgaria,BGR,1975,
Bulgaria,BGR,1976,
Bulgaria,BGR,1977,
Bulgaria,BGR,1978,
Bulgaria,BGR,1979,
Bulgaria,BGR,1980,
Bulgaria,BGR,1981,
Bulgaria,BGR,1982,
Bulgaria,BGR,1983,
Bulgaria,BGR,1984,
Bulgaria,BGR,1985,
Bulgaria,BGR,1986,
Bulgaria,BGR,1987,
Bulgaria,BGR,1988,
Bulgaria,BGR,1989,
Bulgaria,BGR,1990,14954.1346607381
Bulgaria,BGR,1991,13827.4797929492
Bulgaria,BGR,1992,12960.3221276617
Bulgaria,BGR,1993,12870.7386486833
Bulgaria,BGR,1994,13149.3076944164
Bulgaria,BGR,1995,13591.3431083214
Bulgaria,BGR,1996,14372.7715114425
Bulgaria,BGR,1997,12419.3797738056
Bulgaria,BGR,1998,12976.2670026785
Bulgaria,BGR,1999,11953.5983607318
Bulgaria,BGR,2000,12563.8362285253
Bulgaria,BGR,2001,13306.5044553959
Bulgaria,BGR,2002,14397.001318192
Bulgaria,BGR,2003,15271.4839489061
Bulgaria,BGR,2004,16388.9600145841
Bulgaria,BGR,2005,17678.0339712293
Bulgaria,BGR,2006,19024.543813813
Bulgaria,BGR,2007,20440.2525941501
Bulgaria,BGR,2008,21845.954719527
Bulgaria,BGR,2009,21251.2168646802
Bulgaria,BGR,2010,21724.2863457596
Bulgaria,BGR,2011,22321.033168819
Bulgaria,BGR,2012,22618.8104278919
Bulgaria,BGR,2013,22954.396399855
Bulgaria,BGR,2014,23455.4830019277
Bulgaria,BGR,2015,24562.648880929
Bulgaria,BGR,2016,25636.7443903478
Bulgaria,BGR,2017,26691.758001902
Bulgaria,BGR,2018,27690.893655005
Bulgaria,BGR,2019,29149.921509976
Bulgaria,BGR,2020,28521.2062482596
Bulgaria,BGR,2021,30958.9830238332
Bulgaria,BGR,2022,32433.6587569626
Bulgaria,BGR,2023,33073.6803093453
Bulgaria,BGR,2024,34221.3866940362
Bahrain,BHR,1960,
Bahrain,BHR,1961,
Bahrain,BHR,1962,
Bahrain,BHR,1963,
Bahrain,BHR,1964,
Bahrain,BHR,1965,
Bahrain,BHR,1966,
Bahrain,BHR,1967,
Bahrain,BHR,1968,
Bahrain,BHR,1969,
Bahrain,BHR,1970,
Bahrain,BHR,1971,
Bahrain,BHR,1972,
Bahrain,BHR,1973,
Bahrain,BHR,1974,
Bahrain,BHR,1975,
Bahrain,BHR,1976,
Bahrain,BHR,1977,
Bahrain,BHR,1978,
Bahrain,BHR,1979,
Bahrain,BHR,1980,
Bahrain,BHR,1981,
Bahrain,BHR,1982,
Bahrain,BHR,1983,
Bahrain,BHR,1984,
Bahrain,BHR,1985,
Bahrain,BHR,1986,
Bahrain,BHR,1987,
Bahrain,BHR,1988,
Bahrain,BHR,1989,
Bahrain,BHR,1990,41856.54450772
Bahrain,BHR,1991,47644.0234716882
Bahrain,BHR,1992,49511.9474019627
Bahrain,BHR,1993,54433.1375084971
Bahrain,BHR,1994,52886.5789027329
Bahrain,BHR,1995,53537.6828948177
Bahrain,BHR,1996,54289.4380390309
Bahrain,BHR,1997,54512.8551056888
Bahrain,BHR,1998,55638.6935860684
Bahrain,BHR,1999,56522.2261899823
Bahrain,BHR,2000,57968.9956082135
Bahrain,BHR,2001,57280.6986707494
Bahrain,BHR,2002,55096.6571550779
Bahrain,BHR,2003,54431.8763559658
Bahrain,BHR,2004,54045.092888858
Bahrain,BHR,2005,53478.2662415503
Bahrain,BHR,2006,52691.9323366851
Bahrain,BHR,2007,52731.7921672618
Bahrain,BHR,2008,52765.3899455546
Bahrain,BHR,2009,50665.7507489219
Bahrain,BHR,2010,50704.8479679819
Bahrain,BHR,2011,53132.3284162611
Bahrain,BHR,2012,54516.8406594787
Bahrain,BHR,2013,55376.4005147894
Bahrain,BHR,2014,55065.8189472129
Bahrain,BHR,2015,54149.9131524721
Bahrain,BHR,2016,54107.0752236423
Bahrain,BHR,2017,53859.7749589601
Bahrain,BHR,2018,54893.0724411368
Bahrain,BHR,2019,56749.9628370612
Bahrain,BHR,2020,53814.2452592358
Bahrain,BHR,2021,54954.6757895532
Bahrain,BHR,2022,57572.997981018
Bahrain,BHR,2023,57819.9051831242
Bahrain,BHR,2024,59060.1818363183
"Bahamas, The",BHS,1960,
"Bahamas, The",BHS,1961,
"Bahamas, The",BHS,1962,
"Bahamas, The",BHS,1963,
"Bahamas, The",BHS,1964,
"Bahamas, The",BHS,1965,
"Bahamas, The",BHS,1966,
"Bahamas, The",BHS,1967,
"Bahamas, The",BHS,1968,
"Bahamas, The",BHS,1969,
"Bahamas, The",BHS,1970,
"Bahamas, The",BHS,1971,
"Bahamas, The",BHS,1972,
"Bahamas, The",BHS,1973,
"Bahamas, The",BHS,1974,
"Bahamas, The",BHS,1975,
"Bahamas, The",BHS,1976,
"Bahamas, The",BHS,1977,
"Bahamas, The",BHS,1978,
"Bahamas, The",BHS,1979,
"Bahamas, The",BHS,1980,
"Bahamas, The",BHS,1981,
"Bahamas, The",BHS,1982,
"Bahamas, The",BHS,1983,
"Bahamas, The",BHS,1984,
"Bahamas, The",BHS,1985,
"Bahamas, The",BHS,1986,
"Bahamas, The",BHS,1987,
"Bahamas, The",BHS,1988,
"Bahamas, The",BHS,1989,
"Bahamas, The",BHS,1990,33072.1596125382
"Bahamas, The",BHS,1991,31148.9052622825
"Bahamas, The",BHS,1992,29412.8804985919
"Bahamas, The",BHS,1993,28955.3510589021
"Bahamas, The",BHS,1994,29346.3604837079
"Bahamas, The",BHS,1995,30128.1935557246
"Bahamas, The",BHS,1996,30907.8208035756
"Bahamas, The",BHS,1997,30839.0247952491
"Bahamas, The",BHS,1998,31836.5264901331
"Bahamas, The",BHS,1999,33657.804588874
"Bahamas, The",BHS,2000,34597.1621145274
"Bahamas, The",BHS,2001,35072.3658990461
"Bahamas, The",BHS,2002,35610.6786425646
"Bahamas, The",BHS,2003,34740.7635535381
"Bahamas, The",BHS,2004,34617.8051137459
"Bahamas, The",BHS,2005,35365.4663980219
"Bahamas, The",BHS,2006,35789.1322131898
"Bahamas, The",BHS,2007,35797.118972073
"Bahamas, The",BHS,2008,34498.0351399173
"Bahamas, The",BHS,2009,32630.263065979
"Bahamas, The",BHS,2010,32711.4592459383
"Bahamas, The",BHS,2011,32535.6625139135
"Bahamas, The",BHS,2012,33667.5547098911
"Bahamas, The",BHS,2013,32402.9163503108
"Bahamas, The",BHS,2014,32712.6356664811
"Bahamas, The",BHS,2015,32777.5849410742
"Bahamas, The",BHS,2016,32172.3365152976
"Bahamas, The",BHS,2017,33050.0350128611
"Bahamas, The",BHS,2018,33650.2164350935
"Bahamas, The",BHS,2019,33202.4902105068
"Bahamas, The",BHS,2020,26452.695760929
"Bahamas, The",BHS,2021,31064.6822166194
"Bahamas, The",BHS,2022,34342.9285316569
"Bahamas, The",BHS,2023,35221.2696932313
"Bahamas, The",BHS,2024,36244.0500123244
Bosnia and Herzegovina,BIH,1960,
Bosnia and Herzegovina,BIH,1961,
Bosnia and Herzegovina,BIH,1962,
Bosnia and Herzegovina,BIH,1963,
Bosnia and Herzegovina,BIH,1964,
Bosnia and Herzegovina,BIH,1965,
Bosnia and Herzegovina,BIH,1966,
Bosnia and Herzegovina,BIH,1967,
Bosnia and Herzegovina,BIH,1968,
Bosnia and Herzegovina,BIH,1969,
Bosnia and Herzegovina,BIH,1970,
Bosnia and Herzegovina,BIH,1971,
Bosnia and Herzegovina,BIH,1972,
Bosnia and Herzegovina,BIH,1973,
Bosnia and Herzegovina,BIH,1974,
Bosnia and Herzegovina,BIH,1975,
Bosnia and Herzegovina,BIH,1976,
Bosnia and Herzegovina,BIH,1977,
Bosnia and Herzegovina,BIH,1978,
Bosnia and Herzegovina,BIH,1979,
Bosnia and Herzegovina,BIH,1980,
Bosnia and Herzegovina,BIH,1981,
Bosnia and Herzegovina,BIH,1982,
Bosnia and Herzegovina,BIH,1983,
Bosnia and Herzegovina,BIH,1984,
Bosnia and Herzegovina,BIH,1985,
Bosnia and Herzegovina,BIH,1986,
Bosnia and Herzegovina,BIH,1987,
Bosnia and Herzegovina,BIH,1988,
Bosnia and Herzegovina,BIH,1989,
Bosnia and Herzegovina,BIH,1990,2413.93822928526
Bosnia and Herzegovina,BIH,1991,2183.52604942539
Bosnia and Herzegovina,BIH,1992,2150.91074083366
Bosnia and Herzegovina,BIH,1993,2281.88983603662
Bosnia and Herzegovina,BIH,1994,2657.80295240973
Bosnia and Herzegovina,BIH,1995,3090.37823581462
Bosnia and Herzegovina,BIH,1996,4568.98265882687
Bosnia and Herzegovina,BIH,1997,6020.96023732543
Bosnia and Herzegovina,BIH,1998,6899.29705850819
Bosnia and Herzegovina,BIH,1999,7481.30398935927
Bosnia and Herzegovina,BIH,2000,7830.5018609252
Bosnia and Herzegovina,BIH,2001,7982.5188539099
Bosnia and Herzegovina,BIH,2002,8366.69155604844
Bosnia and Herzegovina,BIH,2003,8709.95671578197
Bosnia and Herzegovina,BIH,2004,9344.83015887193
Bosnia and Herzegovina,BIH,2005,9814.46964102531
Bosnia and Herzegovina,BIH,2006,10430.4119951847
Bosnia and Herzegovina,BIH,2007,11178.6814832392
Bosnia and Herzegovina,BIH,2008,11983.7199632138
Bosnia and Herzegovina,BIH,2009,11826.6501351383
Bosnia and Herzegovina,BIH,2010,12142.8616958168
Bosnia and Herzegovina,BIH,2011,12487.6490566037
Bosnia and Herzegovina,BIH,2012,12626.9263237753
Bosnia and Herzegovina,BIH,2013,13135.7175053454
Bosnia and Herzegovina,BIH,2014,13458.852576408
Bosnia and Herzegovina,BIH,2015,14220.0900038037
Bosnia and Herzegovina,BIH,2016,14873.6411107879
Bosnia and Herzegovina,BIH,2017,15554.6587430766
Bosnia and Herzegovina,BIH,2018,16348.9997145353
Bosnia and Herzegovina,BIH,2019,17029.2971980343
Bosnia and Herzegovina,BIH,2020,16747.0353918695
Bosnia and Herzegovina,BIH,2021,18286.6614977175
Bosnia and Herzegovina,BIH,2022,19298.117076437
Bosnia and Herzegovina,BIH,2023,19804.9181465635
Bosnia and Herzegovina,BIH,2024,20578.4995446816
Belarus,BLR,1960,
Belarus,BLR,1961,
Belarus,BLR,1962,
Belarus,BLR,1963,
Belarus,BLR,1964,
Belarus,BLR,1965,
Belarus,BLR,1966,
Belarus,BLR,1967,
Belarus,BLR,1968,
Belarus,BLR,1969,
Belarus,BLR,1970,
Belarus,BLR,1971,
Belarus,BLR,1972,
Belarus,BLR,1973,
Belarus,BLR,1974,
Belarus,BLR,1975,
Belarus,BLR,1976,
Belarus,BLR,1977,
Belarus,BLR,1978,
Belarus,BLR,1979,
Belarus,BLR,1980,
Belarus,BLR,1981,
Belarus,BLR,1982,
Belarus,BLR,1983,
Belarus,BLR,1984,
Belarus,BLR,1985,
Belarus,BLR,1986,
Belarus,BLR,1987,
Belarus,BLR,1988,
Belarus,BLR,1989,
Belarus,BLR,1990,12351.6357110065
Belarus,BLR,1991,12197.7877887634
Belarus,BLR,1992,11002.6017626136
Belarus,BLR,1993,10143.9840118445
Belarus,BLR,1994,8967.73072971831
Belarus,BLR,1995,8061.19604112609
Belarus,BLR,1996,8314.85656685025
Belarus,BLR,1997,9301.32717519867
Belarus,BLR,1998,10128.1560469563
Belarus,BLR,1999,10519.7489145442
Belarus,BLR,2000,11182.4548339393
Belarus,BLR,2001,11771.0872003861
Belarus,BLR,2002,12443.9322575939
Belarus,BLR,2003,13413.9265504854
Belarus,BLR,2004,15052.1182160947
Belarus,BLR,2005,16579.8731683834
Belarus,BLR,2006,18349.8719060634
Belarus,BLR,2007,20019.6111676728
Belarus,BLR,2008,22137.9472928315
Belarus,BLR,2009,22236.8387691136
Belarus,BLR,2010,24012.6133040213
Belarus,BLR,2011,25404.7566082412
Belarus,BLR,2012,25879.1319400701
Belarus,BLR,2013,26147.6253584645
Belarus,BLR,2014,26564.4347246547
Belarus,BLR,2015,25513.2132958317
Belarus,BLR,2016,24846.8301529359
Belarus,BLR,2017,25503.9809845207
Belarus,BLR,2018,26363.4629778536
Belarus,BLR,2019,26798.8206398076
Belarus,BLR,2020,26731.4953869922
Belarus,BLR,2021,27611.1801135157
Belarus,BLR,2022,26537.5083081674
Belarus,BLR,2023,27782.4380139967
Belarus,BLR,2024,29135.9465139232
Belize,BLZ,1960,
Belize,BLZ,1961,
Belize,BLZ,1962,
Belize,BLZ,1963,
Belize,BLZ,1964,
Belize,BLZ,1965,
Belize,BLZ,1966,
Belize,BLZ,1967,
Belize,BLZ,1968,
Belize,BLZ,1969,
Belize,BLZ,1970,
Belize,BLZ,1971,
Belize,BLZ,1972,
Belize,BLZ,1973,
Belize,BLZ,1974,
Belize,BLZ,1975,
Belize,BLZ,1976,
Belize,BLZ,1977,
Belize,BLZ,1978,
Belize,BLZ,1979,
Belize,BLZ,1980,
Belize,BLZ,1981,
Belize,BLZ,1982,
Belize,BLZ,1983,
Belize,BLZ,1984,
Belize,BLZ,1985,
Belize,BLZ,1986,
Belize,BLZ,1987,
Belize,BLZ,1988,
Belize,BLZ,1989,
Belize,BLZ,1990,8251.61762539471
Belize,BLZ,1991,9028.07343837562
Belize,BLZ,1992,9967.77779283553
Belize,BLZ,1993,10366.8590598807
Belize,BLZ,1994,10146.3996755203
Belize,BLZ,1995,9967.84688088643
Belize,BLZ,1996,9782.64416029651
Belize,BLZ,1997,9862.26634546876
Belize,BLZ,1998,9894.59919785026
Belize,BLZ,1999,10460.6346102795
Belize,BLZ,2000,11363.6868781615
Belize,BLZ,2001,11567.0265720608
Belize,BLZ,2002,11828.1865744067
Belize,BLZ,2003,12589.2679378206
Belize,BLZ,2004,12807.1658774384
Belize,BLZ,2005,12714.9697390831
Belize,BLZ,2006,12912.5300233774
Belize,BLZ,2007,12973.2067214746
Belize,BLZ,2008,12415.6811300464
Belize,BLZ,2009,12033.9096816588
Belize,BLZ,2010,11913.6635959061
Belize,BLZ,2011,11641.7717375703
Belize,BLZ,2012,11843.4153404212
Belize,BLZ,2013,12064.797259406
Belize,BLZ,2014,12272.2957895446
Belize,BLZ,2015,12348.7944978311
Belize,BLZ,2016,12063.0600374093
Belize,BLZ,2017,11572.3007931461
Belize,BLZ,2018,11451.8979413877
Belize,BLZ,2019,11765.9748661176
Belize,BLZ,2020,10045.1404163746
Belize,BLZ,2021,11716.3267818656
Belize,BLZ,2022,12565.3645829576
Belize,BLZ,2023,12371.0086545348
Belize,BLZ,2024,12621.4081961897
Bermuda,BMU,1960,
Bermuda,BMU,1961,
Bermuda,BMU,1962,
Bermuda,BMU,1963,
Bermuda,BMU,1964,
Bermuda,BMU,1965,
Bermuda,BMU,1966,
Bermuda,BMU,1967,
Bermuda,BMU,1968,
Bermuda,BMU,1969,
Bermuda,BMU,1970,
Bermuda,BMU,1971,
Bermuda,BMU,1972,
Bermuda,BMU,1973,
Bermuda,BMU,1974,
Bermuda,BMU,1975,
Bermuda,BMU,1976,
Bermuda,BMU,1977,
Bermuda,BMU,1978,
Bermuda,BMU,1979,
Bermuda,BMU,1980,
Bermuda,BMU,1981,
Bermuda,BMU,1982,
Bermuda,BMU,1983,
Bermuda,BMU,1984,
Bermuda,BMU,1985,
Bermuda,BMU,1986,
Bermuda,BMU,1987,
Bermuda,BMU,1988,
Bermuda,BMU,1989,
Bermuda,BMU,1990,79750.8567680695
Bermuda,BMU,1991,76368.2742018138
Bermuda,BMU,1992,75769.902935257
Bermuda,BMU,1993,77506.7437396645
Bermuda,BMU,1994,77473.5756060332
Bermuda,BMU,1995,80430.6436481323
Bermuda,BMU,1996,82126.2573825069
Bermuda,BMU,1997,85384.4474553667
Bermuda,BMU,1998,88038.5381561316
Bermuda,BMU,1999,90294.3828538243
Bermuda,BMU,2000,98024.0788793146
Bermuda,BMU,2001,104565.263948121
Bermuda,BMU,2002,102564.108880562
Bermuda,BMU,2003,105647.446050466
Bermuda,BMU,2004,107807.760712997
Bermuda,BMU,2005,109340.012116084
Bermuda,BMU,2006,115175.773016307
Bermuda,BMU,2007,118696.092066629
Bermuda,BMU,2008,115947.63292703
Bermuda,BMU,2009,108967.427366927
Bermuda,BMU,2010,105973.358845444
Bermuda,BMU,2011,101994.242680484
Bermuda,BMU,2012,96715.1659966888
Bermuda,BMU,2013,96553.8726827819
Bermuda,BMU,2014,93046.2100976443
Bermuda,BMU,2015,93863.8483363419
Bermuda,BMU,2016,93269.0137558453
Bermuda,BMU,2017,96441.2718767256
Bermuda,BMU,2018,95643.2734055543
Bermuda,BMU,2019,95523.9623126026
Bermuda,BMU,2020,88484.8155997921
Bermuda,BMU,2021,92319.6714861222
Bermuda,BMU,2022,97943.0548977322
Bermuda,BMU,2023,102268.922803272
Bermuda,BMU,2024,104299.944358815
Bolivia,BOL,1960,
Bolivia,BOL,1961,
Bolivia,BOL,1962,
Bolivia,BOL,1963,
Bolivia,BOL,1964,
Bolivia,BOL,1965,
Bolivia,BOL,1966,
Bolivia,BOL,1967,
Bolivia,BOL,1968,
Bolivia,BOL,1969,
Bolivia,BOL,1970,
Bolivia,BOL,1971,
Bolivia,BOL,1972,
Bolivia,BOL,1973,
Bolivia,BOL,1974,
Bolivia,BOL,1975,
Bolivia,BOL,1976,
Bolivia,BOL,1977,
Bolivia,BOL,1978,
Bolivia,BOL,1979,
Bolivia,BOL,1980,
Bolivia,BOL,1981,
Bolivia,BOL,1982,
Bolivia,BOL,1983,
Bolivia,BOL,1984,
Bolivia,BOL,1985,
Bolivia,BOL,1986,
Bolivia,BOL,1987,
Bolivia,BOL,1988,
Bolivia,BOL,1989,
Bolivia,BOL,1990,6247.10446615403
Bolivia,BOL,1991,6440.48571428318
Bolivia,BOL,1992,6414.32866825436
Bolivia,BOL,1993,6556.81640551449
Bolivia,BOL,1994,6731.28487501595
Bolivia,BOL,1995,6914.34189614304
Bolivia,BOL,1996,7083.6131331083
Bolivia,BOL,1997,7301.50935861496
Bolivia,BOL,1998,7534.51656369605
Bolivia,BOL,1999,7435.72544286949
Bolivia,BOL,2000,7492.4338168091
Bolivia,BOL,2001,7491.15257765571
Bolivia,BOL,2002,7550.01554645092
Bolivia,BOL,2003,7625.90515918892
Bolivia,BOL,2004,7811.59684093936
Bolivia,BOL,2005,8020.63568834793
Bolivia,BOL,2006,8263.31896853691
Bolivia,BOL,2007,8493.94848212653
Bolivia,BOL,2008,8865.27246616683
Bolivia,BOL,2009,9011.55629873547
Bolivia,BOL,2010,9230.3980801466
Bolivia,BOL,2011,9554.44502513
Bolivia,BOL,2012,9884.46163594645
Bolivia,BOL,2013,10391.3833756917
Bolivia,BOL,2014,10790.8472887528
Bolivia,BOL,2015,11144.6415720641
Bolivia,BOL,2016,11448.02180322
Bolivia,BOL,2017,11755.2556195885
Bolivia,BOL,2018,11920.3135079645
Bolivia,BOL,2019,11930.9159145918
Bolivia,BOL,2020,10285.6590750222
Bolivia,BOL,2021,11202.4409836707
Bolivia,BOL,2022,11487.7148799194
Bolivia,BOL,2023,11616.1575595159
Bolivia,BOL,2024,11329.1518061536
Brazil,BRA,1960,
Brazil,BRA,1961,
Brazil,BRA,1962,
Brazil,BRA,1963,
Brazil,BRA,1964,
Brazil,BRA,1965,
Brazil,BRA,1966,
Brazil,BRA,1967,
Brazil,BRA,1968,
Brazil,BRA,1969,
Brazil,BRA,1970,
Brazil,BRA,1971,
Brazil,BRA,1972,
Brazil,BRA,1973,
Brazil,BRA,1974,
Brazil,BRA,1975,
Brazil,BRA,1976,
Brazil,BRA,1977,
Brazil,BRA,1978,
Brazil,BRA,1979,
Brazil,BRA,1980,
Brazil,BRA,1981,
Brazil,BRA,1982,
Brazil,BRA,1983,
Brazil,BRA,1984,
Brazil,BRA,1985,
Brazil,BRA,1986,
Brazil,BRA,1987,
Brazil,BRA,1988,
Brazil,BRA,1989,
Brazil,BRA,1990,12633.2884560597
Brazil,BRA,1991,12546.5605005559
Brazil,BRA,1992,12271.9788478727
Brazil,BRA,1993,12669.4287209749
Brazil,BRA,1994,13202.9308011881
Brazil,BRA,1995,13550.4393735843
Brazil,BRA,1996,13641.6295995961
Brazil,BRA,1997,13896.6249901072
Brazil,BRA,1998,13737.7026433556
Brazil,BRA,1999,13602.4137067874
Brazil,BRA,2000,14005.3471874231
Brazil,BRA,2001,14016.1313772236
Brazil,BRA,2002,14265.9048770292
Brazil,BRA,2003,14259.3664089322
Brazil,BRA,2004,14911.2609608592
Brazil,BRA,2005,15221.0138281541
Brazil,BRA,2006,15657.4795716983
Brazil,BRA,2007,16440.583740032
Brazil,BRA,2008,17113.3679822643
Brazil,BRA,2009,16939.4407810328
Brazil,BRA,2010,18062.1581103659
Brazil,BRA,2011,18627.8104529397
Brazil,BRA,2012,18832.2195527075
Brazil,BRA,2013,19241.5059815726
Brazil,BRA,2014,19183.172744636
Brazil,BRA,2015,18357.0690617991
Brazil,BRA,2016,17620.9272434136
Brazil,BRA,2017,17724.4799577784
Brazil,BRA,2018,17917.7492123359
Brazil,BRA,2019,18018.6209151518
Brazil,BRA,2020,17327.5157249466
Brazil,BRA,2021,18075.7060049068
Brazil,BRA,2022,18554.0461828566
Brazil,BRA,2023,19079.8122134028
Brazil,BRA,2024,19652.365499171
Barbados,BRB,1960,
Barbados,BRB,1961,
Barbados,BRB,1962,
Barbados,BRB,1963,
Barbados,BRB,1964,
Barbados,BRB,1965,
Barbados,BRB,1966,
Barbados,BRB,1967,
Barbados,BRB,1968,
Barbados,BRB,1969,
Barbados,BRB,1970,
Barbados,BRB,1971,
Barbados,BRB,1972,
Barbados,BRB,1973,
Barbados,BRB,1974,
Barbados,BRB,1975,
Barbados,BRB,1976,
Barbados,BRB,1977,
Barbados,BRB,1978,
Barbados,BRB,1979,
Barbados,BRB,1980,
Barbados,BRB,1981,
Barbados,BRB,1982,
Barbados,BRB,1983,
Barbados,BRB,1984,
Barbados,BRB,1985,
Barbados,BRB,1986,
Barbados,BRB,1987,
Barbados,BRB,1988,
Barbados,BRB,1989,
Barbados,BRB,1990,19195.8871160038
Barbados,BRB,1991,18391.0074040066
Barbados,BRB,1992,17284.5196561055
Barbados,BRB,1993,17370.8734866422
Barbados,BRB,1994,17679.9985547176
Barbados,BRB,1995,18007.2337725556
Barbados,BRB,1996,18705.7976314677
Barbados,BRB,1997,19584.4075964016
Barbados,BRB,1998,20311.199276816
Barbados,BRB,1999,20372.8839348705
Barbados,BRB,2000,21315.7684300571
Barbados,BRB,2001,20782.8432453701
Barbados,BRB,2002,20809.8567218941
Barbados,BRB,2003,21132.3281963019
Barbados,BRB,2004,21308.6052569587
Barbados,BRB,2005,22035.3859581035
Barbados,BRB,2006,23260.8645438811
Barbados,BRB,2007,23631.9433885299
Barbados,BRB,2008,23657.2900650446
Barbados,BRB,2009,22354.8404800399
Barbados,BRB,2010,20464.7939658776
Barbados,BRB,2011,20383.2530917687
Barbados,BRB,2012,19743.57827095
Barbados,BRB,2013,19730.3469740518
Barbados,BRB,2014,19840.8306179644
Barbados,BRB,2015,19642.2322500219
Barbados,BRB,2016,19877.1120083968
Barbados,BRB,2017,19966.3202405154
Barbados,BRB,2018,19877.6759569235
Barbados,BRB,2019,19890.455714094
Barbados,BRB,2020,16399.7020111405
Barbados,BRB,2021,17686.7469386289
Barbados,BRB,2022,20494.5343836936
Barbados,BRB,2023,20865.0155437147
Barbados,BRB,2024,21557.5276350385
Brunei Darussalam,BRN,1960,
Brunei Darussalam,BRN,1961,
Brunei Darussalam,BRN,1962,
Brunei Darussalam,BRN,1963,
Brunei Darussalam,BRN,1964,
Brunei Darussalam,BRN,1965,
Brunei Darussalam,BRN,1966,
Brunei Darussalam,BRN,1967,
Brunei Darussalam,BRN,1968,
Brunei Darussalam,BRN,1969,
Brunei Darussalam,BRN,1970,
Brunei Darussalam,BRN,1971,
Brunei Darussalam,BRN,1972,
Brunei Darussalam,BRN,1973,
Brunei Darussalam,BRN,1974,
Brunei Darussalam,BRN,1975,
Brunei Darussalam,BRN,1976,
Brunei Darussalam,BRN,1977,
Brunei Darussalam,BRN,1978,
Brunei Darussalam,BRN,1979,
Brunei Darussalam,BRN,1980,
Brunei Darussalam,BRN,1981,
Brunei Darussalam,BRN,1982,
Brunei Darussalam,BRN,1983,
Brunei Darussalam,BRN,1984,
Brunei Darussalam,BRN,1985,
Brunei Darussalam,BRN,1986,
Brunei Darussalam,BRN,1987,
Brunei Darussalam,BRN,1988,
Brunei Darussalam,BRN,1989,
Brunei Darussalam,BRN,1990,118163.68336994
Brunei Darussalam,BRN,1991,118220.68359533
Brunei Darussalam,BRN,1992,111457.220883519
Brunei Darussalam,BRN,1993,107899.136339239
Brunei Darussalam,BRN,1994,106239.232694338
Brunei Darussalam,BRN,1995,105043.853097683
Brunei Darussalam,BRN,1996,102522.125418121
Brunei Darussalam,BRN,1997,106503.420270796
Brunei Darussalam,BRN,1998,97171.6372551031
Brunei Darussalam,BRN,1999,99083.3205282422
Brunei Darussalam,BRN,2000,100323.439918528
Brunei Darussalam,BRN,2001,99680.7626777537
Brunei Darussalam,BRN,2002,101571.583784666
Brunei Darussalam,BRN,2003,103226.914446986
Brunei Darussalam,BRN,2004,101497.754798655
Brunei Darussalam,BRN,2005,99795.6850854526
Brunei Darussalam,BRN,2006,102248.510300567
Brunei Darussalam,BRN,2007,96752.6204091885
Brunei Darussalam,BRN,2008,91275.5000919182
Brunei Darussalam,BRN,2009,87875.8283546044
Brunei Darussalam,BRN,2010,88586.5133683924
Brunei Darussalam,BRN,2011,90279.6634042123
Brunei Darussalam,BRN,2012,89718.4636049982
Brunei Darussalam,BRN,2013,86606.6518910199
Brunei Darussalam,BRN,2014,83310.6151819533
Brunei Darussalam,BRN,2015,81910.1882959493
Brunei Darussalam,BRN,2016,78880.6228501768
Brunei Darussalam,BRN,2017,78966.8643142346
Brunei Darussalam,BRN,2018,78099.0507802561
Brunei Darussalam,BRN,2019,80228.1598170527
Brunei Darussalam,BRN,2020,80280.8980640677
Brunei Darussalam,BRN,2021,78248.797127611
Brunei Darussalam,BRN,2022,76357.829114996
Brunei Darussalam,BRN,2023,76616.7014884981
Brunei Darussalam,BRN,2024,79071.7333801445
Bhutan,BTN,1960,
Bhutan,BTN,1961,
Bhutan,BTN,1962,
Bhutan,BTN,1963,
Bhutan,BTN,1964,
Bhutan,BTN,1965,
Bhutan,BTN,1966,
Bhutan,BTN,1967,
Bhutan,BTN,1968,
Bhutan,BTN,1969,
Bhutan,BTN,1970,
Bhutan,BTN,1971,
Bhutan,BTN,1972,
Bhutan,BTN,1973,
Bhutan,BTN,1974,
Bhutan,BTN,1975,
Bhutan,BTN,1976,
Bhutan,BTN,1977,
Bhutan,BTN,1978,
Bhutan,BTN,1979,
Bhutan,BTN,1980,
Bhutan,BTN,1981,
Bhutan,BTN,1982,
Bhutan,BTN,1983,
Bhutan,BTN,1984,
Bhutan,BTN,1985,
Bhutan,BTN,1986,
Bhutan,BTN,1987,
Bhutan,BTN,1988,
Bhutan,BTN,1989,
Bhutan,BTN,1990,3411.3837599176
Bhutan,BTN,1991,3338.00941826599
Bhutan,BTN,1992,3624.59781500136
Bhutan,BTN,1993,3850.551287421
Bhutan,BTN,1994,4042.49417769249
Bhutan,BTN,1995,4379.87046667778
Bhutan,BTN,1996,4616.91979198439
Bhutan,BTN,1997,4778.70511731732
Bhutan,BTN,1998,4965.87646031681
Bhutan,BTN,1999,5241.36663790737
Bhutan,BTN,2000,5287.57434721684
Bhutan,BTN,2001,5545.6305511084
Bhutan,BTN,2002,5991.25497571775
Bhutan,BTN,2003,6323.5411950973
Bhutan,BTN,2004,6517.99683290216
Bhutan,BTN,2005,6850.80441609334
Bhutan,BTN,2006,7140.85609148376
Bhutan,BTN,2007,8195.07074477912
Bhutan,BTN,2008,8470.03471622855
Bhutan,BTN,2009,9019.11861272397
Bhutan,BTN,2010,9985.28455483655
Bhutan,BTN,2011,10714.686566371
Bhutan,BTN,2012,11143.9445354588
Bhutan,BTN,2013,11212.479426698
Bhutan,BTN,2014,11744.5189124825
Bhutan,BTN,2015,12400.2983237391
Bhutan,BTN,2016,13320.9759036882
Bhutan,BTN,2017,13482.3425280358
Bhutan,BTN,2018,13854.8543977158
Bhutan,BTN,2019,14555.1884045845
Bhutan,BTN,2020,12979.9369485824
Bhutan,BTN,2021,13458.812666743
Bhutan,BTN,2022,14061.3120274588
Bhutan,BTN,2023,14610.2959097837
Bhutan,BTN,2024,15603.8871298469
Botswana,BWA,1960,
Botswana,BWA,1961,
Botswana,BWA,1962,
Botswana,BWA,1963,
Botswana,BWA,1964,
Botswana,BWA,1965,
Botswana,BWA,1966,
Botswana,BWA,1967,
Botswana,BWA,1968,
Botswana,BWA,1969,
Botswana,BWA,1970,
Botswana,BWA,1971,
Botswana,BWA,1972,
Botswana,BWA,1973,
Botswana,BWA,1974,
Botswana,BWA,1975,
Botswana,BWA,1976,
Botswana,BWA,1977,
Botswana,BWA,1978,
Botswana,BWA,1979,
Botswana,BWA,1980,
Botswana,BWA,1981,
Botswana,BWA,1982,
Botswana,BWA,1983,
Botswana,BWA,1984,
Botswana,BWA,1985,
Botswana,BWA,1986,
Botswana,BWA,1987,
Botswana,BWA,1988,
Botswana,BWA,1989,
Botswana,BWA,1990,10520.9183978405
Botswana,BWA,1991,11001.8013588128
Botswana,BWA,1992,11008.6810214184
Botswana,BWA,1993,10902.9512774946
Botswana,BWA,1994,10989.6700551057
Botswana,BWA,1995,11457.6994362472
Botswana,BWA,1996,11832.9387782379
Botswana,BWA,1997,12526.352236393
Botswana,BWA,1998,12306.250477233
Botswana,BWA,1999,13207.447346512
Botswana,BWA,2000,13185.8171514278
Botswana,BWA,2001,12949.6403104655
Botswana,BWA,2002,13479.6960719923
Botswana,BWA,2003,13857.2588264737
Botswana,BWA,2004,13984.8415112641
Botswana,BWA,2005,14361.9576327759
Botswana,BWA,2006,15275.5828811117
Botswana,BWA,2007,15850.2343496231
Botswana,BWA,2008,16040.3153236098
Botswana,BWA,2009,13489.9509168296
Botswana,BWA,2010,14545.0198074427
Botswana,BWA,2011,15236.7188843522
Botswana,BWA,2012,14957.6189142932
Botswana,BWA,2013,16369.4252971454
Botswana,BWA,2014,17052.1924105361
Botswana,BWA,2015,15994.9643042101
Botswana,BWA,2016,16905.588740873
Botswana,BWA,2017,17352.8958451454
Botswana,BWA,2018,17825.018569213
Botswana,BWA,2019,18106.0105471124
Botswana,BWA,2020,16289.3913582645
Botswana,BWA,2021,17960.6254447437
Botswana,BWA,2022,18647.3734588832
Botswana,BWA,2023,18932.4802712334
Botswana,BWA,2024,18107.614452913
Central African Republic,CAF,1960,
Central African Republic,CAF,1961,
Central African Republic,CAF,1962,
Central African Republic,CAF,1963,
Central African Republic,CAF,1964,
Central African Republic,CAF,1965,
Central African Republic,CAF,1966,
Central African Republic,CAF,1967,
Central African Republic,CAF,1968,
Central African Republic,CAF,1969,
Central African Republic,CAF,1970,
Central African Republic,CAF,1971,
Central African Republic,CAF,1972,
Central African Republic,CAF,1973,
Central African Republic,CAF,1974,
Central African Republic,CAF,1975,
Central African Republic,CAF,1976,
Central African Republic,CAF,1977,
Central African Republic,CAF,1978,
Central African Republic,CAF,1979,
Central African Republic,CAF,1980,
Central African Republic,CAF,1981,
Central African Republic,CAF,1982,
Central African Republic,CAF,1983,
Central African Republic,CAF,1984,
Central African Republic,CAF,1985,
Central African Republic,CAF,1986,
Central African Republic,CAF,1987,
Central African Republic,CAF,1988,
Central African Republic,CAF,1989,
Central African Republic,CAF,1990,1481.25255094258
Central African Republic,CAF,1991,1427.69018313539
Central African Republic,CAF,1992,1294.20254725767
Central African Republic,CAF,1993,1257.8284033824
Central African Republic,CAF,1994,1278.91509145063
Central African Republic,CAF,1995,1334.10322981784
Central African Republic,CAF,1996,1247.9687525828
Central African Republic,CAF,1997,1278.48826062781
Central African Republic,CAF,1998,1302.75142830782
Central African Republic,CAF,1999,1313.23570902088
Central African Republic,CAF,2000,1245.81399563599
Central African Republic,CAF,2001,1272.85710758505
Central African Republic,CAF,2002,1290.38314917126
Central African Republic,CAF,2003,1191.8731520062
Central African Republic,CAF,2004,1236.28534712166
Central African Republic,CAF,2005,1219.5939445674
Central African Republic,CAF,2006,1251.87082171335
Central African Republic,CAF,2007,1284.55283590666
Central African Republic,CAF,2008,1283.2728263106
Central African Republic,CAF,2009,1402.68164770801
Central African Republic,CAF,2010,1479.41367757692
Central African Republic,CAF,2011,1517.14839091011
Central African Republic,CAF,2012,1577.98053252253
Central African Republic,CAF,2013,996.896355923912
Central African Republic,CAF,2014,1001.85598053496
Central African Republic,CAF,2015,1043.92171697157
Central African Republic,CAF,2016,1073.94477703739
Central African Republic,CAF,2017,1103.86609318724
Central African Republic,CAF,2018,1125.70091748228
Central African Republic,CAF,2019,1145.09563657752
Central African Republic,CAF,2020,1136.57052993758
Central African Republic,CAF,2021,1128.55237996459
Central African Republic,CAF,2022,1136.80171107045
Central African Republic,CAF,2023,1132.67643369804
Central African Republic,CAF,2024,1111.21941638883
Canada,CAN,1960,
Canada,CAN,1961,
Canada,CAN,1962,
Canada,CAN,1963,
Canada,CAN,1964,
Canada,CAN,1965,
Canada,CAN,1966,
Canada,CAN,1967,
Canada,CAN,1968,
Canada,CAN,1969,
Canada,CAN,1970,
Canada,CAN,1971,
Canada,CAN,1972,
Canada,CAN,1973,
Canada,CAN,1974,
Canada,CAN,1975,
Canada,CAN,1976,
Canada,CAN,1977,
Canada,CAN,1978,
Canada,CAN,1979,
Canada,CAN,1980,
Canada,CAN,1981,
Canada,CAN,1982,
Canada,CAN,1983,
Canada,CAN,1984,
Canada,CAN,1985,
Canada,CAN,1986,
Canada,CAN,1987,
Canada,CAN,1988,
Canada,CAN,1989,
Canada,CAN,1990,40475.096436631
Canada,CAN,1991,39139.2968301857
Canada,CAN,1992,39023.1668132004
Canada,CAN,1993,39622.4634110923
Canada,CAN,1994,40952.1197737093
Canada,CAN,1995,41617.706919569
Canada,CAN,1996,41880.535589577
Canada,CAN,1997,43241.2236471729
Canada,CAN,1998,44553.2651715658
Canada,CAN,1999,46464.5274488374
Canada,CAN,2000,48399.2864445547
Canada,CAN,2001,48774.1483226516
Canada,CAN,2002,49694.9870914363
Canada,CAN,2003,50139.7664579994
Canada,CAN,2004,51210.6593966138
Canada,CAN,2005,52356.5371486354
Canada,CAN,2006,53195.7608573851
Canada,CAN,2007,53761.8407991685
Canada,CAN,2008,53711.6580329654
Canada,CAN,2009,51552.4020321975
Canada,CAN,2010,52558.4200617806
Canada,CAN,2011,53681.1084809345
Canada,CAN,2012,54034.7821680318
Canada,CAN,2013,54712.1568593677
Canada,CAN,2014,55723.4615652506
Canada,CAN,2015,55660.8455840759
Canada,CAN,2016,55606.1329948184
Canada,CAN,2017,56612.3062191777
Canada,CAN,2018,57337.4682870033
Canada,CAN,2019,57583.8230739204
Canada,CAN,2020,54092.8576890836
Canada,CAN,2021,56995.0952020711
Canada,CAN,2022,58583.1299860138
Canada,CAN,2023,58088.3778077995
Canada,CAN,2024,57534.0915185335
Central Europe and the Baltics,CEB,1960,
Central Europe and the Baltics,CEB,1961,
Central Europe and the Baltics,CEB,1962,
Central Europe and the Baltics,CEB,1963,
Central Europe and the Baltics,CEB,1964,
Central Europe and the Baltics,CEB,1965,
Central Europe and the Baltics,CEB,1966,
Central Europe and the Baltics,CEB,1967,
Central Europe and the Baltics,CEB,1968,
Central Europe and the Baltics,CEB,1969,
Central Europe and the Baltics,CEB,1970,
Central Europe and the Baltics,CEB,1971,
Central Europe and the Baltics,CEB,1972,
Central Europe and the Baltics,CEB,1973,
Central Europe and the Baltics,CEB,1974,
Central Europe and the Baltics,CEB,1975,
Central Europe and the Baltics,CEB,1976,
Central Europe and the Baltics,CEB,1977,
Central Europe and the Baltics,CEB,1978,
Central Europe and the Baltics,CEB,1979,
Central Europe and the Baltics,CEB,1980,
Central Europe and the Baltics,CEB,1981,
Central Europe and the Baltics,CEB,1982,
Central Europe and the Baltics,CEB,1983,
Central Europe and the Baltics,CEB,1984,
Central Europe and the Baltics,CEB,1985,
Central Europe and the Baltics,CEB,1986,
Central Europe and the Baltics,CEB,1987,
Central Europe and the Baltics,CEB,1988,
Central Europe and the Baltics,CEB,1989,
Central Europe and the Baltics,CEB,1990,17293.6474490926
Central Europe and the Baltics,CEB,1991,15451.865184455
Central Europe and the Baltics,CEB,1992,14722.7584656313
Central Europe and the Baltics,CEB,1993,14768.6885893304
Central Europe and the Baltics,CEB,1994,15310.9708907199
Central Europe and the Baltics,CEB,1995,16209.3016083363
Central Europe and the Baltics,CEB,1996,16972.3729220796
Central Europe and the Baltics,CEB,1997,17271.8184132785
Central Europe and the Baltics,CEB,1998,17726.7805117972
Central Europe and the Baltics,CEB,1999,18053.4112289508
Central Europe and the Baltics,CEB,2000,18866.992614198
Central Europe and the Baltics,CEB,2001,19591.1192589268
Central Europe and the Baltics,CEB,2002,20437.6181722064
Central Europe and the Baltics,CEB,2003,21307.5126148723
Central Europe and the Baltics,CEB,2004,22665.9482679125
Central Europe and the Baltics,CEB,2005,23837.2513202506
Central Europe and the Baltics,CEB,2006,25490.6865496896
Central Europe and the Baltics,CEB,2007,27204.8188248231
Central Europe and the Baltics,CEB,2008,28468.3930919127
Central Europe and the Baltics,CEB,2009,27511.5233418382
Central Europe and the Baltics,CEB,2010,27957.9006968917
Central Europe and the Baltics,CEB,2011,29052.8767019353
Central Europe and the Baltics,CEB,2012,29385.5792989282
Central Europe and the Baltics,CEB,2013,29678.1064029263
Central Europe and the Baltics,CEB,2014,30740.9191021016
Central Europe and the Baltics,CEB,2015,32053.9753560909
Central Europe and the Baltics,CEB,2016,33063.1299853908
Central Europe and the Baltics,CEB,2017,34898.5993254329
Central Europe and the Baltics,CEB,2018,36731.0962344349
Central Europe and the Baltics,CEB,2019,38302.005751171
Central Europe and the Baltics,CEB,2020,37280.0201037228
Central Europe and the Baltics,CEB,2021,40122.3609600588
Central Europe and the Baltics,CEB,2022,41833.7057765272
Central Europe and the Baltics,CEB,2023,42113.8905270663
Central Europe and the Baltics,CEB,2024,43043.8945580142
Switzerland,CHE,1960,
Switzerland,CHE,1961,
Switzerland,CHE,1962,
Switzerland,CHE,1963,
Switzerland,CHE,1964,
Switzerland,CHE,1965,
Switzerland,CHE,1966,
Switzerland,CHE,1967,
Switzerland,CHE,1968,
Switzerland,CHE,1969,
Switzerland,CHE,1970,
Switzerland,CHE,1971,
Switzerland,CHE,1972,
Switzerland,CHE,1973,
Switzerland,CHE,1974,
Switzerland,CHE,1975,
Switzerland,CHE,1976,
Switzerland,CHE,1977,
Switzerland,CHE,1978,
Switzerland,CHE,1979,
Switzerland,CHE,1980,
Switzerland,CHE,1981,
Switzerland,CHE,1982,
Switzerland,CHE,1983,
Switzerland,CHE,1984,
Switzerland,CHE,1985,
Switzerland,CHE,1986,
Switzerland,CHE,1987,
Switzerland,CHE,1988,
Switzerland,CHE,1989,
Switzerland,CHE,1990,63921.4227334201
Switzerland,CHE,1991,62404.0627797363
Switzerland,CHE,1992,61004.7423539695
Switzerland,CHE,1993,59202.9850165162
Switzerland,CHE,1994,61091.4960852373
Switzerland,CHE,1995,63169.2827232412
Switzerland,CHE,1996,63243.2134310286
Switzerland,CHE,1997,64414.4578915682
Switzerland,CHE,1998,66006.2566369566
Switzerland,CHE,1999,66795.8879655155
Switzerland,CHE,2000,68834.8179906591
Switzerland,CHE,2001,69489.6995050103
Switzerland,CHE,2002,69228.3683320733
Switzerland,CHE,2003,68521.3420292943
Switzerland,CHE,2004,69812.378758031
Switzerland,CHE,2005,71414.3495582368
Switzerland,CHE,2006,73901.6149628577
Switzerland,CHE,2007,76161.5600232116
Switzerland,CHE,2008,77103.7188320632
Switzerland,CHE,2009,74672.9512725807
Switzerland,CHE,2010,76308.8064520802
Switzerland,CHE,2011,76527.3361539945
Switzerland,CHE,2012,76570.2378987121
Switzerland,CHE,2013,77084.6656456739
Switzerland,CHE,2014,78086.6805249841
Switzerland,CHE,2015,78325.7487417695
Switzerland,CHE,2016,78956.0667315042
Switzerland,CHE,2017,79333.7437810881
Switzerland,CHE,2018,81371.8944120855
Switzerland,CHE,2019,81694.630652314
Switzerland,CHE,2020,79270.8713687141
Switzerland,CHE,2021,83524.9832880195
Switzerland,CHE,2022,85762.2829174304
Switzerland,CHE,2023,85383.3564504008
Switzerland,CHE,2024,85448.0585577007
Channel Islands,CHI,1960,
Channel Islands,CHI,1961,
Channel Islands,CHI,1962,
Channel Islands,CHI,1963,
Channel Islands,CHI,1964,
Channel Islands,CHI,1965,
Channel Islands,CHI,1966,
Channel Islands,CHI,1967,
Channel Islands,CHI,1968,
Channel Islands,CHI,1969,
Channel Islands,CHI,1970,
Channel Islands,CHI,1971,
Channel Islands,CHI,1972,
Channel Islands,CHI,1973,
Channel Islands,CHI,1974,
Channel Islands,CHI,1975,
Channel Islands,CHI,1976,
Channel Islands,CHI,1977,
Channel Islands,CHI,1978,
Channel Islands,CHI,1979,
Channel Islands,CHI,1980,
Channel Islands,CHI,1981,
Channel Islands,CHI,1982,
Channel Islands,CHI,1983,
Channel Islands,CHI,1984,
Channel Islands,CHI,1985,
Channel Islands,CHI,1986,
Channel Islands,CHI,1987,
Channel Islands,CHI,1988,
Channel Islands,CHI,1989,
Channel Islands,CHI,1990,
Channel Islands,CHI,1991,
Channel Islands,CHI,1992,
Channel Islands,CHI,1993,
Channel Islands,CHI,1994,
Channel Islands,CHI,1995,
Channel Islands,CHI,1996,
Channel Islands,CHI,1997,
Channel Islands,CHI,1998,
Channel Islands,CHI,1999,
Channel Islands,CHI,2000,
Channel Islands,CHI,2001,
Channel Islands,CHI,2002,
Channel Islands,CHI,2003,
Channel Islands,CHI,2004,
Channel Islands,CHI,2005,
Channel Islands,CHI,2006,
Channel Islands,CHI,2007,
Channel Islands,CHI,2008,
Channel Islands,CHI,2009,
Channel Islands,CHI,2010,
Channel Islands,CHI,2011,
Channel Islands,CHI,2012,
Channel Islands,CHI,2013,
Channel Islands,CHI,2014,
Channel Islands,CHI,2015,
Channel Islands,CHI,2016,
Channel Islands,CHI,2017,
Channel Islands,CHI,2018,
Channel Islands,CHI,2019,
Channel Islands,CHI,2020,
Channel Islands,CHI,2021,
Channel Islands,CHI,2022,
Channel Islands,CHI,2023,
Channel Islands,CHI,2024,
Chile,CHL,1960,
Chile,CHL,1961,
Chile,CHL,1962,
Chile,CHL,1963,
Chile,CHL,1964,
Chile,CHL,1965,
Chile,CHL,1966,
Chile,CHL,1967,
Chile,CHL,1968,
Chile,CHL,1969,
Chile,CHL,1970,
Chile,CHL,1971,
Chile,CHL,1972,
Chile,CHL,1973,
Chile,CHL,1974,
Chile,CHL,1975,
Chile,CHL,1976,
Chile,CHL,1977,
Chile,CHL,1978,
Chile,CHL,1979,
Chile,CHL,1980,
Chile,CHL,1981,
Chile,CHL,1982,
Chile,CHL,1983,
Chile,CHL,1984,
Chile,CHL,1985,
Chile,CHL,1986,
Chile,CHL,1987,
Chile,CHL,1988,
Chile,CHL,1989,
Chile,CHL,1990,10955.2486481454
Chile,CHL,1991,11610.2783301649
Chile,CHL,1992,12738.6163157023
Chile,CHL,1993,13380.4722185057
Chile,CHL,1994,13849.6261008096
Chile,CHL,1995,14911.5640742268
Chile,CHL,1996,15748.4653555533
Chile,CHL,1997,16687.855593506
Chile,CHL,1998,17161.0335564475
Chile,CHL,1999,16900.1244018472
Chile,CHL,2000,17529.4205997692
Chile,CHL,2001,17874.5313866938
Chile,CHL,2002,18244.5196827315
Chile,CHL,2003,18907.3458745755
Chile,CHL,2004,19966.7093106095
Chile,CHL,2005,20923.479756183
Chile,CHL,2006,21973.7382914389
Chile,CHL,2007,22884.2997108846
Chile,CHL,2008,23515.3473178269
Chile,CHL,2009,23019.0299454094
Chile,CHL,2010,24122.4787924386
Chile,CHL,2011,25372.2741480772
Chile,CHL,2012,26676.8110154019
Chile,CHL,2013,27297.8185145366
Chile,CHL,2014,27511.5610030404
Chile,CHL,2015,27817.9584848024
Chile,CHL,2016,27965.3473526831
Chile,CHL,2017,27899.5979777012
Chile,CHL,2018,28499.4064000406
Chile,CHL,2019,28227.9790507594
Chile,CHL,2020,26258.4038553242
Chile,CHL,2021,29106.6356522053
Chile,CHL,2022,29560.4513805785
Chile,CHL,2023,29600.4188613168
Chile,CHL,2024,30267.6440919907
China,CHN,1960,
China,CHN,1961,
China,CHN,1962,
China,CHN,1963,
China,CHN,1964,
China,CHN,1965,
China,CHN,1966,
China,CHN,1967,
China,CHN,1968,
China,CHN,1969,
China,CHN,1970,
China,CHN,1971,
China,CHN,1972,
China,CHN,1973,
China,CHN,1974,
China,CHN,1975,
China,CHN,1976,
China,CHN,1977,
China,CHN,1978,
China,CHN,1979,
China,CHN,1980,
China,CHN,1981,
China,CHN,1982,
China,CHN,1983,
China,CHN,1984,
China,CHN,1985,
China,CHN,1986,
China,CHN,1987,
China,CHN,1988,
China,CHN,1989,
China,CHN,1990,1666.8141224419
China,CHN,1991,1798.38257887629
China,CHN,1992,2030.47126519674
China,CHN,1993,2286.7956394875
China,CHN,1994,2556.90688386013
China,CHN,1995,2807.88647301744
China,CHN,1996,3055.72827655781
China,CHN,1997,3305.83025665988
China,CHN,1998,3533.69839702638
China,CHN,1999,3774.42758274469
China,CHN,2000,4065.86707804429
China,CHN,2001,4372.43560608339
China,CHN,2002,4744.38182475307
China,CHN,2003,5191.78118308167
China,CHN,2004,5684.3881718733
China,CHN,2005,6298.29929808598
China,CHN,2006,7057.11131595304
China,CHN,2007,8013.78375739131
China,CHN,2008,8743.7020031299
China,CHN,2009,9518.68128351945
China,CHN,2010,10476.1525652407
China,CHN,2011,11404.9179835542
China,CHN,2012,12217.9343813101
China,CHN,2013,13080.8787864744
China,CHN,2014,13968.5187785922
China,CHN,2015,14857.1088234405
China,CHN,2016,15772.8372607502
China,CHN,2017,16758.0463976858
China,CHN,2018,17807.0490552244
China,CHN,2019,18820.5871645645
China,CHN,2020,19215.1012491012
China,CHN,2021,20843.2978347377
China,CHN,2022,21499.3125559757
China,CHN,2023,22687.2519534328
China,CHN,2024,23841.4769141817
Cote d'Ivoire,CIV,1960,
Cote d'Ivoire,CIV,1961,
Cote d'Ivoire,CIV,1962,
Cote d'Ivoire,CIV,1963,
Cote d'Ivoire,CIV,1964,
Cote d'Ivoire,CIV,1965,
Cote d'Ivoire,CIV,1966,
Cote d'Ivoire,CIV,1967,
Cote d'Ivoire,CIV,1968,
Cote d'Ivoire,CIV,1969,
Cote d'Ivoire,CIV,1970,
Cote d'Ivoire,CIV,1971,
Cote d'Ivoire,CIV,1972,
Cote d'Ivoire,CIV,1973,
Cote d'Ivoire,CIV,1974,
Cote d'Ivoire,CIV,1975,
Cote d'Ivoire,CIV,1976,
Cote d'Ivoire,CIV,1977,
Cote d'Ivoire,CIV,1978,
Cote d'Ivoire,CIV,1979,
Cote d'Ivoire,CIV,1980,
Cote d'Ivoire,CIV,1981,
Cote d'Ivoire,CIV,1982,
Cote d'Ivoire,CIV,1983,
Cote d'Ivoire,CIV,1984,
Cote d'Ivoire,CIV,1985,
Cote d'Ivoire,CIV,1986,
Cote d'Ivoire,CIV,1987,
Cote d'Ivoire,CIV,1988,
Cote d'Ivoire,CIV,1989,
Cote d'Ivoire,CIV,1990,5255.54850266487
Cote d'Ivoire,CIV,1991,5052.88904768462
Cote d'Ivoire,CIV,1992,4843.32931958155
Cote d'Ivoire,CIV,1993,4645.50187236924
Cote d'Ivoire,CIV,1994,4502.49283983062
Cote d'Ivoire,CIV,1995,4638.79163883935
Cote d'Ivoire,CIV,1996,4807.45984346502
Cote d'Ivoire,CIV,1997,5072.6345612587
Cote d'Ivoire,CIV,1998,5093.16936951716
Cote d'Ivoire,CIV,1999,4987.39397799406
Cote d'Ivoire,CIV,2000,4838.37602767698
Cote d'Ivoire,CIV,2001,4609.17878891553
Cote d'Ivoire,CIV,2002,4368.96040639474
Cote d'Ivoire,CIV,2003,4060.03041319294
Cote d'Ivoire,CIV,2004,4088.97542020506
Cote d'Ivoire,CIV,2005,4032.27570780036
Cote d'Ivoire,CIV,2006,4049.29028298687
Cote d'Ivoire,CIV,2007,3999.72054350731
Cote d'Ivoire,CIV,2008,4096.75377364759
Cote d'Ivoire,CIV,2009,4151.08431510133
Cote d'Ivoire,CIV,2010,4338.68457800736
Cote d'Ivoire,CIV,2011,4017.43753814324
Cote d'Ivoire,CIV,2012,4234.21187719492
Cote d'Ivoire,CIV,2013,4597.22035890241
Cote d'Ivoire,CIV,2014,4907.61080546543
Cote d'Ivoire,CIV,2015,5110.90021438908
Cote d'Ivoire,CIV,2016,5320.88582199186
Cote d'Ivoire,CIV,2017,5556.1547631509
Cote d'Ivoire,CIV,2018,5670.24199741353
Cote d'Ivoire,CIV,2019,5894.92235259103
Cote d'Ivoire,CIV,2020,5787.85814696561
Cote d'Ivoire,CIV,2021,6045.20480490881
Cote d'Ivoire,CIV,2022,6272.26395760029
Cote d'Ivoire,CIV,2023,6520.89886459765
Cote d'Ivoire,CIV,2024,6747.0379677706
Cameroon,CMR,1960,
Cameroon,CMR,1961,
Cameroon,CMR,1962,
Cameroon,CMR,1963,
Cameroon,CMR,1964,
Cameroon,CMR,1965,
Cameroon,CMR,1966,
Cameroon,CMR,1967,
Cameroon,CMR,1968,
Cameroon,CMR,1969,
Cameroon,CMR,1970,
Cameroon,CMR,1971,
Cameroon,CMR,1972,
Cameroon,CMR,1973,
Cameroon,CMR,1974,
Cameroon,CMR,1975,
Cameroon,CMR,1976,
Cameroon,CMR,1977,
Cameroon,CMR,1978,
Cameroon,CMR,1979,
Cameroon,CMR,1980,
Cameroon,CMR,1981,
Cameroon,CMR,1982,
Cameroon,CMR,1983,
Cameroon,CMR,1984,
Cameroon,CMR,1985,
Cameroon,CMR,1986,
Cameroon,CMR,1987,
Cameroon,CMR,1988,
Cameroon,CMR,1989,
Cameroon,CMR,1990,4517.61887779618
Cameroon,CMR,1991,4220.65297387084
Cameroon,CMR,1992,3974.27759501196
Cameroon,CMR,1993,3556.31854424592
Cameroon,CMR,1994,3522.74885285749
Cameroon,CMR,1995,3526.54367510339
Cameroon,CMR,1996,3577.59204137871
Cameroon,CMR,1997,3641.70750463277
Cameroon,CMR,1998,3714.13212604236
Cameroon,CMR,1999,3780.06217282191
Cameroon,CMR,2000,3822.94425358926
Cameroon,CMR,2001,3884.87304812714
Cameroon,CMR,2002,3951.41936232132
Cameroon,CMR,2003,4054.78133246517
Cameroon,CMR,2004,4222.96638689885
Cameroon,CMR,2005,4199.72270969362
Cameroon,CMR,2006,4241.51744722821
Cameroon,CMR,2007,4302.6192630847
Cameroon,CMR,2008,4300.26640352464
Cameroon,CMR,2009,4286.57718166156
Cameroon,CMR,2010,4286.58302947378
Cameroon,CMR,2011,4307.85195558527
Cameroon,CMR,2012,4382.11120797355
Cameroon,CMR,2013,4473.57231896434
Cameroon,CMR,2014,4588.4864949903
Cameroon,CMR,2015,4698.66677843587
Cameroon,CMR,2016,4767.13186148953
Cameroon,CMR,2017,4797.97544185544
Cameroon,CMR,2018,4851.48003949961
Cameroon,CMR,2019,4882.35560028896
Cameroon,CMR,2020,4763.48194388066
Cameroon,CMR,2021,4793.55628200196
Cameroon,CMR,2022,4843.65038202917
Cameroon,CMR,2023,4875.25120768005
Cameroon,CMR,2024,4916.93354019494
"Congo, Dem. Rep.",COD,1960,
"Congo, Dem. Rep.",COD,1961,
"Congo, Dem. Rep.",COD,1962,
"Congo, Dem. Rep.",COD,1963,
"Congo, Dem. Rep.",COD,1964,
"Congo, Dem. Rep.",COD,1965,
"Congo, Dem. Rep.",COD,1966,
"Congo, Dem. Rep.",COD,1967,
"Congo, Dem. Rep.",COD,1968,
"Congo, Dem. Rep.",COD,1969,
"Congo, Dem. Rep.",COD,1970,
"Congo, Dem. Rep.",COD,1971,
"Congo, Dem. Rep.",COD,1972,
"Congo, Dem. Rep.",COD,1973,
"Congo, Dem. Rep.",COD,1974,
"Congo, Dem. Rep.",COD,1975,
"Congo, Dem. Rep.",COD,1976,
"Congo, Dem. Rep.",COD,1977,
"Congo, Dem. Rep.",COD,1978,
"Congo, Dem. Rep.",COD,1979,
"Congo, Dem. Rep.",COD,1980,
"Congo, Dem. Rep.",COD,1981,
"Congo, Dem. Rep.",COD,1982,
"Congo, Dem. Rep.",COD,1983,
"Congo, Dem. Rep.",COD,1984,
"Congo, Dem. Rep.",COD,1985,
"Congo, Dem. Rep.",COD,1986,
"Congo, Dem. Rep.",COD,1987,
"Congo, Dem. Rep.",COD,1988,
"Congo, Dem. Rep.",COD,1989,
"Congo, Dem. Rep.",COD,1990,2403.9702501624
"Congo, Dem. Rep.",COD,1991,2129.44892037201
"Congo, Dem. Rep.",COD,1992,1842.54848506846
"Congo, Dem. Rep.",COD,1993,1538.39690697251
"Congo, Dem. Rep.",COD,1994,1410.05655376053
"Congo, Dem. Rep.",COD,1995,1362.1877957292
"Congo, Dem. Rep.",COD,1996,1322.58011961396
"Congo, Dem. Rep.",COD,1997,1228.39076846395
"Congo, Dem. Rep.",COD,1998,1176.05049796639
"Congo, Dem. Rep.",COD,1999,1088.65043726176
"Congo, Dem. Rep.",COD,2000,981.422080027189
"Congo, Dem. Rep.",COD,2001,930.85782608082
"Congo, Dem. Rep.",COD,2002,929.452807088884
"Congo, Dem. Rep.",COD,2003,953.044643242042
"Congo, Dem. Rep.",COD,2004,987.746920881562
"Congo, Dem. Rep.",COD,2005,1016.6338907666
"Congo, Dem. Rep.",COD,2006,1036.13329616563
"Congo, Dem. Rep.",COD,2007,1091.54081233234
"Congo, Dem. Rep.",COD,2008,1137.84087315488
"Congo, Dem. Rep.",COD,2009,1109.18311674431
"Congo, Dem. Rep.",COD,2010,1166.98306581442
"Congo, Dem. Rep.",COD,2011,1124.7720535769
"Congo, Dem. Rep.",COD,2012,1182.14074588327
"Congo, Dem. Rep.",COD,2013,1342.74156112016
"Congo, Dem. Rep.",COD,2014,1392.75841334673
"Congo, Dem. Rep.",COD,2015,1433.21579814709
"Congo, Dem. Rep.",COD,2016,1388.80163211633
"Congo, Dem. Rep.",COD,2017,1395.71961761712
"Congo, Dem. Rep.",COD,2018,1431.7285269693
"Congo, Dem. Rep.",COD,2019,1394.76461472893
"Congo, Dem. Rep.",COD,2020,1361.02791099008
"Congo, Dem. Rep.",COD,2021,1402.38560295221
"Congo, Dem. Rep.",COD,2022,1484.33841881449
"Congo, Dem. Rep.",COD,2023,1559.33806475859
"Congo, Dem. Rep.",COD,2024,1601.70926640422
"Congo, Rep.",COG,1960,
"Congo, Rep.",COG,1961,
"Congo, Rep.",COG,1962,
"Congo, Rep.",COG,1963,
"Congo, Rep.",COG,1964,
"Congo, Rep.",COG,1965,
"Congo, Rep.",COG,1966,
"Congo, Rep.",COG,1967,
"Congo, Rep.",COG,1968,
"Congo, Rep.",COG,1969,
"Congo, Rep.",COG,1970,
"Congo, Rep.",COG,1971,
"Congo, Rep.",COG,1972,
"Congo, Rep.",COG,1973,
"Congo, Rep.",COG,1974,
"Congo, Rep.",COG,1975,
"Congo, Rep.",COG,1976,
"Congo, Rep.",COG,1977,
"Congo, Rep.",COG,1978,
"Congo, Rep.",COG,1979,
"Congo, Rep.",COG,1980,
"Congo, Rep.",COG,1981,
"Congo, Rep.",COG,1982,
"Congo, Rep.",COG,1983,
"Congo, Rep.",COG,1984,
"Congo, Rep.",COG,1985,
"Congo, Rep.",COG,1986,
"Congo, Rep.",COG,1987,
"Congo, Rep.",COG,1988,
"Congo, Rep.",COG,1989,
"Congo, Rep.",COG,1990,8699.52683870615
"Congo, Rep.",COG,1991,8658.16145286005
"Congo, Rep.",COG,1992,8636.63719209923
"Congo, Rep.",COG,1993,8302.69726834941
"Congo, Rep.",COG,1994,7617.60750274811
"Congo, Rep.",COG,1995,7701.32468533336
"Congo, Rep.",COG,1996,7812.04779971641
"Congo, Rep.",COG,1997,7599.04815388587
"Congo, Rep.",COG,1998,7711.6321257605
"Congo, Rep.",COG,1999,7312.32665071621
"Congo, Rep.",COG,2000,7570.58279297342
"Congo, Rep.",COG,2001,7567.43916817104
"Congo, Rep.",COG,2002,7729.3889014189
"Congo, Rep.",COG,2003,7577.45630456352
"Congo, Rep.",COG,2004,7577.44597274153
"Congo, Rep.",COG,2005,7876.11806658285
"Congo, Rep.",COG,2006,8192.57979719023
"Congo, Rep.",COG,2007,7375.82454100145
"Congo, Rep.",COG,2008,7587.28826163492
"Congo, Rep.",COG,2009,8138.45033818822
"Congo, Rep.",COG,2010,8583.66179834288
"Congo, Rep.",COG,2011,8492.42098392103
"Congo, Rep.",COG,2012,9079.68656400891
"Congo, Rep.",COG,2013,8798.49382506314
"Congo, Rep.",COG,2014,9159.25664414045
"Congo, Rep.",COG,2015,8977.70681641417
"Congo, Rep.",COG,2016,8001.8255194505
"Congo, Rep.",COG,2017,7372.77046737599
"Congo, Rep.",COG,2018,7029.33651566257
"Congo, Rep.",COG,2019,6939.36913397466
"Congo, Rep.",COG,2020,6350.50913409722
"Congo, Rep.",COG,2021,6263.21161292636
"Congo, Rep.",COG,2022,6205.1050414034
"Congo, Rep.",COG,2023,6172.28776650683
"Congo, Rep.",COG,2024,6152.56509118442
Colombia,COL,1960,
Colombia,COL,1961,
Colombia,COL,1962,
Colombia,COL,1963,
Colombia,COL,1964,
Colombia,COL,1965,
Colombia,COL,1966,
Colombia,COL,1967,
Colombia,COL,1968,
Colombia,COL,1969,
Colombia,COL,1970,
Colombia,COL,1971,
Colombia,COL,1972,
Colombia,COL,1973,
Colombia,COL,1974,
Colombia,COL,1975,
Colombia,COL,1976,
Colombia,COL,1977,
Colombia,COL,1978,
Colombia,COL,1979,
Colombia,COL,1980,
Colombia,COL,1981,
Colombia,COL,1982,
Colombia,COL,1983,
Colombia,COL,1984,
Colombia,COL,1985,
Colombia,COL,1986,
Colombia,COL,1987,
Colombia,COL,1988,
Colombia,COL,1989,
Colombia,COL,1990,9998.81069684463
Colombia,COL,1991,9996.0978604328
Colombia,COL,1992,10196.4329707468
Colombia,COL,1993,10533.1149561734
Colombia,COL,1994,10927.9389491607
Colombia,COL,1995,11279.0004579347
Colombia,COL,1996,11303.1308859186
Colombia,COL,1997,11483.5050125907
Colombia,COL,1998,11343.8799115733
Colombia,COL,1999,10679.7092686089
Colombia,COL,2000,10813.4942250011
Colombia,COL,2001,10823.4504878807
Colombia,COL,2002,10925.1485602082
Colombia,COL,2003,11183.2911819793
Colombia,COL,2004,11607.9384935105
Colombia,COL,2005,11999.2549591305
Colombia,COL,2006,12636.6246577724
Colombia,COL,2007,13318.3033138168
Colombia,COL,2008,13591.0609028567
Colombia,COL,2009,13586.7518430982
Colombia,COL,2010,14037.0642668639
Colombia,COL,2011,14852.3699513061
Colombia,COL,2012,15279.4790008058
Colombia,COL,2013,15912.2471293239
Colombia,COL,2014,16480.3631474161
Colombia,COL,2015,16821.3801400631
Colombia,COL,2016,17003.244366485
Colombia,COL,2017,16986.0334182842
Colombia,COL,2018,17104.1313545678
Colombia,COL,2019,17336.7716030551
Colombia,COL,2020,15861.4999291295
Colombia,COL,2021,17383.0901728295
Colombia,COL,2022,18458.7209460704
Colombia,COL,2023,18406.6242338491
Colombia,COL,2024,18481.8374929368
Comoros,COM,1960,
Comoros,COM,1961,
Comoros,COM,1962,
Comoros,COM,1963,
Comoros,COM,1964,
Comoros,COM,1965,
Comoros,COM,1966,
Comoros,COM,1967,
Comoros,COM,1968,
Comoros,COM,1969,
Comoros,COM,1970,
Comoros,COM,1971,
Comoros,COM,1972,
Comoros,COM,1973,
Comoros,COM,1974,
Comoros,COM,1975,
Comoros,COM,1976,
Comoros,COM,1977,
Comoros,COM,1978,
Comoros,COM,1979,
Comoros,COM,1980,
Comoros,COM,1981,
Comoros,COM,1982,
Comoros,COM,1983,
Comoros,COM,1984,
Comoros,COM,1985,
Comoros,COM,1986,
Comoros,COM,1987,
Comoros,COM,1988,
Comoros,COM,1989,
Comoros,COM,1990,3178.85476893274
Comoros,COM,1991,2911.0534990739
Comoros,COM,1992,3061.03259257515
Comoros,COM,1993,3082.2224161285
Comoros,COM,1994,2907.42227508174
Comoros,COM,1995,3018.45798673853
Comoros,COM,1996,2951.78312614747
Comoros,COM,1997,3029.34647330307
Comoros,COM,1998,2978.37124465978
Comoros,COM,1999,3004.69061726748
Comoros,COM,2000,2917.87154106634
Comoros,COM,2001,3013.38883096315
Comoros,COM,2002,3085.93814937142
Comoros,COM,2003,3085.59675447872
Comoros,COM,2004,3121.51677555024
Comoros,COM,2005,3231.72506154387
Comoros,COM,2006,3111.62570879692
Comoros,COM,2007,3074.7346796054
Comoros,COM,2008,3133.75034704474
Comoros,COM,2009,3171.6035546392
Comoros,COM,2010,3226.63502045267
Comoros,COM,2011,3293.83407668409
Comoros,COM,2012,3330.52446059187
Comoros,COM,2013,3406.49918649378
Comoros,COM,2014,3403.41291459985
Comoros,COM,2015,3370.5557232032
Comoros,COM,2016,3411.77123523582
Comoros,COM,2017,3472.07858942366
Comoros,COM,2018,3528.95868167877
Comoros,COM,2019,3522.66866952646
Comoros,COM,2020,3447.47274904772
Comoros,COM,2021,3449.0435745318
Comoros,COM,2022,3465.8402271705
Comoros,COM,2023,3508.15862331545
Comoros,COM,2024,3556.0384263801
Cabo Verde,CPV,1960,
Cabo Verde,CPV,1961,
Cabo Verde,CPV,1962,
Cabo Verde,CPV,1963,
Cabo Verde,CPV,1964,
Cabo Verde,CPV,1965,
Cabo Verde,CPV,1966,
Cabo Verde,CPV,1967,
Cabo Verde,CPV,1968,
Cabo Verde,CPV,1969,
Cabo Verde,CPV,1970,
Cabo Verde,CPV,1971,
Cabo Verde,CPV,1972,
Cabo Verde,CPV,1973,
Cabo Verde,CPV,1974,
Cabo Verde,CPV,1975,
Cabo Verde,CPV,1976,
Cabo Verde,CPV,1977,
Cabo Verde,CPV,1978,
Cabo Verde,CPV,1979,
Cabo Verde,CPV,1980,
Cabo Verde,CPV,1981,
Cabo Verde,CPV,1982,
Cabo Verde,CPV,1983,
Cabo Verde,CPV,1984,
Cabo Verde,CPV,1985,
Cabo Verde,CPV,1986,
Cabo Verde,CPV,1987,
Cabo Verde,CPV,1988,
Cabo Verde,CPV,1989,
Cabo Verde,CPV,1990,1848.75865235574
Cabo Verde,CPV,1991,1830.07599656211
Cabo Verde,CPV,1992,1984.68062998835
Cabo Verde,CPV,1993,2111.62140814748
Cabo Verde,CPV,1994,2465.9939315017
Cabo Verde,CPV,1995,2763.39733371857
Cabo Verde,CPV,1996,3022.88825211585
Cabo Verde,CPV,1997,3302.9740337536
Cabo Verde,CPV,1998,3657.38118993776
Cabo Verde,CPV,1999,4006.47964718799
Cabo Verde,CPV,2000,4510.13573659758
Cabo Verde,CPV,2001,4540.90731780518
Cabo Verde,CPV,2002,4710.2410491228
Cabo Verde,CPV,2003,4841.265398715
Cabo Verde,CPV,2004,5268.30312485708
Cabo Verde,CPV,2005,5565.76951208069
Cabo Verde,CPV,2006,5941.38218091511
Cabo Verde,CPV,2007,6767.40677380347
Cabo Verde,CPV,2008,7169.13944155367
Cabo Verde,CPV,2009,6994.5740991365
Cabo Verde,CPV,2010,7072.12150207342
Cabo Verde,CPV,2011,7325.78441834692
Cabo Verde,CPV,2012,7397.82220702474
Cabo Verde,CPV,2013,7440.66242650114
Cabo Verde,CPV,2014,7491.02198228243
Cabo Verde,CPV,2015,7560.13649202469
Cabo Verde,CPV,2016,7881.30336227784
Cabo Verde,CPV,2017,8234.56000312459
Cabo Verde,CPV,2018,8531.12961646549
Cabo Verde,CPV,2019,9111.62993173269
Cabo Verde,CPV,2020,7207.86853962048
Cabo Verde,CPV,2021,7685.41921393669
Cabo Verde,CPV,2022,8850.1066918812
Cabo Verde,CPV,2023,9228.4604533114
Cabo Verde,CPV,2024,9825.53410093619
Costa Rica,CRI,1960,
Costa Rica,CRI,1961,
Costa Rica,CRI,1962,
Costa Rica,CRI,1963,
Costa Rica,CRI,1964,
Costa Rica,CRI,1965,
Costa Rica,CRI,1966,
Costa Rica,CRI,1967,
Costa Rica,CRI,1968,
Costa Rica,CRI,1969,
Costa Rica,CRI,1970,
Costa Rica,CRI,1971,
Costa Rica,CRI,1972,
Costa Rica,CRI,1973,
Costa Rica,CRI,1974,
Costa Rica,CRI,1975,
Costa Rica,CRI,1976,
Costa Rica,CRI,1977,
Costa Rica,CRI,1978,
Costa Rica,CRI,1979,
Costa Rica,CRI,1980,
Costa Rica,CRI,1981,
Costa Rica,CRI,1982,
Costa Rica,CRI,1983,
Costa Rica,CRI,1984,
Costa Rica,CRI,1985,
Costa Rica,CRI,1986,
Costa Rica,CRI,1987,
Costa Rica,CRI,1988,
Costa Rica,CRI,1989,
Costa Rica,CRI,1990,10979.788113325
Costa Rica,CRI,1991,10946.3811047015
Costa Rica,CRI,1992,11654.8187340805
Costa Rica,CRI,1993,12173.6770672722
Costa Rica,CRI,1994,12415.2629246683
Costa Rica,CRI,1995,12623.5339424627
Costa Rica,CRI,1996,12497.627359916
Costa Rica,CRI,1997,12887.5255656264
Costa Rica,CRI,1998,13505.0840975141
Costa Rica,CRI,1999,13776.5829416464
Costa Rica,CRI,2000,14025.6899537485
Costa Rica,CRI,2001,14257.525071713
Costa Rica,CRI,2002,14503.176481607
Costa Rica,CRI,2003,14898.7197394794
Costa Rica,CRI,2004,15330.8832332948
Costa Rica,CRI,2005,15711.7451335337
Costa Rica,CRI,2006,16628.3723014013
Costa Rica,CRI,2007,17752.4161954513
Costa Rica,CRI,2008,18343.0996854851
Costa Rica,CRI,2009,17941.5019129465
Costa Rica,CRI,2010,18670.1678827387
Costa Rica,CRI,2011,19264.4566461776
Costa Rica,CRI,2012,19970.6856013628
Costa Rica,CRI,2013,20242.2938648319
Costa Rica,CRI,2014,20735.1927258406
Costa Rica,CRI,2015,21265.3176336354
Costa Rica,CRI,2016,21936.4660575366
Costa Rica,CRI,2017,22633.7648663302
Costa Rica,CRI,2018,23069.8622241266
Costa Rica,CRI,2019,23496.8294622995
Costa Rica,CRI,2020,22368.1378072638
Costa Rica,CRI,2021,24083.5988182437
Costa Rica,CRI,2022,25290.0087466975
Costa Rica,CRI,2023,26378.5409941926
Costa Rica,CRI,2024,27325.0470476503
Caribbean small states,CSS,1960,
Caribbean small states,CSS,1961,
Caribbean small states,CSS,1962,
Caribbean small states,CSS,1963,
Caribbean small states,CSS,1964,
Caribbean small states,CSS,1965,
Caribbean small states,CSS,1966,
Caribbean small states,CSS,1967,
Caribbean small states,CSS,1968,
Caribbean small states,CSS,1969,
Caribbean small states,CSS,1970,
Caribbean small states,CSS,1971,
Caribbean small states,CSS,1972,
Caribbean small states,CSS,1973,
Caribbean small states,CSS,1974,
Caribbean small states,CSS,1975,
Caribbean small states,CSS,1976,
Caribbean small states,CSS,1977,
Caribbean small states,CSS,1978,
Caribbean small states,CSS,1979,
Caribbean small states,CSS,1980,
Caribbean small states,CSS,1981,
Caribbean small states,CSS,1982,
Caribbean small states,CSS,1983,
Caribbean small states,CSS,1984,
Caribbean small states,CSS,1985,
Caribbean small states,CSS,1986,
Caribbean small states,CSS,1987,
Caribbean small states,CSS,1988,
Caribbean small states,CSS,1989,
Caribbean small states,CSS,1990,13162.50817302
Caribbean small states,CSS,1991,13229.3314985291
Caribbean small states,CSS,1992,13609.0960878126
Caribbean small states,CSS,1993,13531.1904323724
Caribbean small states,CSS,1994,13896.1730369525
Caribbean small states,CSS,1995,14183.60600347
Caribbean small states,CSS,1996,14758.1688733256
Caribbean small states,CSS,1997,15378.9315442969
Caribbean small states,CSS,1998,16003.3172609187
Caribbean small states,CSS,1999,16662.5372962138
Caribbean small states,CSS,2000,17296.2228314479
Caribbean small states,CSS,2001,17587.9901132672
Caribbean small states,CSS,2002,18212.1604431284
Caribbean small states,CSS,2003,19401.6022436606
Caribbean small states,CSS,2004,20312.502453739
Caribbean small states,CSS,2005,21377.7180302595
Caribbean small states,CSS,2006,23063.5796295601
Caribbean small states,CSS,2007,23894.0318898216
Caribbean small states,CSS,2008,24276.688065702
Caribbean small states,CSS,2009,23444.9921052209
Caribbean small states,CSS,2010,23751.9862978379
Caribbean small states,CSS,2011,23879.7224145257
Caribbean small states,CSS,2012,24784.9475718502
Caribbean small states,CSS,2013,25141.1881792488
Caribbean small states,CSS,2014,25633.4033879208
Caribbean small states,CSS,2015,25404.134970126
Caribbean small states,CSS,2016,24339.8256633701
Caribbean small states,CSS,2017,23920.5893237126
Caribbean small states,CSS,2018,24024.8178299696
Caribbean small states,CSS,2019,24095.6268884397
Caribbean small states,CSS,2020,22222.115107616
Caribbean small states,CSS,2021,23495.1590735021
Caribbean small states,CSS,2022,27023.5574621428
Caribbean small states,CSS,2023,29600.9530687074
Caribbean small states,CSS,2024,33971.5525013977
Cuba,CUB,1960,
Cuba,CUB,1961,
Cuba,CUB,1962,
Cuba,CUB,1963,
Cuba,CUB,1964,
Cuba,CUB,1965,
Cuba,CUB,1966,
Cuba,CUB,1967,
Cuba,CUB,1968,
Cuba,CUB,1969,
Cuba,CUB,1970,
Cuba,CUB,1971,
Cuba,CUB,1972,
Cuba,CUB,1973,
Cuba,CUB,1974,
Cuba,CUB,1975,
Cuba,CUB,1976,
Cuba,CUB,1977,
Cuba,CUB,1978,
Cuba,CUB,1979,
Cuba,CUB,1980,
Cuba,CUB,1981,
Cuba,CUB,1982,
Cuba,CUB,1983,
Cuba,CUB,1984,
Cuba,CUB,1985,
Cuba,CUB,1986,
Cuba,CUB,1987,
Cuba,CUB,1988,
Cuba,CUB,1989,
Cuba,CUB,1990,
Cuba,CUB,1991,
Cuba,CUB,1992,
Cuba,CUB,1993,
Cuba,CUB,1994,
Cuba,CUB,1995,
Cuba,CUB,1996,
Cuba,CUB,1997,
Cuba,CUB,1998,
Cuba,CUB,1999,
Cuba,CUB,2000,
Cuba,CUB,2001,
Cuba,CUB,2002,
Cuba,CUB,2003,
Cuba,CUB,2004,
Cuba,CUB,2005,
Cuba,CUB,2006,
Cuba,CUB,2007,
Cuba,CUB,2008,
Cuba,CUB,2009,
Cuba,CUB,2010,
Cuba,CUB,2011,
Cuba,CUB,2012,
Cuba,CUB,2013,
Cuba,CUB,2014,
Cuba,CUB,2015,
Cuba,CUB,2016,
Cuba,CUB,2017,
Cuba,CUB,2018,
Cuba,CUB,2019,
Cuba,CUB,2020,
Cuba,CUB,2021,
Cuba,CUB,2022,
Cuba,CUB,2023,
Cuba,CUB,2024,
Curacao,CUW,1960,
Curacao,CUW,1961,
Curacao,CUW,1962,
Curacao,CUW,1963,
Curacao,CUW,1964,
Curacao,CUW,1965,
Curacao,CUW,1966,
Curacao,CUW,1967,
Curacao,CUW,1968,
Curacao,CUW,1969,
Curacao,CUW,1970,
Curacao,CUW,1971,
Curacao,CUW,1972,
Curacao,CUW,1973,
Curacao,CUW,1974,
Curacao,CUW,1975,
Curacao,CUW,1976,
Curacao,CUW,1977,
Curacao,CUW,1978,
Curacao,CUW,1979,
Curacao,CUW,1980,
Curacao,CUW,1981,
Curacao,CUW,1982,
Curacao,CUW,1983,
Curacao,CUW,1984,
Curacao,CUW,1985,
Curacao,CUW,1986,
Curacao,CUW,1987,
Curacao,CUW,1988,
Curacao,CUW,1989,
Curacao,CUW,1990,
Curacao,CUW,1991,
Curacao,CUW,1992,
Curacao,CUW,1993,
Curacao,CUW,1994,
Curacao,CUW,1995,
Curacao,CUW,1996,
Curacao,CUW,1997,
Curacao,CUW,1998,
Curacao,CUW,1999,
Curacao,CUW,2000,34307.1250633963
Curacao,CUW,2001,35339.0648639949
Curacao,CUW,2002,35435.9975763658
Curacao,CUW,2003,34812.7911728195
Curacao,CUW,2004,34288.7402384635
Curacao,CUW,2005,33651.5045829526
Curacao,CUW,2006,33334.8567825808
Curacao,CUW,2007,33490.2551592184
Curacao,CUW,2008,33795.131116557
Curacao,CUW,2009,33397.3973952737
Curacao,CUW,2010,33004.5542873273
Curacao,CUW,2011,32704.3558692872
Curacao,CUW,2012,32320.8770365245
Curacao,CUW,2013,31753.384548357
Curacao,CUW,2014,31128.6473361746
Curacao,CUW,2015,30861.3207651786
Curacao,CUW,2016,30209.7882553609
Curacao,CUW,2017,29729.1013639498
Curacao,CUW,2018,29256.8157865286
Curacao,CUW,2019,28659.6559014065
Curacao,CUW,2020,23669.7711519128
Curacao,CUW,2021,24905.7684266978
Curacao,CUW,2022,26734.6458998921
Curacao,CUW,2023,27617.9204283638
Curacao,CUW,2024,28762.0581566389
Cayman Islands,CYM,1960,
Cayman Islands,CYM,1961,
Cayman Islands,CYM,1962,
Cayman Islands,CYM,1963,
Cayman Islands,CYM,1964,
Cayman Islands,CYM,1965,
Cayman Islands,CYM,1966,
Cayman Islands,CYM,1967,
Cayman Islands,CYM,1968,
Cayman Islands,CYM,1969,
Cayman Islands,CYM,1970,
Cayman Islands,CYM,1971,
Cayman Islands,CYM,1972,
Cayman Islands,CYM,1973,
Cayman Islands,CYM,1974,
Cayman Islands,CYM,1975,
Cayman Islands,CYM,1976,
Cayman Islands,CYM,1977,
Cayman Islands,CYM,1978,
Cayman Islands,CYM,1979,
Cayman Islands,CYM,1980,
Cayman Islands,CYM,1981,
Cayman Islands,CYM,1982,
Cayman Islands,CYM,1983,
Cayman Islands,CYM,1984,
Cayman Islands,CYM,1985,
Cayman Islands,CYM,1986,
Cayman Islands,CYM,1987,
Cayman Islands,CYM,1988,
Cayman Islands,CYM,1989,
Cayman Islands,CYM,1990,
Cayman Islands,CYM,1991,
Cayman Islands,CYM,1992,
Cayman Islands,CYM,1993,
Cayman Islands,CYM,1994,
Cayman Islands,CYM,1995,
Cayman Islands,CYM,1996,
Cayman Islands,CYM,1997,
Cayman Islands,CYM,1998,
Cayman Islands,CYM,1999,
Cayman Islands,CYM,2000,
Cayman Islands,CYM,2001,
Cayman Islands,CYM,2002,
Cayman Islands,CYM,2003,
Cayman Islands,CYM,2004,
Cayman Islands,CYM,2005,
Cayman Islands,CYM,2006,92213.0760037266
Cayman Islands,CYM,2007,92343.7250815203
Cayman Islands,CYM,2008,89380.1507450505
Cayman Islands,CYM,2009,80631.8442229627
Cayman Islands,CYM,2010,76294.7650038522
Cayman Islands,CYM,2011,75094.8312990407
Cayman Islands,CYM,2012,73982.6781335848
Cayman Islands,CYM,2013,72988.7063433775
Cayman Islands,CYM,2014,73051.811230324
Cayman Islands,CYM,2015,73315.3845299162
Cayman Islands,CYM,2016,73941.8592413192
Cayman Islands,CYM,2017,74599.6799559357
Cayman Islands,CYM,2018,76124.5505976249
Cayman Islands,CYM,2019,77476.8409913609
Cayman Islands,CYM,2020,72183.1359045895
Cayman Islands,CYM,2021,74160.4914000191
Cayman Islands,CYM,2022,76735.3744333338
Cayman Islands,CYM,2023,79580.8872845653
Cayman Islands,CYM,2024,80996.6506641666
Cyprus,CYP,1960,
Cyprus,CYP,1961,
Cyprus,CYP,1962,
Cyprus,CYP,1963,
Cyprus,CYP,1964,
Cyprus,CYP,1965,
Cyprus,CYP,1966,
Cyprus,CYP,1967,
Cyprus,CYP,1968,
Cyprus,CYP,1969,
Cyprus,CYP,1970,
Cyprus,CYP,1971,
Cyprus,CYP,1972,
Cyprus,CYP,1973,
Cyprus,CYP,1974,
Cyprus,CYP,1975,
Cyprus,CYP,1976,
Cyprus,CYP,1977,
Cyprus,CYP,1978,
Cyprus,CYP,1979,
Cyprus,CYP,1980,
Cyprus,CYP,1981,
Cyprus,CYP,1982,
Cyprus,CYP,1983,
Cyprus,CYP,1984,
Cyprus,CYP,1985,
Cyprus,CYP,1986,
Cyprus,CYP,1987,
Cyprus,CYP,1988,
Cyprus,CYP,1989,
Cyprus,CYP,1990,27666.53515625
Cyprus,CYP,1991,27158.92578125
Cyprus,CYP,1992,28931.814453125
Cyprus,CYP,1993,28439.21484375
Cyprus,CYP,1994,29500.623046875
Cyprus,CYP,1995,31393.24609375
Cyprus,CYP,1996,31282.609375
Cyprus,CYP,1997,31656.830078125
Cyprus,CYP,1998,33181.98828125
Cyprus,CYP,1999,34452.72265625
Cyprus,CYP,2000,36121.6640625
Cyprus,CYP,2001,37146.84375
Cyprus,CYP,2002,38090.77734375
Cyprus,CYP,2003,38617.8125
Cyprus,CYP,2004,40019.92578125
Cyprus,CYP,2005,41362.09375
Cyprus,CYP,2006,42595.203125
Cyprus,CYP,2007,43823.76171875
Cyprus,CYP,2008,44295.62890625
Cyprus,CYP,2009,42253.38671875
Cyprus,CYP,2010,42102.28125
Cyprus,CYP,2011,41212.6875
Cyprus,CYP,2012,39190.22265625
Cyprus,CYP,2013,36650.5703125
Cyprus,CYP,2014,36104.90234375
Cyprus,CYP,2015,37258.5
Cyprus,CYP,2016,39500.8515625
Cyprus,CYP,2017,41417.98828125
Cyprus,CYP,2018,43510.03125
Cyprus,CYP,2019,45454.17578125
Cyprus,CYP,2020,43402.359375
Cyprus,CYP,2021,47632.5703125
Cyprus,CYP,2022,50840.9140625
Cyprus,CYP,2023,51674.90234375
Cyprus,CYP,2024,52861.8359375
Czechia,CZE,1960,
Czechia,CZE,1961,
Czechia,CZE,1962,
Czechia,CZE,1963,
Czechia,CZE,1964,
Czechia,CZE,1965,
Czechia,CZE,1966,
Czechia,CZE,1967,
Czechia,CZE,1968,
Czechia,CZE,1969,
Czechia,CZE,1970,
Czechia,CZE,1971,
Czechia,CZE,1972,
Czechia,CZE,1973,
Czechia,CZE,1974,
Czechia,CZE,1975,
Czechia,CZE,1976,
Czechia,CZE,1977,
Czechia,CZE,1978,
Czechia,CZE,1979,
Czechia,CZE,1980,
Czechia,CZE,1981,
Czechia,CZE,1982,
Czechia,CZE,1983,
Czechia,CZE,1984,
Czechia,CZE,1985,
Czechia,CZE,1986,
Czechia,CZE,1987,
Czechia,CZE,1988,
Czechia,CZE,1989,
Czechia,CZE,1990,27918.1375190566
Czechia,CZE,1991,24734.7702062546
Czechia,CZE,1992,24584.3299626051
Czechia,CZE,1993,24573.9914877529
Czechia,CZE,1994,25279.7917961729
Czechia,CZE,1995,26869.0197149398
Czechia,CZE,1996,28021.6704584336
Czechia,CZE,1997,27884.7397585343
Czechia,CZE,1998,27801.4387801408
Czechia,CZE,1999,28213.4555005997
Czechia,CZE,2000,29427.4070011514
Czechia,CZE,2001,30399.8730764283
Czechia,CZE,2002,30919.5496618702
Czechia,CZE,2003,31949.2963145034
Czechia,CZE,2004,33452.3408000614
Czechia,CZE,2005,35535.7479961511
Czechia,CZE,2006,37786.8781740905
Czechia,CZE,2007,39629.0061324728
Czechia,CZE,2008,40328.3426630095
Czechia,CZE,2009,38175.1422773334
Czechia,CZE,2010,39097.3886218756
Czechia,CZE,2011,39708.1626280195
Czechia,CZE,2012,39347.0492956846
Czechia,CZE,2013,39317.5535692377
Czechia,CZE,2014,40158.0164275735
Czechia,CZE,2015,42066.5759800801
Czechia,CZE,2016,43069.4659744727
Czechia,CZE,2017,45177.5226053634
Czechia,CZE,2018,46301.082036029
Czechia,CZE,2019,47763.6165520254
Czechia,CZE,2020,45119.9387309139
Czechia,CZE,2021,47796.0337408466
Czechia,CZE,2022,48390.661678675
Czechia,CZE,2023,47558.4106763314
Czechia,CZE,2024,47972.53171792
Germany,DEU,1960,
Germany,DEU,1961,
Germany,DEU,1962,
Germany,DEU,1963,
Germany,DEU,1964,
Germany,DEU,1965,
Germany,DEU,1966,
Germany,DEU,1967,
Germany,DEU,1968,
Germany,DEU,1969,
Germany,DEU,1970,
Germany,DEU,1971,
Germany,DEU,1972,
Germany,DEU,1973,
Germany,DEU,1974,
Germany,DEU,1975,
Germany,DEU,1976,
Germany,DEU,1977,
Germany,DEU,1978,
Germany,DEU,1979,
Germany,DEU,1980,
Germany,DEU,1981,
Germany,DEU,1982,
Germany,DEU,1983,
Germany,DEU,1984,
Germany,DEU,1985,
Germany,DEU,1986,
Germany,DEU,1987,
Germany,DEU,1988,
Germany,DEU,1989,
Germany,DEU,1990,42355.2860956177
Germany,DEU,1991,44195.7164731544
Germany,DEU,1992,44744.1399691155
Germany,DEU,1993,44018.4380932542
Germany,DEU,1994,45005.1589836478
Germany,DEU,1995,45548.4181139802
Germany,DEU,1996,45888.1269604813
Germany,DEU,1997,46670.7053500672
Germany,DEU,1998,47641.5271845024
Germany,DEU,1999,48624.6484373602
Germany,DEU,2000,49955.6461286496
Germany,DEU,2001,50687.6500447924
Germany,DEU,2002,50486.998248551
Germany,DEU,2003,50191.7219389611
Germany,DEU,2004,50786.0176463275
Germany,DEU,2005,51264.8193748941
Germany,DEU,2006,53307.1623767517
Germany,DEU,2007,54920.6589299724
Germany,DEU,2008,55513.7558858315
Germany,DEU,2009,52568.797424995
Germany,DEU,2010,54826.255453315
Germany,DEU,2011,57950.9589729677
Germany,DEU,2012,58110.3768512245
Germany,DEU,2013,58182.0766176953
Germany,DEU,2014,59203.2340879963
Germany,DEU,2015,59668.9890355282
Germany,DEU,2016,60504.5857417161
Germany,DEU,2017,61965.4342904965
Germany,DEU,2018,62481.1183971045
Germany,DEU,2019,62949.8932511855
Germany,DEU,2020,60299.5767710809
Germany,DEU,2021,62630.7748127737
Germany,DEU,2022,63777.9291029299
Germany,DEU,2023,63140.1949099669
Germany,DEU,2024,62654.602264023
Djibouti,DJI,1960,
Djibouti,DJI,1961,
Djibouti,DJI,1962,
Djibouti,DJI,1963,
Djibouti,DJI,1964,
Djibouti,DJI,1965,
Djibouti,DJI,1966,
Djibouti,DJI,1967,
Djibouti,DJI,1968,
Djibouti,DJI,1969,
Djibouti,DJI,1970,
Djibouti,DJI,1971,
Djibouti,DJI,1972,
Djibouti,DJI,1973,
Djibouti,DJI,1974,
Djibouti,DJI,1975,
Djibouti,DJI,1976,
Djibouti,DJI,1977,
Djibouti,DJI,1978,
Djibouti,DJI,1979,
Djibouti,DJI,1980,
Djibouti,DJI,1981,
Djibouti,DJI,1982,
Djibouti,DJI,1983,
Djibouti,DJI,1984,
Djibouti,DJI,1985,
Djibouti,DJI,1986,
Djibouti,DJI,1987,
Djibouti,DJI,1988,
Djibouti,DJI,1989,
Djibouti,DJI,1990,
Djibouti,DJI,1991,
Djibouti,DJI,1992,
Djibouti,DJI,1993,
Djibouti,DJI,1994,
Djibouti,DJI,1995,
Djibouti,DJI,1996,
Djibouti,DJI,1997,
Djibouti,DJI,1998,
Djibouti,DJI,1999,
Djibouti,DJI,2000,
Djibouti,DJI,2001,
Djibouti,DJI,2002,
Djibouti,DJI,2003,
Djibouti,DJI,2004,
Djibouti,DJI,2005,
Djibouti,DJI,2006,
Djibouti,DJI,2007,
Djibouti,DJI,2008,
Djibouti,DJI,2009,
Djibouti,DJI,2010,
Djibouti,DJI,2011,
Djibouti,DJI,2012,
Djibouti,DJI,2013,4469.07409933135
Djibouti,DJI,2014,4705.04926772184
Djibouti,DJI,2015,4961.8681860592
Djibouti,DJI,2016,5226.50026106607
Djibouti,DJI,2017,5421.95649149613
Djibouti,DJI,2018,5590.50426604853
Djibouti,DJI,2019,5809.30455041341
Djibouti,DJI,2020,5791.47767679877
Djibouti,DJI,2021,5960.10807396825
Djibouti,DJI,2022,6180.67998594606
Djibouti,DJI,2023,6510.67859061619
Djibouti,DJI,2024,6871.12440453129
Dominica,DMA,1960,
Dominica,DMA,1961,
Dominica,DMA,1962,
Dominica,DMA,1963,
Dominica,DMA,1964,
Dominica,DMA,1965,
Dominica,DMA,1966,
Dominica,DMA,1967,
Dominica,DMA,1968,
Dominica,DMA,1969,
Dominica,DMA,1970,
Dominica,DMA,1971,
Dominica,DMA,1972,
Dominica,DMA,1973,
Dominica,DMA,1974,
Dominica,DMA,1975,
Dominica,DMA,1976,
Dominica,DMA,1977,
Dominica,DMA,1978,
Dominica,DMA,1979,
Dominica,DMA,1980,
Dominica,DMA,1981,
Dominica,DMA,1982,
Dominica,DMA,1983,
Dominica,DMA,1984,
Dominica,DMA,1985,
Dominica,DMA,1986,
Dominica,DMA,1987,
Dominica,DMA,1988,
Dominica,DMA,1989,
Dominica,DMA,1990,11311.5519762062
Dominica,DMA,1991,11518.7646744945
Dominica,DMA,1992,11747.6117144571
Dominica,DMA,1993,11982.8592553573
Dominica,DMA,1994,11979.3992504496
Dominica,DMA,1995,12343.9001238545
Dominica,DMA,1996,12737.8972359049
Dominica,DMA,1997,13037.1491313755
Dominica,DMA,1998,13563.4528199459
Dominica,DMA,1999,13661.6785774172
Dominica,DMA,2000,14054.6548016043
Dominica,DMA,2001,14091.5491387572
Dominica,DMA,2002,13640.70330575
Dominica,DMA,2003,14398.0017636834
Dominica,DMA,2004,14962.2456326016
Dominica,DMA,2005,15080.5206040984
Dominica,DMA,2006,15727.7053232323
Dominica,DMA,2007,16560.5179009944
Dominica,DMA,2008,17738.0405685048
Dominica,DMA,2009,17534.0339616963
Dominica,DMA,2010,17516.7879573152
Dominica,DMA,2011,17475.0411061698
Dominica,DMA,2012,17431.1288003063
Dominica,DMA,2013,17282.6368040368
Dominica,DMA,2014,17520.8546265613
Dominica,DMA,2015,16920.9126555668
Dominica,DMA,2016,17364.0773046793
Dominica,DMA,2017,16314.2295558891
Dominica,DMA,2018,16877.1244880642
Dominica,DMA,2019,17619.4335416769
Dominica,DMA,2020,14919.5307686719
Dominica,DMA,2021,15808.9743503945
Dominica,DMA,2022,17550.8009946466
Dominica,DMA,2023,18278.2253401989
Dominica,DMA,2024,18739.3640404986
Denmark,DNK,1960,
Denmark,DNK,1961,
Denmark,DNK,1962,
Denmark,DNK,1963,
Denmark,DNK,1964,
Denmark,DNK,1965,
Denmark,DNK,1966,
Denmark,DNK,1967,
Denmark,DNK,1968,
Denmark,DNK,1969,
Denmark,DNK,1970,
Denmark,DNK,1971,
Denmark,DNK,1972,
Denmark,DNK,1973,
Denmark,DNK,1974,
Denmark,DNK,1975,
Denmark,DNK,1976,
Denmark,DNK,1977,
Denmark,DNK,1978,
Denmark,DNK,1979,
Denmark,DNK,1980,
Denmark,DNK,1981,
Denmark,DNK,1982,
Denmark,DNK,1983,
Denmark,DNK,1984,
Denmark,DNK,1985,
Denmark,DNK,1986,
Denmark,DNK,1987,
Denmark,DNK,1988,
Denmark,DNK,1989,
Denmark,DNK,1990,45943.8875401847
Denmark,DNK,1991,46493.0175958032
Denmark,DNK,1992,47276.8936589666
Denmark,DNK,1993,47082.4674371864
Denmark,DNK,1994,49408.2038213767
Denmark,DNK,1995,50644.7074582221
Denmark,DNK,1996,51817.1735416988
Denmark,DNK,1997,53237.2951913962
Denmark,DNK,1998,54278.2791190857
Denmark,DNK,1999,55704.2583988925
Denmark,DNK,2000,57585.8965553524
Denmark,DNK,2001,57925.0542954115
Denmark,DNK,2002,58003.8882572641
Denmark,DNK,2003,58101.4809549972
Denmark,DNK,2004,59560.4599503941
Denmark,DNK,2005,60798.1351548444
Denmark,DNK,2006,62911.3931382937
Denmark,DNK,2007,63251.3169416725
Denmark,DNK,2008,62618.4499382451
Denmark,DNK,2009,59185.9677505533
Denmark,DNK,2010,59856.3490860003
Denmark,DNK,2011,60391.7799332206
Denmark,DNK,2012,60161.7010660256
Denmark,DNK,2013,60745.7784800252
Denmark,DNK,2014,61210.9490922919
Denmark,DNK,2015,62059.1285991721
Denmark,DNK,2016,63468.9888246814
Denmark,DNK,2017,64989.4459872347
Denmark,DNK,2018,65870.8302554341
Denmark,DNK,2019,66758.6323346131
Denmark,DNK,2020,65379.3066120995
Denmark,DNK,2021,69327.998216527
Denmark,DNK,2022,69089.4692492289
Denmark,DNK,2023,68993.9031100362
Denmark,DNK,2024,71034.5789667138
Dominican Republic,DOM,1960,
Dominican Republic,DOM,1961,
Dominican Republic,DOM,1962,
Dominican Republic,DOM,1963,
Dominican Republic,DOM,1964,
Dominican Republic,DOM,1965,
Dominican Republic,DOM,1966,
Dominican Republic,DOM,1967,
Dominican Republic,DOM,1968,
Dominican Republic,DOM,1969,
Dominican Republic,DOM,1970,
Dominican Republic,DOM,1971,
Dominican Republic,DOM,1972,
Dominican Republic,DOM,1973,
Dominican Republic,DOM,1974,
Dominican Republic,DOM,1975,
Dominican Republic,DOM,1976,
Dominican Republic,DOM,1977,
Dominican Republic,DOM,1978,
Dominican Republic,DOM,1979,
Dominican Republic,DOM,1980,
Dominican Republic,DOM,1981,
Dominican Republic,DOM,1982,
Dominican Republic,DOM,1983,
Dominican Republic,DOM,1984,
Dominican Republic,DOM,1985,
Dominican Republic,DOM,1986,
Dominican Republic,DOM,1987,
Dominican Republic,DOM,1988,
Dominican Republic,DOM,1989,
Dominican Republic,DOM,1990,7327.72670133751
Dominican Republic,DOM,1991,7246.24670144222
Dominican Republic,DOM,1992,7900.76809265865
Dominican Republic,DOM,1993,8318.49178576126
Dominican Republic,DOM,1994,8372.07169739279
Dominican Republic,DOM,1995,8685.01648557062
Dominican Republic,DOM,1996,9036.88352149896
Dominican Republic,DOM,1997,9671.14817881707
Dominican Republic,DOM,1998,10150.4460178993
Dominican Republic,DOM,1999,10582.0775939337
Dominican Republic,DOM,2000,10896.3184155964
Dominican Republic,DOM,2001,10991.1363420488
Dominican Republic,DOM,2002,11313.0690271273
Dominican Republic,DOM,2003,11000.8684059352
Dominican Republic,DOM,2004,11131.2709216332
Dominican Republic,DOM,2005,12022.5080544053
Dominican Republic,DOM,2006,12961.9183632133
Dominican Republic,DOM,2007,13754.9212674095
Dominican Republic,DOM,2008,14030.1411084465
Dominican Republic,DOM,2009,13992.4103270189
Dominican Republic,DOM,2010,14975.0010126958
Dominican Republic,DOM,2011,15258.0858148503
Dominican Republic,DOM,2012,15487.2776356321
Dominican Republic,DOM,2013,16054.7677297656
Dominican Republic,DOM,2014,16993.587444403
Dominican Republic,DOM,2015,17973.1870256815
Dominican Republic,DOM,2016,18968.9752386179
Dominican Republic,DOM,2017,19501.8743054078
Dominican Republic,DOM,2018,20662.848586153
Dominican Republic,DOM,2019,21451.286441995
Dominican Republic,DOM,2020,19545.4099552943
Dominican Republic,DOM,2021,22053.4589869955
Dominican Republic,DOM,2022,22986.95808105
Dominican Republic,DOM,2023,23282.4895071054
Dominican Republic,DOM,2024,24229.8894872915
Algeria,DZA,1960,
Algeria,DZA,1961,
Algeria,DZA,1962,
Algeria,DZA,1963,
Algeria,DZA,1964,
Algeria,DZA,1965,
Algeria,DZA,1966,
Algeria,DZA,1967,
Algeria,DZA,1968,
Algeria,DZA,1969,
Algeria,DZA,1970,
Algeria,DZA,1971,
Algeria,DZA,1972,
Algeria,DZA,1973,
Algeria,DZA,1974,
Algeria,DZA,1975,
Algeria,DZA,1976,
Algeria,DZA,1977,
Algeria,DZA,1978,
Algeria,DZA,1979,
Algeria,DZA,1980,
Algeria,DZA,1981,
Algeria,DZA,1982,
Algeria,DZA,1983,
Algeria,DZA,1984,
Algeria,DZA,1985,
Algeria,DZA,1986,
Algeria,DZA,1987,
Algeria,DZA,1988,
Algeria,DZA,1989,
Algeria,DZA,1990,11728.5457286791
Algeria,DZA,1991,11314.8647351204
Algeria,DZA,1992,11241.4154173757
Algeria,DZA,1993,10743.7063534104
Algeria,DZA,1994,10414.0348241407
Algeria,DZA,1995,10588.4433695754
Algeria,DZA,1996,10808.8788666941
Algeria,DZA,1997,10725.9673493368
Algeria,DZA,1998,11094.8875368585
Algeria,DZA,1999,11292.0372997165
Algeria,DZA,2000,11558.220469383
Algeria,DZA,2001,11742.5946761225
Algeria,DZA,2002,12213.1263531246
Algeria,DZA,2003,12835.1814413331
Algeria,DZA,2004,13226.7650481165
Algeria,DZA,2005,13738.495644436
Algeria,DZA,2006,13920.6940553701
Algeria,DZA,2007,14114.6745192683
Algeria,DZA,2008,14206.7767147039
Algeria,DZA,2009,14104.42817214
Algeria,DZA,2010,14496.4211312996
Algeria,DZA,2011,14641.9640935685
Algeria,DZA,2012,14697.5396133853
Algeria,DZA,2013,14778.1914257233
Algeria,DZA,2014,15073.7629403565
Algeria,DZA,2015,15239.5171456469
Algeria,DZA,2016,15511.6858768094
Algeria,DZA,2017,15427.6641894713
Algeria,DZA,2018,15343.4261222434
Algeria,DZA,2019,15199.1989965639
Algeria,DZA,2020,14194.1557479619
Algeria,DZA,2021,14496.8654697299
Algeria,DZA,2022,14782.2002970247
Algeria,DZA,2023,15159.3242373415
Algeria,DZA,2024,15501.9197003966
East Asia & Pacific (excluding high income),EAP,1960,
East Asia & Pacific (excluding high income),EAP,1961,
East Asia & Pacific (excluding high income),EAP,1962,
East Asia & Pacific (excluding high income),EAP,1963,
East Asia & Pacific (excluding high income),EAP,1964,
East Asia & Pacific (excluding high income),EAP,1965,
East Asia & Pacific (excluding high income),EAP,1966,
East Asia & Pacific (excluding high income),EAP,1967,
East Asia & Pacific (excluding high income),EAP,1968,
East Asia & Pacific (excluding high income),EAP,1969,
East Asia & Pacific (excluding high income),EAP,1970,
East Asia & Pacific (excluding high income),EAP,1971,
East Asia & Pacific (excluding high income),EAP,1972,
East Asia & Pacific (excluding high income),EAP,1973,
East Asia & Pacific (excluding high income),EAP,1974,
East Asia & Pacific (excluding high income),EAP,1975,
East Asia & Pacific (excluding high income),EAP,1976,
East Asia & Pacific (excluding high income),EAP,1977,
East Asia & Pacific (excluding high income),EAP,1978,
East Asia & Pacific (excluding high income),EAP,1979,
East Asia & Pacific (excluding high income),EAP,1980,
East Asia & Pacific (excluding high income),EAP,1981,
East Asia & Pacific (excluding high income),EAP,1982,
East Asia & Pacific (excluding high income),EAP,1983,
East Asia & Pacific (excluding high income),EAP,1984,
East Asia & Pacific (excluding high income),EAP,1985,
East Asia & Pacific (excluding high income),EAP,1986,
East Asia & Pacific (excluding high income),EAP,1987,
East Asia & Pacific (excluding high income),EAP,1988,
East Asia & Pacific (excluding high income),EAP,1989,
East Asia & Pacific (excluding high income),EAP,1990,2513.1487677609
East Asia & Pacific (excluding high income),EAP,1991,2666.15847561936
East Asia & Pacific (excluding high income),EAP,1992,2897.38054762255
East Asia & Pacific (excluding high income),EAP,1993,3154.22243254223
East Asia & Pacific (excluding high income),EAP,1994,3429.01430264914
East Asia & Pacific (excluding high income),EAP,1995,3708.17880793941
East Asia & Pacific (excluding high income),EAP,1996,3982.14753018414
East Asia & Pacific (excluding high income),EAP,1997,4193.60794358361
East Asia & Pacific (excluding high income),EAP,1998,4182.86610637194
East Asia & Pacific (excluding high income),EAP,1999,4381.37967627433
East Asia & Pacific (excluding high income),EAP,2000,4657.55912991458
East Asia & Pacific (excluding high income),EAP,2001,4911.18611043866
East Asia & Pacific (excluding high income),EAP,2002,5242.15464773335
East Asia & Pacific (excluding high income),EAP,2003,5642.12208266042
East Asia & Pacific (excluding high income),EAP,2004,6083.62646258877
East Asia & Pacific (excluding high income),EAP,2005,6602.09453263948
East Asia & Pacific (excluding high income),EAP,2006,7224.84831620106
East Asia & Pacific (excluding high income),EAP,2007,8000.20286461305
East Asia & Pacific (excluding high income),EAP,2008,8584.68636024927
East Asia & Pacific (excluding high income),EAP,2009,9145.84848053611
East Asia & Pacific (excluding high income),EAP,2010,9942.07092081734
East Asia & Pacific (excluding high income),EAP,2011,10666.0705659069
East Asia & Pacific (excluding high income),EAP,2012,11359.2197969153
East Asia & Pacific (excluding high income),EAP,2013,12057.8749648364
East Asia & Pacific (excluding high income),EAP,2014,12769.1981633624
East Asia & Pacific (excluding high income),EAP,2015,13493.524313755
East Asia & Pacific (excluding high income),EAP,2016,14243.7964258558
East Asia & Pacific (excluding high income),EAP,2017,15060.2232906328
East Asia & Pacific (excluding high income),EAP,2018,15925.0623768718
East Asia & Pacific (excluding high income),EAP,2019,16754.1433686202
East Asia & Pacific (excluding high income),EAP,2020,16816.4721820442
East Asia & Pacific (excluding high income),EAP,2021,17966.100209993
East Asia & Pacific (excluding high income),EAP,2022,18600.2319795149
East Asia & Pacific (excluding high income),EAP,2023,19523.6746417972
East Asia & Pacific (excluding high income),EAP,2024,20453.9723473779
Early-demographic dividend,EAR,1960,
Early-demographic dividend,EAR,1961,
Early-demographic dividend,EAR,1962,
Early-demographic dividend,EAR,1963,
Early-demographic dividend,EAR,1964,
Early-demographic dividend,EAR,1965,
Early-demographic dividend,EAR,1966,
Early-demographic dividend,EAR,1967,
Early-demographic dividend,EAR,1968,
Early-demographic dividend,EAR,1969,
Early-demographic dividend,EAR,1970,
Early-demographic dividend,EAR,1971,
Early-demographic dividend,EAR,1972,
Early-demographic dividend,EAR,1973,
Early-demographic dividend,EAR,1974,
Early-demographic dividend,EAR,1975,
Early-demographic dividend,EAR,1976,
Early-demographic dividend,EAR,1977,
Early-demographic dividend,EAR,1978,
Early-demographic dividend,EAR,1979,
Early-demographic dividend,EAR,1980,
Early-demographic dividend,EAR,1981,
Early-demographic dividend,EAR,1982,
Early-demographic dividend,EAR,1983,
Early-demographic dividend,EAR,1984,
Early-demographic dividend,EAR,1985,
Early-demographic dividend,EAR,1986,
Early-demographic dividend,EAR,1987,
Early-demographic dividend,EAR,1988,
Early-demographic dividend,EAR,1989,
Early-demographic dividend,EAR,1990,5094.58000282578
Early-demographic dividend,EAR,1991,5176.4691535485
Early-demographic dividend,EAR,1992,5275.31844008233
Early-demographic dividend,EAR,1993,5350.58319117121
Early-demographic dividend,EAR,1994,5435.79578706418
Early-demographic dividend,EAR,1995,5504.46043289625
Early-demographic dividend,EAR,1996,5715.41959390182
Early-demographic dividend,EAR,1997,5864.23089997442
Early-demographic dividend,EAR,1998,5882.7706675039
Early-demographic dividend,EAR,1999,5943.9253223166
Early-demographic dividend,EAR,2000,6087.28134364184
Early-demographic dividend,EAR,2001,6085.68280987423
Early-demographic dividend,EAR,2002,6127.9339354675
Early-demographic dividend,EAR,2003,6349.71825063627
Early-demographic dividend,EAR,2004,6636.18276752838
Early-demographic dividend,EAR,2005,6923.1133842399
Early-demographic dividend,EAR,2006,7235.7951660671
Early-demographic dividend,EAR,2007,7545.60161194471
Early-demographic dividend,EAR,2008,7695.4992635113
Early-demographic dividend,EAR,2009,7719.71496411512
Early-demographic dividend,EAR,2010,8103.6486900692
Early-demographic dividend,EAR,2011,8395.01641616273
Early-demographic dividend,EAR,2012,8611.15721165569
Early-demographic dividend,EAR,2013,8851.68203650431
Early-demographic dividend,EAR,2014,9135.22651387837
Early-demographic dividend,EAR,2015,9461.90923467549
Early-demographic dividend,EAR,2016,9809.61992015041
Early-demographic dividend,EAR,2017,10168.9948852815
Early-demographic dividend,EAR,2018,10473.9534525465
Early-demographic dividend,EAR,2019,10646.4619363587
Early-demographic dividend,EAR,2020,10109.6737751343
Early-demographic dividend,EAR,2021,10742.1039496291
Early-demographic dividend,EAR,2022,11282.8843924963
Early-demographic dividend,EAR,2023,11661.5918962624
Early-demographic dividend,EAR,2024,12032.0275625524
East Asia & Pacific,EAS,1960,
East Asia & Pacific,EAS,1961,
East Asia & Pacific,EAS,1962,
East Asia & Pacific,EAS,1963,
East Asia & Pacific,EAS,1964,
East Asia & Pacific,EAS,1965,
East Asia & Pacific,EAS,1966,
East Asia & Pacific,EAS,1967,
East Asia & Pacific,EAS,1968,
East Asia & Pacific,EAS,1969,
East Asia & Pacific,EAS,1970,
East Asia & Pacific,EAS,1971,
East Asia & Pacific,EAS,1972,
East Asia & Pacific,EAS,1973,
East Asia & Pacific,EAS,1974,
East Asia & Pacific,EAS,1975,
East Asia & Pacific,EAS,1976,
East Asia & Pacific,EAS,1977,
East Asia & Pacific,EAS,1978,
East Asia & Pacific,EAS,1979,
East Asia & Pacific,EAS,1980,
East Asia & Pacific,EAS,1981,
East Asia & Pacific,EAS,1982,
East Asia & Pacific,EAS,1983,
East Asia & Pacific,EAS,1984,
East Asia & Pacific,EAS,1985,
East Asia & Pacific,EAS,1986,
East Asia & Pacific,EAS,1987,
East Asia & Pacific,EAS,1988,
East Asia & Pacific,EAS,1989,
East Asia & Pacific,EAS,1990,5815.80021369785
East Asia & Pacific,EAS,1991,6046.55264045727
East Asia & Pacific,EAS,1992,6279.9291302151
East Asia & Pacific,EAS,1993,6524.51465914088
East Asia & Pacific,EAS,1994,6836.72715110799
East Asia & Pacific,EAS,1995,7182.17200720928
East Asia & Pacific,EAS,1996,7538.4595892928
East Asia & Pacific,EAS,1997,7796.61482535403
East Asia & Pacific,EAS,1998,7692.32586829206
East Asia & Pacific,EAS,1999,7934.29251535724
East Asia & Pacific,EAS,2000,8325.62081782919
East Asia & Pacific,EAS,2001,8556.30560152029
East Asia & Pacific,EAS,2002,8914.78213693978
East Asia & Pacific,EAS,2003,9336.59013882495
East Asia & Pacific,EAS,2004,9862.16262997671
East Asia & Pacific,EAS,2005,10431.1095006537
East Asia & Pacific,EAS,2006,11097.9739919682
East Asia & Pacific,EAS,2007,11921.896725096
East Asia & Pacific,EAS,2008,12431.1482309746
East Asia & Pacific,EAS,2009,12758.3950797594
East Asia & Pacific,EAS,2010,13696.2947762482
East Asia & Pacific,EAS,2011,14400.6590412877
East Asia & Pacific,EAS,2012,15098.1782758143
East Asia & Pacific,EAS,2013,15817.3941720124
East Asia & Pacific,EAS,2014,16527.9651914163
East Asia & Pacific,EAS,2015,17242.0281854081
East Asia & Pacific,EAS,2016,17975.4681423015
East Asia & Pacific,EAS,2017,18809.5074896107
East Asia & Pacific,EAS,2018,19664.4172118015
East Asia & Pacific,EAS,2019,20432.9804270249
East Asia & Pacific,EAS,2020,20334.2253803516
East Asia & Pacific,EAS,2021,21598.5847592384
East Asia & Pacific,EAS,2022,22275.3875573423
East Asia & Pacific,EAS,2023,23181.8602930067
East Asia & Pacific,EAS,2024,24094.1594209983
Europe & Central Asia (excluding high income),ECA,1960,
Europe & Central Asia (excluding high income),ECA,1961,
Europe & Central Asia (excluding high income),ECA,1962,
Europe & Central Asia (excluding high income),ECA,1963,
Europe & Central Asia (excluding high income),ECA,1964,
Europe & Central Asia (excluding high income),ECA,1965,
Europe & Central Asia (excluding high income),ECA,1966,
Europe & Central Asia (excluding high income),ECA,1967,
Europe & Central Asia (excluding high income),ECA,1968,
Europe & Central Asia (excluding high income),ECA,1969,
Europe & Central Asia (excluding high income),ECA,1970,
Europe & Central Asia (excluding high income),ECA,1971,
Europe & Central Asia (excluding high income),ECA,1972,
Europe & Central Asia (excluding high income),ECA,1973,
Europe & Central Asia (excluding high income),ECA,1974,
Europe & Central Asia (excluding high income),ECA,1975,
Europe & Central Asia (excluding high income),ECA,1976,
Europe & Central Asia (excluding high income),ECA,1977,
Europe & Central Asia (excluding high income),ECA,1978,
Europe & Central Asia (excluding high income),ECA,1979,
Europe & Central Asia (excluding high income),ECA,1980,
Europe & Central Asia (excluding high income),ECA,1981,
Europe & Central Asia (excluding high income),ECA,1982,
Europe & Central Asia (excluding high income),ECA,1983,
Europe & Central Asia (excluding high income),ECA,1984,
Europe & Central Asia (excluding high income),ECA,1985,
Europe & Central Asia (excluding high income),ECA,1986,
Europe & Central Asia (excluding high income),ECA,1987,
Europe & Central Asia (excluding high income),ECA,1988,
Europe & Central Asia (excluding high income),ECA,1989,
Europe & Central Asia (excluding high income),ECA,1990,13647.5218632343
Europe & Central Asia (excluding high income),ECA,1991,12680.1183648226
Europe & Central Asia (excluding high income),ECA,1992,11661.1909652458
Europe & Central Asia (excluding high income),ECA,1993,10874.0362896797
Europe & Central Asia (excluding high income),ECA,1994,9361.8463599444
Europe & Central Asia (excluding high income),ECA,1995,9084.0513672276
Europe & Central Asia (excluding high income),ECA,1996,9138.666641631
Europe & Central Asia (excluding high income),ECA,1997,9480.64494445158
Europe & Central Asia (excluding high income),ECA,1998,9612.48741097623
Europe & Central Asia (excluding high income),ECA,1999,9523.09025713947
Europe & Central Asia (excluding high income),ECA,2000,10114.3121953416
Europe & Central Asia (excluding high income),ECA,2001,10283.066909886
Europe & Central Asia (excluding high income),ECA,2002,10877.3148937274
Europe & Central Asia (excluding high income),ECA,2003,11606.5555262176
Europe & Central Asia (excluding high income),ECA,2004,12698.5310733665
Europe & Central Asia (excluding high income),ECA,2005,13619.1025396081
Europe & Central Asia (excluding high income),ECA,2006,14697.18588924
Europe & Central Asia (excluding high income),ECA,2007,15787.6955451826
Europe & Central Asia (excluding high income),ECA,2008,16210.0504480826
Europe & Central Asia (excluding high income),ECA,2009,15297.0834587453
Europe & Central Asia (excluding high income),ECA,2010,16161.7210700137
Europe & Central Asia (excluding high income),ECA,2011,17230.7820985073
Europe & Central Asia (excluding high income),ECA,2012,17669.0165699365
Europe & Central Asia (excluding high income),ECA,2013,18466.622777594
Europe & Central Asia (excluding high income),ECA,2014,18576.9583888343
Europe & Central Asia (excluding high income),ECA,2015,18721.7381996886
Europe & Central Asia (excluding high income),ECA,2016,19031.7409328875
Europe & Central Asia (excluding high income),ECA,2017,19877.8402506784
Europe & Central Asia (excluding high income),ECA,2018,20447.4402502475
Europe & Central Asia (excluding high income),ECA,2019,20830.979013781
Europe & Central Asia (excluding high income),ECA,2020,20592.416057405
Europe & Central Asia (excluding high income),ECA,2021,22179.1768626
Europe & Central Asia (excluding high income),ECA,2022,22334.4443361062
Europe & Central Asia (excluding high income),ECA,2023,23625.9236116503
Europe & Central Asia (excluding high income),ECA,2024,24430.2175202769
Europe & Central Asia,ECS,1960,
Europe & Central Asia,ECS,1961,
Europe & Central Asia,ECS,1962,
Europe & Central Asia,ECS,1963,
Europe & Central Asia,ECS,1964,
Europe & Central Asia,ECS,1965,
Europe & Central Asia,ECS,1966,
Europe & Central Asia,ECS,1967,
Europe & Central Asia,ECS,1968,
Europe & Central Asia,ECS,1969,
Europe & Central Asia,ECS,1970,
Europe & Central Asia,ECS,1971,
Europe & Central Asia,ECS,1972,
Europe & Central Asia,ECS,1973,
Europe & Central Asia,ECS,1974,
Europe & Central Asia,ECS,1975,
Europe & Central Asia,ECS,1976,
Europe & Central Asia,ECS,1977,
Europe & Central Asia,ECS,1978,
Europe & Central Asia,ECS,1979,
Europe & Central Asia,ECS,1980,
Europe & Central Asia,ECS,1981,
Europe & Central Asia,ECS,1982,
Europe & Central Asia,ECS,1983,
Europe & Central Asia,ECS,1984,
Europe & Central Asia,ECS,1985,
Europe & Central Asia,ECS,1986,
Europe & Central Asia,ECS,1987,
Europe & Central Asia,ECS,1988,
Europe & Central Asia,ECS,1989,
Europe & Central Asia,ECS,1990,28257.1525033219
Europe & Central Asia,ECS,1991,27767.2881602329
Europe & Central Asia,ECS,1992,26853.5572948704
Europe & Central Asia,ECS,1993,26210.3492165114
Europe & Central Asia,ECS,1994,25912.8528023106
Europe & Central Asia,ECS,1995,26271.0760840145
Europe & Central Asia,ECS,1996,26569.1426430265
Europe & Central Asia,ECS,1997,27276.214482002
Europe & Central Asia,ECS,1998,27765.4601072202
Europe & Central Asia,ECS,1999,28544.0723106015
Europe & Central Asia,ECS,2000,29894.2044586737
Europe & Central Asia,ECS,2001,30618.862698665
Europe & Central Asia,ECS,2002,31205.0666750463
Europe & Central Asia,ECS,2003,31923.9529324761
Europe & Central Asia,ECS,2004,33095.6532013292
Europe & Central Asia,ECS,2005,34097.2420817179
Europe & Central Asia,ECS,2006,35577.2638014529
Europe & Central Asia,ECS,2007,37062.8036849749
Europe & Central Asia,ECS,2008,37541.0289513637
Europe & Central Asia,ECS,2009,35593.628989975
Europe & Central Asia,ECS,2010,36489.0686918933
Europe & Central Asia,ECS,2011,37429.4390620427
Europe & Central Asia,ECS,2012,37554.903030647
Europe & Central Asia,ECS,2013,37826.0934997704
Europe & Central Asia,ECS,2014,38307.7252927013
Europe & Central Asia,ECS,2015,38753.9033161838
Europe & Central Asia,ECS,2016,39278.9171415545
Europe & Central Asia,ECS,2017,40335.4288573608
Europe & Central Asia,ECS,2018,41177.7339574417
Europe & Central Asia,ECS,2019,41861.0781841263
Europe & Central Asia,ECS,2020,39782.3728089927
Europe & Central Asia,ECS,2021,42434.0454804633
Europe & Central Asia,ECS,2022,43537.4882557812
Europe & Central Asia,ECS,2023,44220.8251180735
Europe & Central Asia,ECS,2024,44981.3192926243
Ecuador,ECU,1960,
Ecuador,ECU,1961,
Ecuador,ECU,1962,
Ecuador,ECU,1963,
Ecuador,ECU,1964,
Ecuador,ECU,1965,
Ecuador,ECU,1966,
Ecuador,ECU,1967,
Ecuador,ECU,1968,
Ecuador,ECU,1969,
Ecuador,ECU,1970,
Ecuador,ECU,1971,
Ecuador,ECU,1972,
Ecuador,ECU,1973,
Ecuador,ECU,1974,
Ecuador,ECU,1975,
Ecuador,ECU,1976,
Ecuador,ECU,1977,
Ecuador,ECU,1978,
Ecuador,ECU,1979,
Ecuador,ECU,1980,
Ecuador,ECU,1981,
Ecuador,ECU,1982,
Ecuador,ECU,1983,
Ecuador,ECU,1984,
Ecuador,ECU,1985,
Ecuador,ECU,1986,
Ecuador,ECU,1987,
Ecuador,ECU,1988,
Ecuador,ECU,1989,
Ecuador,ECU,1990,9104.81599790272
Ecuador,ECU,1991,9292.61779173762
Ecuador,ECU,1992,9291.3710483042
Ecuador,ECU,1993,9284.31503431235
Ecuador,ECU,1994,9494.17506194696
Ecuador,ECU,1995,9525.17701832407
Ecuador,ECU,1996,9509.27540633173
Ecuador,ECU,1997,9739.26682428016
Ecuador,ECU,1998,9876.7507512592
Ecuador,ECU,1999,9242.96681019585
Ecuador,ECU,2000,9183.05155276919
Ecuador,ECU,2001,9405.11680690106
Ecuador,ECU,2002,9697.55517665978
Ecuador,ECU,2003,9802.81408202125
Ecuador,ECU,2004,10290.6634264766
Ecuador,ECU,2005,10660.2046228939
Ecuador,ECU,2006,10933.4897470283
Ecuador,ECU,2007,10952.8226853948
Ecuador,ECU,2008,11474.5257023541
Ecuador,ECU,2009,11403.5277978831
Ecuador,ECU,2010,11665.6978598204
Ecuador,ECU,2011,12449.0785549218
Ecuador,ECU,2012,12961.0267423765
Ecuador,ECU,2013,13689.1520460125
Ecuador,ECU,2014,14064.7992246727
Ecuador,ECU,2015,13881.5700738105
Ecuador,ECU,2016,13586.5160772568
Ecuador,ECU,2017,14179.1537503305
Ecuador,ECU,2018,14083.5069982304
Ecuador,ECU,2019,13870.4895118068
Ecuador,ECU,2020,12440.3263747814
Ecuador,ECU,2021,13507.4445638375
Ecuador,ECU,2022,14186.6388544625
Ecuador,ECU,2023,14321.1648295611
Ecuador,ECU,2024,13922.4222780744
"Egypt, Arab Rep.",EGY,1960,
"Egypt, Arab Rep.",EGY,1961,
"Egypt, Arab Rep.",EGY,1962,
"Egypt, Arab Rep.",EGY,1963,
"Egypt, Arab Rep.",EGY,1964,
"Egypt, Arab Rep.",EGY,1965,
"Egypt, Arab Rep.",EGY,1966,
"Egypt, Arab Rep.",EGY,1967,
"Egypt, Arab Rep.",EGY,1968,
"Egypt, Arab Rep.",EGY,1969,
"Egypt, Arab Rep.",EGY,1970,
"Egypt, Arab Rep.",EGY,1971,
"Egypt, Arab Rep.",EGY,1972,
"Egypt, Arab Rep.",EGY,1973,
"Egypt, Arab Rep.",EGY,1974,
"Egypt, Arab Rep.",EGY,1975,
"Egypt, Arab Rep.",EGY,1976,
"Egypt, Arab Rep.",EGY,1977,
"Egypt, Arab Rep.",EGY,1978,
"Egypt, Arab Rep.",EGY,1979,
"Egypt, Arab Rep.",EGY,1980,
"Egypt, Arab Rep.",EGY,1981,
"Egypt, Arab Rep.",EGY,1982,
"Egypt, Arab Rep.",EGY,1983,
"Egypt, Arab Rep.",EGY,1984,
"Egypt, Arab Rep.",EGY,1985,
"Egypt, Arab Rep.",EGY,1986,
"Egypt, Arab Rep.",EGY,1987,
"Egypt, Arab Rep.",EGY,1988,
"Egypt, Arab Rep.",EGY,1989,
"Egypt, Arab Rep.",EGY,1990,8006.62143740129
"Egypt, Arab Rep.",EGY,1991,7876.55257552889
"Egypt, Arab Rep.",EGY,1992,8034.56230124583
"Egypt, Arab Rep.",EGY,1993,8079.05480679221
"Egypt, Arab Rep.",EGY,1994,8221.04684774388
"Egypt, Arab Rep.",EGY,1995,8423.57817498243
"Egypt, Arab Rep.",EGY,1996,8662.33147868251
"Egypt, Arab Rep.",EGY,1997,8950.6541069311
"Egypt, Arab Rep.",EGY,1998,9245.47890468363
"Egypt, Arab Rep.",EGY,1999,9588.8593851379
"Egypt, Arab Rep.",EGY,2000,9981.62775081593
"Egypt, Arab Rep.",EGY,2001,10117.3331821542
"Egypt, Arab Rep.",EGY,2002,10143.5063456555
"Egypt, Arab Rep.",EGY,2003,10250.376550149
"Egypt, Arab Rep.",EGY,2004,10451.8217511529
"Egypt, Arab Rep.",EGY,2005,10700.6090372525
"Egypt, Arab Rep.",EGY,2006,11211.8320228671
"Egypt, Arab Rep.",EGY,2007,11782.0060717026
"Egypt, Arab Rep.",EGY,2008,12391.5847624938
"Egypt, Arab Rep.",EGY,2009,12728.0814587564
"Egypt, Arab Rep.",EGY,2010,13128.9878334831
"Egypt, Arab Rep.",EGY,2011,13082.4263680239
"Egypt, Arab Rep.",EGY,2012,13076.8052394876
"Egypt, Arab Rep.",EGY,2013,13058.0748238237
"Egypt, Arab Rep.",EGY,2014,13136.3656298099
"Egypt, Arab Rep.",EGY,2015,13425.9119599492
"Egypt, Arab Rep.",EGY,2016,13727.3201600816
"Egypt, Arab Rep.",EGY,2017,14018.3605934411
"Egypt, Arab Rep.",EGY,2018,14488.2094340261
"Egypt, Arab Rep.",EGY,2019,15026.568243683
"Egypt, Arab Rep.",EGY,2020,15309.2359881835
"Egypt, Arab Rep.",EGY,2021,15579.0160861551
"Egypt, Arab Rep.",EGY,2022,16360.390775011
"Egypt, Arab Rep.",EGY,2023,16691.3873991962
"Egypt, Arab Rep.",EGY,2024,16798.151577838
Euro area,EMU,1960,
Euro area,EMU,1961,
Euro area,EMU,1962,
Euro area,EMU,1963,
Euro area,EMU,1964,
Euro area,EMU,1965,
Euro area,EMU,1966,
Euro area,EMU,1967,
Euro area,EMU,1968,
Euro area,EMU,1969,
Euro area,EMU,1970,
Euro area,EMU,1971,
Euro area,EMU,1972,
Euro area,EMU,1973,
Euro area,EMU,1974,
Euro area,EMU,1975,
Euro area,EMU,1976,
Euro area,EMU,1977,
Euro area,EMU,1978,
Euro area,EMU,1979,
Euro area,EMU,1980,
Euro area,EMU,1981,
Euro area,EMU,1982,
Euro area,EMU,1983,
Euro area,EMU,1984,
Euro area,EMU,1985,
Euro area,EMU,1986,
Euro area,EMU,1987,
Euro area,EMU,1988,
Euro area,EMU,1989,
Euro area,EMU,1990,37247.3911756829
Euro area,EMU,1991,37879.5743504232
Euro area,EMU,1992,38062.3856274222
Euro area,EMU,1993,37627.58900601
Euro area,EMU,1994,38450.1413555838
Euro area,EMU,1995,39321.7879542568
Euro area,EMU,1996,39943.8747124253
Euro area,EMU,1997,40911.6060494674
Euro area,EMU,1998,42064.6142178215
Euro area,EMU,1999,43176.6145816034
Euro area,EMU,2000,44733.6547581208
Euro area,EMU,2001,45611.9621128616
Euro area,EMU,2002,45891.2509030803
Euro area,EMU,2003,46049.3477888474
Euro area,EMU,2004,46891.9654959632
Euro area,EMU,2005,47524.4605129111
Euro area,EMU,2006,48915.1525453044
Euro area,EMU,2007,50167.5925974003
Euro area,EMU,2008,50163.9012074228
Euro area,EMU,2009,47740.2973322669
Euro area,EMU,2010,48591.055785738
Euro area,EMU,2011,49493.9221375454
Euro area,EMU,2012,48904.1161236867
Euro area,EMU,2013,48741.8654499657
Euro area,EMU,2014,49365.1435330313
Euro area,EMU,2015,50293.9078769481
Euro area,EMU,2016,51089.957079337
Euro area,EMU,2017,52337.9135018369
Euro area,EMU,2018,53176.6368877298
Euro area,EMU,2019,53928.4684797856
Euro area,EMU,2020,50532.2927661621
Euro area,EMU,2021,53780.959568799
Euro area,EMU,2022,55638.6407909597
Euro area,EMU,2023,55706.2816060906
Euro area,EMU,2024,56054.0977302368
Eritrea,ERI,1960,
Eritrea,ERI,1961,
Eritrea,ERI,1962,
Eritrea,ERI,1963,
Eritrea,ERI,1964,
Eritrea,ERI,1965,
Eritrea,ERI,1966,
Eritrea,ERI,1967,
Eritrea,ERI,1968,
Eritrea,ERI,1969,
Eritrea,ERI,1970,
Eritrea,ERI,1971,
Eritrea,ERI,1972,
Eritrea,ERI,1973,
Eritrea,ERI,1974,
Eritrea,ERI,1975,
Eritrea,ERI,1976,
Eritrea,ERI,1977,
Eritrea,ERI,1978,
Eritrea,ERI,1979,
Eritrea,ERI,1980,
Eritrea,ERI,1981,
Eritrea,ERI,1982,
Eritrea,ERI,1983,
Eritrea,ERI,1984,
Eritrea,ERI,1985,
Eritrea,ERI,1986,
Eritrea,ERI,1987,
Eritrea,ERI,1988,
Eritrea,ERI,1989,
Eritrea,ERI,1990,
Eritrea,ERI,1991,
Eritrea,ERI,1992,
Eritrea,ERI,1993,
Eritrea,ERI,1994,
Eritrea,ERI,1995,
Eritrea,ERI,1996,
Eritrea,ERI,1997,
Eritrea,ERI,1998,
Eritrea,ERI,1999,
Eritrea,ERI,2000,
Eritrea,ERI,2001,
Eritrea,ERI,2002,
Eritrea,ERI,2003,
Eritrea,ERI,2004,
Eritrea,ERI,2005,
Eritrea,ERI,2006,
Eritrea,ERI,2007,
Eritrea,ERI,2008,
Eritrea,ERI,2009,
Eritrea,ERI,2010,
Eritrea,ERI,2011,
Eritrea,ERI,2012,
Eritrea,ERI,2013,
Eritrea,ERI,2014,
Eritrea,ERI,2015,
Eritrea,ERI,2016,
Eritrea,ERI,2017,
Eritrea,ERI,2018,
Eritrea,ERI,2019,
Eritrea,ERI,2020,
Eritrea,ERI,2021,
Eritrea,ERI,2022,
Eritrea,ERI,2023,
Eritrea,ERI,2024,
Spain,ESP,1960,
Spain,ESP,1961,
Spain,ESP,1962,
Spain,ESP,1963,
Spain,ESP,1964,
Spain,ESP,1965,
Spain,ESP,1966,
Spain,ESP,1967,
Spain,ESP,1968,
Spain,ESP,1969,
Spain,ESP,1970,
Spain,ESP,1971,
Spain,ESP,1972,
Spain,ESP,1973,
Spain,ESP,1974,
Spain,ESP,1975,
Spain,ESP,1976,
Spain,ESP,1977,
Spain,ESP,1978,
Spain,ESP,1979,
Spain,ESP,1980,
Spain,ESP,1981,
Spain,ESP,1982,
Spain,ESP,1983,
Spain,ESP,1984,
Spain,ESP,1985,
Spain,ESP,1986,
Spain,ESP,1987,
Spain,ESP,1988,
Spain,ESP,1989,
Spain,ESP,1990,31773.2267420042
Spain,ESP,1991,32499.3481371902
Spain,ESP,1992,32641.082719936
Spain,ESP,1993,32137.3138437727
Spain,ESP,1994,32746.9287826598
Spain,ESP,1995,33501.7314182929
Spain,ESP,1996,34232.3786868602
Spain,ESP,1997,35312.0862854389
Spain,ESP,1998,36679.0942334698
Spain,ESP,1999,38141.316878689
Spain,ESP,2000,39945.8971298178
Spain,ESP,2001,41224.2924057393
Spain,ESP,2002,41766.0378188791
Spain,ESP,2003,42223.130174522
Spain,ESP,2004,42793.3902326006
Spain,ESP,2005,43570.7652574033
Spain,ESP,2006,44572.6815459931
Spain,ESP,2007,45301.2843416374
Spain,ESP,2008,44926.348951812
Spain,ESP,2009,42852.220888454
Spain,ESP,2010,42695.5274189933
Spain,ESP,2011,42271.8346788238
Spain,ESP,2012,41034.0481566356
Spain,ESP,2013,40594.914008768
Spain,ESP,2014,41339.4111169417
Spain,ESP,2015,43053.761430314
Spain,ESP,2016,44274.6676149922
Spain,ESP,2017,45446.2508575695
Spain,ESP,2018,46325.2099441141
Spain,ESP,2019,46896.4171141424
Spain,ESP,2020,41553.4477945675
Spain,ESP,2021,44251.6658222621
Spain,ESP,2022,46733.4809780536
Spain,ESP,2023,47322.5937004504
Spain,ESP,2024,48460.2914069661
Estonia,EST,1960,
Estonia,EST,1961,
Estonia,EST,1962,
Estonia,EST,1963,
Estonia,EST,1964,
Estonia,EST,1965,
Estonia,EST,1966,
Estonia,EST,1967,
Estonia,EST,1968,
Estonia,EST,1969,
Estonia,EST,1970,
Estonia,EST,1971,
Estonia,EST,1972,
Estonia,EST,1973,
Estonia,EST,1974,
Estonia,EST,1975,
Estonia,EST,1976,
Estonia,EST,1977,
Estonia,EST,1978,
Estonia,EST,1979,
Estonia,EST,1980,
Estonia,EST,1981,
Estonia,EST,1982,
Estonia,EST,1983,
Estonia,EST,1984,
Estonia,EST,1985,
Estonia,EST,1986,
Estonia,EST,1987,
Estonia,EST,1988,
Estonia,EST,1989,
Estonia,EST,1990,19161.4451588782
Estonia,EST,1991,17717.3052283857
Estonia,EST,1992,14223.9075668693
Estonia,EST,1993,13757.0155625665
Estonia,EST,1994,13823.5566022429
Estonia,EST,1995,14709.5998060844
Estonia,EST,1996,15666.1330451502
Estonia,EST,1997,17913.7869992626
Estonia,EST,1998,18871.6196795957
Estonia,EST,1999,18736.15453395
Estonia,EST,2000,20526.6606380865
Estonia,EST,2001,21872.6593953112
Estonia,EST,2002,23537.7156816601
Estonia,EST,2003,25485.1613028986
Estonia,EST,2004,27381.5350626694
Estonia,EST,2005,30161.1996133966
Estonia,EST,2006,33301.4945486206
Estonia,EST,2007,35986.5161332684
Estonia,EST,2008,34233.7643806167
Estonia,EST,2009,29281.6798284656
Estonia,EST,2010,30067.501040775
Estonia,EST,2011,32453.1008476709
Estonia,EST,2012,33765.4302075072
Estonia,EST,2013,34481.0148921506
Estonia,EST,2014,35720.3025335234
Estonia,EST,2015,36353.0580520449
Estonia,EST,2016,37466.5561839318
Estonia,EST,2017,39529.785973279
Estonia,EST,2018,40849.8473475564
Estonia,EST,2019,42215.0343835811
Estonia,EST,2020,40916.7194113327
Estonia,EST,2021,44247.4198971873
Estonia,EST,2022,43124.6196563775
Estonia,EST,2023,41284.7746875532
Estonia,EST,2024,41185.8348356109
Ethiopia,ETH,1960,
Ethiopia,ETH,1961,
Ethiopia,ETH,1962,
Ethiopia,ETH,1963,
Ethiopia,ETH,1964,
Ethiopia,ETH,1965,
Ethiopia,ETH,1966,
Ethiopia,ETH,1967,
Ethiopia,ETH,1968,
Ethiopia,ETH,1969,
Ethiopia,ETH,1970,
Ethiopia,ETH,1971,
Ethiopia,ETH,1972,
Ethiopia,ETH,1973,
Ethiopia,ETH,1974,
Ethiopia,ETH,1975,
Ethiopia,ETH,1976,
Ethiopia,ETH,1977,
Ethiopia,ETH,1978,
Ethiopia,ETH,1979,
Ethiopia,ETH,1980,
Ethiopia,ETH,1981,
Ethiopia,ETH,1982,
Ethiopia,ETH,1983,
Ethiopia,ETH,1984,
Ethiopia,ETH,1985,
Ethiopia,ETH,1986,
Ethiopia,ETH,1987,
Ethiopia,ETH,1988,
Ethiopia,ETH,1989,
Ethiopia,ETH,1990,874.346936177412
Ethiopia,ETH,1991,777.523566111367
Ethiopia,ETH,1992,680.834766968487
Ethiopia,ETH,1993,743.708485784759
Ethiopia,ETH,1994,741.176623590106
Ethiopia,ETH,1995,760.264345010486
Ethiopia,ETH,1996,826.991658768996
Ethiopia,ETH,1997,826.005218027215
Ethiopia,ETH,1998,772.786646386223
Ethiopia,ETH,1999,787.679577475987
Ethiopia,ETH,2000,810.270749115591
Ethiopia,ETH,2001,851.313428411291
Ethiopia,ETH,2002,838.298046952135
Ethiopia,ETH,2003,795.772138298998
Ethiopia,ETH,2004,877.114494958363
Ethiopia,ETH,2005,952.115666282409
Ethiopia,ETH,2006,1024.72911937532
Ethiopia,ETH,2007,1109.14330259683
Ethiopia,ETH,2008,1193.74728331296
Ethiopia,ETH,2009,1262.46398000981
Ethiopia,ETH,2010,1381.19044650715
Ethiopia,ETH,2011,1492.53396469943
Ethiopia,ETH,2012,1576.76875733933
Ethiopia,ETH,2013,1696.86515588665
Ethiopia,ETH,2014,1821.39161772403
Ethiopia,ETH,2015,1957.41454184551
Ethiopia,ETH,2016,2084.84055616471
Ethiopia,ETH,2017,2222.82824478259
Ethiopia,ETH,2018,2311.16511656359
Ethiopia,ETH,2019,2437.97046047967
Ethiopia,ETH,2020,2516.54907638899
Ethiopia,ETH,2021,2588.41310213778
Ethiopia,ETH,2022,2655.59276743639
Ethiopia,ETH,2023,2757.95923626099
Ethiopia,ETH,2024,2892.22220162795
European Union,EUU,1960,
European Union,EUU,1961,
European Union,EUU,1962,
European Union,EUU,1963,
European Union,EUU,1964,
European Union,EUU,1965,
European Union,EUU,1966,
European Union,EUU,1967,
European Union,EUU,1968,
European Union,EUU,1969,
European Union,EUU,1970,
European Union,EUU,1971,
European Union,EUU,1972,
European Union,EUU,1973,
European Union,EUU,1974,
European Union,EUU,1975,
European Union,EUU,1976,
European Union,EUU,1977,
European Union,EUU,1978,
European Union,EUU,1979,
European Union,EUU,1980,
European Union,EUU,1981,
European Union,EUU,1982,
European Union,EUU,1983,
European Union,EUU,1984,
European Union,EUU,1985,
European Union,EUU,1986,
European Union,EUU,1987,
European Union,EUU,1988,
European Union,EUU,1989,
European Union,EUU,1990,33422.6167234009
European Union,EUU,1991,33583.8536499109
European Union,EUU,1992,33682.8036907064
European Union,EUU,1993,33381.2785333714
European Union,EUU,1994,34198.7012748602
European Union,EUU,1995,35113.9235748767
European Union,EUU,1996,35774.041660238
European Union,EUU,1997,36637.8290089743
European Union,EUU,1998,37661.3103302901
European Union,EUU,1999,38687.8592366032
European Union,EUU,2000,40161.0962541705
European Union,EUU,2001,41009.6231907529
European Union,EUU,2002,41423.9551021717
European Union,EUU,2003,41730.1192122343
European Union,EUU,2004,42726.6206274142
European Union,EUU,2005,43477.091531045
European Union,EUU,2006,44947.0641658876
European Union,EUU,2007,46274.9825825459
European Union,EUU,2008,46521.2455019681
European Union,EUU,2009,44430.4810088447
European Union,EUU,2010,45251.0407991375
European Union,EUU,2011,46206.0702456512
European Union,EUU,2012,45788.921010839
European Union,EUU,2013,45724.832051248
European Union,EUU,2014,46455.5685991692
European Union,EUU,2015,47490.9137112119
European Union,EUU,2016,48336.5082885839
European Union,EUU,2017,49704.2541206968
European Union,EUU,2018,50737.2331625802
European Union,EUU,2019,51662.076917369
European Union,EUU,2020,48769.5135471727
European Union,EUU,2021,51968.4388292725
European Union,EUU,2022,53777.3333629812
European Union,EUU,2023,53861.7951609765
European Union,EUU,2024,54341.6257163912
Finland,FIN,1960,
Finland,FIN,1961,
Finland,FIN,1962,
Finland,FIN,1963,
Finland,FIN,1964,
Finland,FIN,1965,
Finland,FIN,1966,
Finland,FIN,1967,
Finland,FIN,1968,
Finland,FIN,1969,
Finland,FIN,1970,
Finland,FIN,1971,
Finland,FIN,1972,
Finland,FIN,1973,
Finland,FIN,1974,
Finland,FIN,1975,
Finland,FIN,1976,
Finland,FIN,1977,
Finland,FIN,1978,
Finland,FIN,1979,
Finland,FIN,1980,
Finland,FIN,1981,
Finland,FIN,1982,
Finland,FIN,1983,
Finland,FIN,1984,
Finland,FIN,1985,
Finland,FIN,1986,
Finland,FIN,1987,
Finland,FIN,1988,
Finland,FIN,1989,
Finland,FIN,1990,38807.1185244347
Finland,FIN,1991,36326.0828945358
Finland,FIN,1992,34926.3833591341
Finland,FIN,1993,34486.7522555352
Finland,FIN,1994,35699.7203086225
Finland,FIN,1995,37069.62898136
Finland,FIN,1996,38301.5126175582
Finland,FIN,1997,40630.921767316
Finland,FIN,1998,42733.4455712897
Finland,FIN,1999,44505.7114770222
Finland,FIN,2000,46968.841714507
Finland,FIN,2001,48099.3014282794
Finland,FIN,2002,48792.4864789775
Finland,FIN,2003,49655.5451564067
Finland,FIN,2004,51494.705860401
Finland,FIN,2005,52744.048034135
Finland,FIN,2006,54653.981203281
Finland,FIN,2007,57313.2916474478
Finland,FIN,2008,57494.585352886
Finland,FIN,2009,52599.1487066911
Finland,FIN,2010,54017.9458623339
Finland,FIN,2011,55053.3906850323
Finland,FIN,2012,53957.6680986279
Finland,FIN,2013,53183.4286685126
Finland,FIN,2014,52710.7334867778
Finland,FIN,2015,52782.4873926277
Finland,FIN,2016,53984.6316254715
Finland,FIN,2017,55637.2262781223
Finland,FIN,2018,56226.337241343
Finland,FIN,2019,56922.4873163103
Finland,FIN,2020,55424.8574989208
Finland,FIN,2021,56790.3766177692
Finland,FIN,2022,57068.3056478074
Finland,FIN,2023,56051.7701129501
Finland,FIN,2024,55901.3202296588
Fiji,FJI,1960,
Fiji,FJI,1961,
Fiji,FJI,1962,
Fiji,FJI,1963,
Fiji,FJI,1964,
Fiji,FJI,1965,
Fiji,FJI,1966,
Fiji,FJI,1967,
Fiji,FJI,1968,
Fiji,FJI,1969,
Fiji,FJI,1970,
Fiji,FJI,1971,
Fiji,FJI,1972,
Fiji,FJI,1973,
Fiji,FJI,1974,
Fiji,FJI,1975,
Fiji,FJI,1976,
Fiji,FJI,1977,
Fiji,FJI,1978,
Fiji,FJI,1979,
Fiji,FJI,1980,
Fiji,FJI,1981,
Fiji,FJI,1982,
Fiji,FJI,1983,
Fiji,FJI,1984,
Fiji,FJI,1985,
Fiji,FJI,1986,
Fiji,FJI,1987,
Fiji,FJI,1988,
Fiji,FJI,1989,
Fiji,FJI,1990,7820.71719014994
Fiji,FJI,1991,7547.67822517236
Fiji,FJI,1992,7950.06641250914
Fiji,FJI,1993,8067.80452251613
Fiji,FJI,1994,8432.29830147964
Fiji,FJI,1995,8600.09282044394
Fiji,FJI,1996,8956.35014836853
Fiji,FJI,1997,8669.25170884148
Fiji,FJI,1998,8673.87811776484
Fiji,FJI,1999,9328.60659779024
Fiji,FJI,2000,9070.99318456826
Fiji,FJI,2001,9157.80844623624
Fiji,FJI,2002,9357.75382838604
Fiji,FJI,2003,9361.4641667422
Fiji,FJI,2004,9766.52774786586
Fiji,FJI,2005,9745.58143908405
Fiji,FJI,2006,9837.08586688962
Fiji,FJI,2007,9672.29020465987
Fiji,FJI,2008,9711.96604105756
Fiji,FJI,2009,9536.81722352305
Fiji,FJI,2010,9784.30360030575
Fiji,FJI,2011,10020.6957548052
Fiji,FJI,2012,10140.693585539
Fiji,FJI,2013,10604.1559055372
Fiji,FJI,2014,11183.3135250834
Fiji,FJI,2015,11674.0633676202
Fiji,FJI,2016,11951.9196738327
Fiji,FJI,2017,12597.327485488
Fiji,FJI,2018,13100.095939444
Fiji,FJI,2019,13056.3310937089
Fiji,FJI,2020,10812.0355014178
Fiji,FJI,2021,10322.4279638854
Fiji,FJI,2022,12118.3182710082
Fiji,FJI,2023,13194.8047570404
Fiji,FJI,2024,13592.4635937435
France,FRA,1960,
France,FRA,1961,
France,FRA,1962,
France,FRA,1963,
France,FRA,1964,
France,FRA,1965,
France,FRA,1966,
France,FRA,1967,
France,FRA,1968,
France,FRA,1969,
France,FRA,1970,
France,FRA,1971,
France,FRA,1972,
France,FRA,1973,
France,FRA,1974,
France,FRA,1975,
France,FRA,1976,
France,FRA,1977,
France,FRA,1978,
France,FRA,1979,
France,FRA,1980,
France,FRA,1981,
France,FRA,1982,
France,FRA,1983,
France,FRA,1984,
France,FRA,1985,
France,FRA,1986,
France,FRA,1987,
France,FRA,1988,
France,FRA,1989,
France,FRA,1990,38655.8856842914
France,FRA,1991,38937.9522513749
France,FRA,1992,39331.9041920718
France,FRA,1993,39020.6141584284
France,FRA,1994,39801.3888979817
France,FRA,1995,40570.7169560557
France,FRA,1996,40990.7395148125
France,FRA,1997,41876.9330265158
France,FRA,1998,43162.5423856938
France,FRA,1999,44400.1357889191
France,FRA,2000,45922.4789363701
France,FRA,2001,46454.8706927365
France,FRA,2002,46610.7820717214
France,FRA,2003,46730.975806379
France,FRA,2004,47720.4413351103
France,FRA,2005,48257.4650937971
France,FRA,2006,49223.247197008
France,FRA,2007,50157.7837477634
France,FRA,2008,50068.2969141379
France,FRA,2009,48404.9657826363
France,FRA,2010,49130.422942344
France,FRA,2011,50085.6829779109
France,FRA,2012,49935.6269081617
France,FRA,2013,50066.5304324783
France,FRA,2014,50326.567863089
France,FRA,2015,50682.8953586333
France,FRA,2016,50984.075297832
France,FRA,2017,51895.5662985838
France,FRA,2018,52560.9536243841
France,FRA,2019,53448.5548849943
France,FRA,2020,49311.333409639
France,FRA,2021,52517.3354905855
France,FRA,2022,53673.8137406422
France,FRA,2023,54296.7230897731
France,FRA,2024,54799.3482689389
Faroe Islands,FRO,1960,
Faroe Islands,FRO,1961,
Faroe Islands,FRO,1962,
Faroe Islands,FRO,1963,
Faroe Islands,FRO,1964,
Faroe Islands,FRO,1965,
Faroe Islands,FRO,1966,
Faroe Islands,FRO,1967,
Faroe Islands,FRO,1968,
Faroe Islands,FRO,1969,
Faroe Islands,FRO,1970,
Faroe Islands,FRO,1971,
Faroe Islands,FRO,1972,
Faroe Islands,FRO,1973,
Faroe Islands,FRO,1974,
Faroe Islands,FRO,1975,
Faroe Islands,FRO,1976,
Faroe Islands,FRO,1977,
Faroe Islands,FRO,1978,
Faroe Islands,FRO,1979,
Faroe Islands,FRO,1980,
Faroe Islands,FRO,1981,
Faroe Islands,FRO,1982,
Faroe Islands,FRO,1983,
Faroe Islands,FRO,1984,
Faroe Islands,FRO,1985,
Faroe Islands,FRO,1986,
Faroe Islands,FRO,1987,
Faroe Islands,FRO,1988,
Faroe Islands,FRO,1989,
Faroe Islands,FRO,1990,
Faroe Islands,FRO,1991,
Faroe Islands,FRO,1992,
Faroe Islands,FRO,1993,
Faroe Islands,FRO,1994,
Faroe Islands,FRO,1995,
Faroe Islands,FRO,1996,
Faroe Islands,FRO,1997,
Faroe Islands,FRO,1998,
Faroe Islands,FRO,1999,
Faroe Islands,FRO,2000,
Faroe Islands,FRO,2001,
Faroe Islands,FRO,2002,
Faroe Islands,FRO,2003,
Faroe Islands,FRO,2004,
Faroe Islands,FRO,2005,
Faroe Islands,FRO,2006,
Faroe Islands,FRO,2007,
Faroe Islands,FRO,2008,54263.326408917
Faroe Islands,FRO,2009,51534.6010087672
Faroe Islands,FRO,2010,51480.252003895
Faroe Islands,FRO,2011,53441.4369353384
Faroe Islands,FRO,2012,57524.5150997874
Faroe Islands,FRO,2013,60950.0309827571
Faroe Islands,FRO,2014,64019.4156670638
Faroe Islands,FRO,2015,64010.1614022331
Faroe Islands,FRO,2016,64156.3241575516
Faroe Islands,FRO,2017,65461.9113301074
Faroe Islands,FRO,2018,66192.0494379671
Faroe Islands,FRO,2019,68136.6617957112
Faroe Islands,FRO,2020,66037.9361506945
Faroe Islands,FRO,2021,68433.2144298182
Faroe Islands,FRO,2022,70268.4497197492
Faroe Islands,FRO,2023,71828.4342781841
Faroe Islands,FRO,2024,72113.6513885269
"Micronesia, Fed. Sts.",FSM,1960,
"Micronesia, Fed. Sts.",FSM,1961,
"Micronesia, Fed. Sts.",FSM,1962,
"Micronesia, Fed. Sts.",FSM,1963,
"Micronesia, Fed. Sts.",FSM,1964,
"Micronesia, Fed. Sts.",FSM,1965,
"Micronesia, Fed. Sts.",FSM,1966,
"Micronesia, Fed. Sts.",FSM,1967,
"Micronesia, Fed. Sts.",FSM,1968,
"Micronesia, Fed. Sts.",FSM,1969,
"Micronesia, Fed. Sts.",FSM,1970,
"Micronesia, Fed. Sts.",FSM,1971,
"Micronesia, Fed. Sts.",FSM,1972,
"Micronesia, Fed. Sts.",FSM,1973,
"Micronesia, Fed. Sts.",FSM,1974,
"Micronesia, Fed. Sts.",FSM,1975,
"Micronesia, Fed. Sts.",FSM,1976,
"Micronesia, Fed. Sts.",FSM,1977,
"Micronesia, Fed. Sts.",FSM,1978,
"Micronesia, Fed. Sts.",FSM,1979,
"Micronesia, Fed. Sts.",FSM,1980,
"Micronesia, Fed. Sts.",FSM,1981,
"Micronesia, Fed. Sts.",FSM,1982,
"Micronesia, Fed. Sts.",FSM,1983,
"Micronesia, Fed. Sts.",FSM,1984,
"Micronesia, Fed. Sts.",FSM,1985,
"Micronesia, Fed. Sts.",FSM,1986,
"Micronesia, Fed. Sts.",FSM,1987,
"Micronesia, Fed. Sts.",FSM,1988,
"Micronesia, Fed. Sts.",FSM,1989,
"Micronesia, Fed. Sts.",FSM,1990,3119.81174628461
"Micronesia, Fed. Sts.",FSM,1991,3290.66674033392
"Micronesia, Fed. Sts.",FSM,1992,3355.54826553826
"Micronesia, Fed. Sts.",FSM,1993,3552.11499566208
"Micronesia, Fed. Sts.",FSM,1994,3468.05346941417
"Micronesia, Fed. Sts.",FSM,1995,3672.43126126526
"Micronesia, Fed. Sts.",FSM,1996,3534.41608856405
"Micronesia, Fed. Sts.",FSM,1997,3304.11609456279
"Micronesia, Fed. Sts.",FSM,1998,3388.51252228873
"Micronesia, Fed. Sts.",FSM,1999,3417.46540014415
"Micronesia, Fed. Sts.",FSM,2000,3563.89180484484
"Micronesia, Fed. Sts.",FSM,2001,3618.3939602241
"Micronesia, Fed. Sts.",FSM,2002,3631.74876153373
"Micronesia, Fed. Sts.",FSM,2003,3701.13265140057
"Micronesia, Fed. Sts.",FSM,2004,3594.57718999286
"Micronesia, Fed. Sts.",FSM,2005,3710.19849742597
"Micronesia, Fed. Sts.",FSM,2006,3717.65782403635
"Micronesia, Fed. Sts.",FSM,2007,3684.20209326281
"Micronesia, Fed. Sts.",FSM,2008,3622.04886559734
"Micronesia, Fed. Sts.",FSM,2009,3702.36131622048
"Micronesia, Fed. Sts.",FSM,2010,3780.25132792653
"Micronesia, Fed. Sts.",FSM,2011,3917.44641481482
"Micronesia, Fed. Sts.",FSM,2012,3847.14743528337
"Micronesia, Fed. Sts.",FSM,2013,3696.74550378941
"Micronesia, Fed. Sts.",FSM,2014,3592.81901389543
"Micronesia, Fed. Sts.",FSM,2015,3739.35968767448
"Micronesia, Fed. Sts.",FSM,2016,3774.03193396948
"Micronesia, Fed. Sts.",FSM,2017,3838.04534289261
"Micronesia, Fed. Sts.",FSM,2018,3838.64054793262
"Micronesia, Fed. Sts.",FSM,2019,3965.05377269396
"Micronesia, Fed. Sts.",FSM,2020,3861.29319570301
"Micronesia, Fed. Sts.",FSM,2021,3955.73141317971
"Micronesia, Fed. Sts.",FSM,2022,3815.79465699672
"Micronesia, Fed. Sts.",FSM,2023,3841.27116510816
"Micronesia, Fed. Sts.",FSM,2024,3911.26631940407
Gabon,GAB,1960,
Gabon,GAB,1961,
Gabon,GAB,1962,
Gabon,GAB,1963,
Gabon,GAB,1964,
Gabon,GAB,1965,
Gabon,GAB,1966,
Gabon,GAB,1967,
Gabon,GAB,1968,
Gabon,GAB,1969,
Gabon,GAB,1970,
Gabon,GAB,1971,
Gabon,GAB,1972,
Gabon,GAB,1973,
Gabon,GAB,1974,
Gabon,GAB,1975,
Gabon,GAB,1976,
Gabon,GAB,1977,
Gabon,GAB,1978,
Gabon,GAB,1979,
Gabon,GAB,1980,
Gabon,GAB,1981,
Gabon,GAB,1982,
Gabon,GAB,1983,
Gabon,GAB,1984,
Gabon,GAB,1985,
Gabon,GAB,1986,
Gabon,GAB,1987,
Gabon,GAB,1988,
Gabon,GAB,1989,
Gabon,GAB,1990,23884.810699751
Gabon,GAB,1991,24665.6792294333
Gabon,GAB,1992,23268.9974720576
Gabon,GAB,1993,23551.681253301
Gabon,GAB,1994,23794.3149295166
Gabon,GAB,1995,24344.1857400285
Gabon,GAB,1996,24595.9719624869
Gabon,GAB,1997,25359.6596581065
Gabon,GAB,1998,25585.5077964038
Gabon,GAB,1999,22713.714440326
Gabon,GAB,2000,21717.2240796789
Gabon,GAB,2001,21604.7804441769
Gabon,GAB,2002,20981.4798584466
Gabon,GAB,2003,20875.4549325844
Gabon,GAB,2004,20438.9307066593
Gabon,GAB,2005,20385.2899909124
Gabon,GAB,2006,19224.1268658387
Gabon,GAB,2007,19751.876221581
Gabon,GAB,2008,18493.0921102783
Gabon,GAB,2009,17911.1458491118
Gabon,GAB,2010,18530.5760935497
Gabon,GAB,2011,19153.0878200945
Gabon,GAB,2012,19450.402706679
Gabon,GAB,2013,19836.455485141
Gabon,GAB,2014,20008.9899778716
Gabon,GAB,2015,20147.7116201795
Gabon,GAB,2016,19988.1755963186
Gabon,GAB,2017,19555.707882916
Gabon,GAB,2018,19225.5982574678
Gabon,GAB,2019,19491.4067631396
Gabon,GAB,2020,18681.4840738546
Gabon,GAB,2021,18523.5798032135
Gabon,GAB,2022,18662.0497970472
Gabon,GAB,2023,18701.4227766323
Gabon,GAB,2024,18923.6616609778
United Kingdom,GBR,1960,
United Kingdom,GBR,1961,
United Kingdom,GBR,1962,
United Kingdom,GBR,1963,
United Kingdom,GBR,1964,
United Kingdom,GBR,1965,
United Kingdom,GBR,1966,
United Kingdom,GBR,1967,
United Kingdom,GBR,1968,
United Kingdom,GBR,1969,
United Kingdom,GBR,1970,
United Kingdom,GBR,1971,
United Kingdom,GBR,1972,
United Kingdom,GBR,1973,
United Kingdom,GBR,1974,
United Kingdom,GBR,1975,
United Kingdom,GBR,1976,
United Kingdom,GBR,1977,
United Kingdom,GBR,1978,
United Kingdom,GBR,1979,
United Kingdom,GBR,1980,
United Kingdom,GBR,1981,
United Kingdom,GBR,1982,
United Kingdom,GBR,1983,
United Kingdom,GBR,1984,
United Kingdom,GBR,1985,
United Kingdom,GBR,1986,
United Kingdom,GBR,1987,
United Kingdom,GBR,1988,
United Kingdom,GBR,1989,
United Kingdom,GBR,1990,33530.9578151546
United Kingdom,GBR,1991,32995.3948749055
United Kingdom,GBR,1992,33332.3326389023
United Kingdom,GBR,1993,34413.1904916462
United Kingdom,GBR,1994,36025.9830963677
United Kingdom,GBR,1995,37200.3789969484
United Kingdom,GBR,1996,38076.0624470563
United Kingdom,GBR,1997,39831.4492555823
United Kingdom,GBR,1998,41004.8386335287
United Kingdom,GBR,1999,42071.7055369651
United Kingdom,GBR,2000,43818.3463079443
United Kingdom,GBR,2001,44693.6612621755
United Kingdom,GBR,2002,45265.4565169944
United Kingdom,GBR,2003,46505.2798806788
United Kingdom,GBR,2004,47317.027070979
United Kingdom,GBR,2005,48304.6753205932
United Kingdom,GBR,2006,49000.9535382241
United Kingdom,GBR,2007,50045.9163092519
United Kingdom,GBR,2008,49629.0498697349
United Kingdom,GBR,2009,46995.5449961945
United Kingdom,GBR,2010,47682.6525150443
United Kingdom,GBR,2011,47714.2894262827
United Kingdom,GBR,2012,48099.6594401942
United Kingdom,GBR,2013,48600.5100807266
United Kingdom,GBR,2014,49763.17387988
United Kingdom,GBR,2015,50462.8329992477
United Kingdom,GBR,2016,51168.2925796814
United Kingdom,GBR,2017,52429.1275538988
United Kingdom,GBR,2018,52983.039541197
United Kingdom,GBR,2019,53374.0927628482
United Kingdom,GBR,2020,47930.5490378931
United Kingdom,GBR,2021,51840.4424245515
United Kingdom,GBR,2022,53979.7679116234
United Kingdom,GBR,2023,53423.4226338292
United Kingdom,GBR,2024,53412.0647163589
Georgia,GEO,1960,
Georgia,GEO,1961,
Georgia,GEO,1962,
Georgia,GEO,1963,
Georgia,GEO,1964,
Georgia,GEO,1965,
Georgia,GEO,1966,
Georgia,GEO,1967,
Georgia,GEO,1968,
Georgia,GEO,1969,
Georgia,GEO,1970,
Georgia,GEO,1971,
Georgia,GEO,1972,
Georgia,GEO,1973,
Georgia,GEO,1974,
Georgia,GEO,1975,
Georgia,GEO,1976,
Georgia,GEO,1977,
Georgia,GEO,1978,
Georgia,GEO,1979,
Georgia,GEO,1980,
Georgia,GEO,1981,
Georgia,GEO,1982,
Georgia,GEO,1983,
Georgia,GEO,1984,
Georgia,GEO,1985,
Georgia,GEO,1986,
Georgia,GEO,1987,
Georgia,GEO,1988,
Georgia,GEO,1989,
Georgia,GEO,1990,12917.0944269361
Georgia,GEO,1991,10120.1628881435
Georgia,GEO,1992,5533.21082317728
Georgia,GEO,1993,3882.02029747648
Georgia,GEO,1994,3532.3200811072
Georgia,GEO,1995,3762.81153750309
Georgia,GEO,1996,4339.0046688347
Georgia,GEO,1997,4951.81291757472
Georgia,GEO,1998,5233.28837672816
Georgia,GEO,1999,5495.24505052866
Georgia,GEO,2000,5706.27236527837
Georgia,GEO,2001,6074.08643017282
Georgia,GEO,2002,6464.32539672648
Georgia,GEO,2003,7227.73705960701
Georgia,GEO,2004,7693.91525392067
Georgia,GEO,2005,8485.58670534953
Georgia,GEO,2006,9337.98906420101
Georgia,GEO,2007,10567.2747164758
Georgia,GEO,2008,10856.1031328003
Georgia,GEO,2009,10553.0896395853
Georgia,GEO,2010,11294.3685917112
Georgia,GEO,2011,12288.6828861156
Georgia,GEO,2012,13193.9596974054
Georgia,GEO,2013,13913.0018245661
Georgia,GEO,2014,14475.3135356035
Georgia,GEO,2015,14936.8434116647
Georgia,GEO,2016,15442.9564358054
Georgia,GEO,2017,16237.6242230275
Georgia,GEO,2018,17228.6790847503
Georgia,GEO,2019,18186.8816465807
Georgia,GEO,2020,17031.1440283426
Georgia,GEO,2021,18915.6534005263
Georgia,GEO,2022,20966.5280391134
Georgia,GEO,2023,22590.5293649146
Georgia,GEO,2024,24146.6234108645
Ghana,GHA,1960,
Ghana,GHA,1961,
Ghana,GHA,1962,
Ghana,GHA,1963,
Ghana,GHA,1964,
Ghana,GHA,1965,
Ghana,GHA,1966,
Ghana,GHA,1967,
Ghana,GHA,1968,
Ghana,GHA,1969,
Ghana,GHA,1970,
Ghana,GHA,1971,
Ghana,GHA,1972,
Ghana,GHA,1973,
Ghana,GHA,1974,
Ghana,GHA,1975,
Ghana,GHA,1976,
Ghana,GHA,1977,
Ghana,GHA,1978,
Ghana,GHA,1979,
Ghana,GHA,1980,
Ghana,GHA,1981,
Ghana,GHA,1982,
Ghana,GHA,1983,
Ghana,GHA,1984,
Ghana,GHA,1985,
Ghana,GHA,1986,
Ghana,GHA,1987,
Ghana,GHA,1988,
Ghana,GHA,1989,
Ghana,GHA,1990,2785.67114332501
Ghana,GHA,1991,2859.82702166411
Ghana,GHA,1992,2897.83543196858
Ghana,GHA,1993,2964.26600943658
Ghana,GHA,1994,2989.34731012131
Ghana,GHA,1995,3039.68873031674
Ghana,GHA,1996,3106.18555480388
Ghana,GHA,1997,3160.44504053249
Ghana,GHA,1998,3229.48228272631
Ghana,GHA,1999,3290.26865235748
Ghana,GHA,2000,3327.35199291767
Ghana,GHA,2001,3369.50702508212
Ghana,GHA,2002,3425.61820934278
Ghana,GHA,2003,3507.75105744843
Ghana,GHA,2004,3607.36522285021
Ghana,GHA,2005,3721.30785741996
Ghana,GHA,2006,3857.86154847605
Ghana,GHA,2007,3923.12567803728
Ghana,GHA,2008,4174.78124103364
Ghana,GHA,2009,4269.16005861557
Ghana,GHA,2010,4495.68916584106
Ghana,GHA,2011,5005.36732498187
Ghana,GHA,2012,5339.71321903045
Ghana,GHA,2013,5593.77481886917
Ghana,GHA,2014,5619.07233511591
Ghana,GHA,2015,5607.36635657413
Ghana,GHA,2016,5666.07795334591
Ghana,GHA,2017,5993.63085211077
Ghana,GHA,2018,6234.51208201488
Ghana,GHA,2019,6508.24652305901
Ghana,GHA,2020,6412.68541762469
Ghana,GHA,2021,6607.50297378321
Ghana,GHA,2022,6728.45413832472
Ghana,GHA,2023,6808.53775003964
Ghana,GHA,2024,7072.79879594445
Gibraltar,GIB,1960,
Gibraltar,GIB,1961,
Gibraltar,GIB,1962,
Gibraltar,GIB,1963,
Gibraltar,GIB,1964,
Gibraltar,GIB,1965,
Gibraltar,GIB,1966,
Gibraltar,GIB,1967,
Gibraltar,GIB,1968,
Gibraltar,GIB,1969,
Gibraltar,GIB,1970,
Gibraltar,GIB,1971,
Gibraltar,GIB,1972,
Gibraltar,GIB,1973,
Gibraltar,GIB,1974,
Gibraltar,GIB,1975,
Gibraltar,GIB,1976,
Gibraltar,GIB,1977,
Gibraltar,GIB,1978,
Gibraltar,GIB,1979,
Gibraltar,GIB,1980,
Gibraltar,GIB,1981,
Gibraltar,GIB,1982,
Gibraltar,GIB,1983,
Gibraltar,GIB,1984,
Gibraltar,GIB,1985,
Gibraltar,GIB,1986,
Gibraltar,GIB,1987,
Gibraltar,GIB,1988,
Gibraltar,GIB,1989,
Gibraltar,GIB,1990,
Gibraltar,GIB,1991,
Gibraltar,GIB,1992,
Gibraltar,GIB,1993,
Gibraltar,GIB,1994,
Gibraltar,GIB,1995,
Gibraltar,GIB,1996,
Gibraltar,GIB,1997,
Gibraltar,GIB,1998,
Gibraltar,GIB,1999,
Gibraltar,GIB,2000,
Gibraltar,GIB,2001,
Gibraltar,GIB,2002,
Gibraltar,GIB,2003,
Gibraltar,GIB,2004,
Gibraltar,GIB,2005,
Gibraltar,GIB,2006,
Gibraltar,GIB,2007,
Gibraltar,GIB,2008,
Gibraltar,GIB,2009,
Gibraltar,GIB,2010,
Gibraltar,GIB,2011,
Gibraltar,GIB,2012,
Gibraltar,GIB,2013,
Gibraltar,GIB,2014,
Gibraltar,GIB,2015,
Gibraltar,GIB,2016,
Gibraltar,GIB,2017,
Gibraltar,GIB,2018,
Gibraltar,GIB,2019,
Gibraltar,GIB,2020,
Gibraltar,GIB,2021,
Gibraltar,GIB,2022,
Gibraltar,GIB,2023,
Gibraltar,GIB,2024,
Guinea,GIN,1960,
Guinea,GIN,1961,
Guinea,GIN,1962,
Guinea,GIN,1963,
Guinea,GIN,1964,
Guinea,GIN,1965,
Guinea,GIN,1966,
Guinea,GIN,1967,
Guinea,GIN,1968,
Guinea,GIN,1969,
Guinea,GIN,1970,
Guinea,GIN,1971,
Guinea,GIN,1972,
Guinea,GIN,1973,
Guinea,GIN,1974,
Guinea,GIN,1975,
Guinea,GIN,1976,
Guinea,GIN,1977,
Guinea,GIN,1978,
Guinea,GIN,1979,
Guinea,GIN,1980,
Guinea,GIN,1981,
Guinea,GIN,1982,
Guinea,GIN,1983,
Guinea,GIN,1984,
Guinea,GIN,1985,
Guinea,GIN,1986,
Guinea,GIN,1987,
Guinea,GIN,1988,
Guinea,GIN,1989,
Guinea,GIN,1990,2105.74729496232
Guinea,GIN,1991,2075.99194302675
Guinea,GIN,1992,2076.55062690695
Guinea,GIN,1993,2115.8664959394
Guinea,GIN,1994,2134.89769355787
Guinea,GIN,1995,2171.72552153265
Guinea,GIN,1996,2205.32363416973
Guinea,GIN,1997,2272.41100463955
Guinea,GIN,1998,2311.327353403
Guinea,GIN,1999,2346.2701835771
Guinea,GIN,2000,2358.28765608495
Guinea,GIN,2001,2412.75161959628
Guinea,GIN,2002,2498.13177495102
Guinea,GIN,2003,2473.23418295471
Guinea,GIN,2004,2477.50282602363
Guinea,GIN,2005,2501.22160456279
Guinea,GIN,2006,2478.61319510726
Guinea,GIN,2007,2587.0048887648
Guinea,GIN,2008,2629.5397474637
Guinea,GIN,2009,2537.30645758746
Guinea,GIN,2010,2594.83050344245
Guinea,GIN,2011,2673.40873029955
Guinea,GIN,2012,2762.90350938513
Guinea,GIN,2013,2802.56007024474
Guinea,GIN,2014,2834.96634347846
Guinea,GIN,2015,2869.85157178732
Guinea,GIN,2016,3099.78874189372
Guinea,GIN,2017,3332.76576150531
Guinea,GIN,2018,3455.64512638662
Guinea,GIN,2019,3557.46233883145
Guinea,GIN,2020,3630.99330577677
Guinea,GIN,2021,3738.8051255133
Guinea,GIN,2022,3792.01068836277
Guinea,GIN,2023,3904.82395527998
Guinea,GIN,2024,4016.34191385979
"Gambia, The",GMB,1960,
"Gambia, The",GMB,1961,
"Gambia, The",GMB,1962,
"Gambia, The",GMB,1963,
"Gambia, The",GMB,1964,
"Gambia, The",GMB,1965,
"Gambia, The",GMB,1966,
"Gambia, The",GMB,1967,
"Gambia, The",GMB,1968,
"Gambia, The",GMB,1969,
"Gambia, The",GMB,1970,
"Gambia, The",GMB,1971,
"Gambia, The",GMB,1972,
"Gambia, The",GMB,1973,
"Gambia, The",GMB,1974,
"Gambia, The",GMB,1975,
"Gambia, The",GMB,1976,
"Gambia, The",GMB,1977,
"Gambia, The",GMB,1978,
"Gambia, The",GMB,1979,
"Gambia, The",GMB,1980,
"Gambia, The",GMB,1981,
"Gambia, The",GMB,1982,
"Gambia, The",GMB,1983,
"Gambia, The",GMB,1984,
"Gambia, The",GMB,1985,
"Gambia, The",GMB,1986,
"Gambia, The",GMB,1987,
"Gambia, The",GMB,1988,
"Gambia, The",GMB,1989,
"Gambia, The",GMB,1990,2653.78291392125
"Gambia, The",GMB,1991,2623.64161607507
"Gambia, The",GMB,1992,2604.26903326754
"Gambia, The",GMB,1993,2586.13041645703
"Gambia, The",GMB,1994,2508.1039153389
"Gambia, The",GMB,1995,2456.00078113606
"Gambia, The",GMB,1996,2439.04551648512
"Gambia, The",GMB,1997,2486.93798396527
"Gambia, The",GMB,1998,2502.76477124298
"Gambia, The",GMB,1999,2589.97773860396
"Gambia, The",GMB,2000,2658.61770579464
"Gambia, The",GMB,2001,2737.69610805906
"Gambia, The",GMB,2002,2578.557145742
"Gambia, The",GMB,2003,2682.47993310133
"Gambia, The",GMB,2004,2794.19352609118
"Gambia, The",GMB,2005,2653.64239155191
"Gambia, The",GMB,2006,2564.68653970519
"Gambia, The",GMB,2007,2567.15728802982
"Gambia, The",GMB,2008,2649.61119865306
"Gambia, The",GMB,2009,2745.32540574768
"Gambia, The",GMB,2010,2824.21259222517
"Gambia, The",GMB,2011,2519.83983255672
"Gambia, The",GMB,2012,2574.93509664061
"Gambia, The",GMB,2013,2572.44728941685
"Gambia, The",GMB,2014,2465.10971144823
"Gambia, The",GMB,2015,2495.95741601525
"Gambia, The",GMB,2016,2478.46055756999
"Gambia, The",GMB,2017,2533.18683710276
"Gambia, The",GMB,2018,2651.43281455826
"Gambia, The",GMB,2019,2750.82132179634
"Gambia, The",GMB,2020,2702.31919474482
"Gambia, The",GMB,2021,2777.79620978324
"Gambia, The",GMB,2022,2863.18049829859
"Gambia, The",GMB,2023,2963.59873467436
"Gambia, The",GMB,2024,3057.6841778633
Guinea-Bissau,GNB,1960,
Guinea-Bissau,GNB,1961,
Guinea-Bissau,GNB,1962,
Guinea-Bissau,GNB,1963,
Guinea-Bissau,GNB,1964,
Guinea-Bissau,GNB,1965,
Guinea-Bissau,GNB,1966,
Guinea-Bissau,GNB,1967,
Guinea-Bissau,GNB,1968,
Guinea-Bissau,GNB,1969,
Guinea-Bissau,GNB,1970,
Guinea-Bissau,GNB,1971,
Guinea-Bissau,GNB,1972,
Guinea-Bissau,GNB,1973,
Guinea-Bissau,GNB,1974,
Guinea-Bissau,GNB,1975,
Guinea-Bissau,GNB,1976,
Guinea-Bissau,GNB,1977,
Guinea-Bissau,GNB,1978,
Guinea-Bissau,GNB,1979,
Guinea-Bissau,GNB,1980,
Guinea-Bissau,GNB,1981,
Guinea-Bissau,GNB,1982,
Guinea-Bissau,GNB,1983,
Guinea-Bissau,GNB,1984,
Guinea-Bissau,GNB,1985,
Guinea-Bissau,GNB,1986,
Guinea-Bissau,GNB,1987,
Guinea-Bissau,GNB,1988,
Guinea-Bissau,GNB,1989,
Guinea-Bissau,GNB,1990,1968.09061079555
Guinea-Bissau,GNB,1991,2024.85376829909
Guinea-Bissau,GNB,1992,1987.7391360013
Guinea-Bissau,GNB,1993,1963.5622486004
Guinea-Bissau,GNB,1994,1964.63002250373
Guinea-Bissau,GNB,1995,1999.94473972689
Guinea-Bissau,GNB,1996,2185.90344879946
Guinea-Bissau,GNB,1997,2284.02576620745
Guinea-Bissau,GNB,1998,1738.64946632342
Guinea-Bissau,GNB,1999,1992.852546394
Guinea-Bissau,GNB,2000,1974.74466342453
Guinea-Bissau,GNB,2001,2025.72675469878
Guinea-Bissau,GNB,2002,2054.08977413547
Guinea-Bissau,GNB,2003,2002.40206880451
Guinea-Bissau,GNB,2004,1979.69782670273
Guinea-Bissau,GNB,2005,2060.66663299612
Guinea-Bissau,GNB,2006,2065.2122797791
Guinea-Bissau,GNB,2007,2065.98983875944
Guinea-Bissau,GNB,2008,2105.67394178792
Guinea-Bissau,GNB,2009,2103.05813454823
Guinea-Bissau,GNB,2010,2164.26823755351
Guinea-Bissau,GNB,2011,2278.54751544448
Guinea-Bissau,GNB,2012,2180.74338832775
Guinea-Bissau,GNB,2013,2192.5927863603
Guinea-Bissau,GNB,2014,2156.33643676255
Guinea-Bissau,GNB,2015,2230.52993109779
Guinea-Bissau,GNB,2016,2293.37861360238
Guinea-Bissau,GNB,2017,2342.56110535416
Guinea-Bissau,GNB,2018,2373.64935653455
Guinea-Bissau,GNB,2019,2442.25868377476
Guinea-Bissau,GNB,2020,2456.01139053324
Guinea-Bissau,GNB,2021,2522.12869240841
Guinea-Bissau,GNB,2022,2600.802474483
Guinea-Bissau,GNB,2023,2660.81444655656
Guinea-Bissau,GNB,2024,2717.54206972499
Equatorial Guinea,GNQ,1960,
Equatorial Guinea,GNQ,1961,
Equatorial Guinea,GNQ,1962,
Equatorial Guinea,GNQ,1963,
Equatorial Guinea,GNQ,1964,
Equatorial Guinea,GNQ,1965,
Equatorial Guinea,GNQ,1966,
Equatorial Guinea,GNQ,1967,
Equatorial Guinea,GNQ,1968,
Equatorial Guinea,GNQ,1969,
Equatorial Guinea,GNQ,1970,
Equatorial Guinea,GNQ,1971,
Equatorial Guinea,GNQ,1972,
Equatorial Guinea,GNQ,1973,
Equatorial Guinea,GNQ,1974,
Equatorial Guinea,GNQ,1975,
Equatorial Guinea,GNQ,1976,
Equatorial Guinea,GNQ,1977,
Equatorial Guinea,GNQ,1978,
Equatorial Guinea,GNQ,1979,
Equatorial Guinea,GNQ,1980,
Equatorial Guinea,GNQ,1981,
Equatorial Guinea,GNQ,1982,
Equatorial Guinea,GNQ,1983,
Equatorial Guinea,GNQ,1984,
Equatorial Guinea,GNQ,1985,
Equatorial Guinea,GNQ,1986,
Equatorial Guinea,GNQ,1987,
Equatorial Guinea,GNQ,1988,
Equatorial Guinea,GNQ,1989,
Equatorial Guinea,GNQ,1990,1122.81767364664
Equatorial Guinea,GNQ,1991,1070.82764283041
Equatorial Guinea,GNQ,1992,1390.47918482013
Equatorial Guinea,GNQ,1993,1487.81202528588
Equatorial Guinea,GNQ,1994,1672.34547535897
Equatorial Guinea,GNQ,1995,1892.11653062527
Equatorial Guinea,GNQ,1996,3033.84031220306
Equatorial Guinea,GNQ,1997,7296.10009809843
Equatorial Guinea,GNQ,1998,8684.6573083064
Equatorial Guinea,GNQ,1999,10492.4649475554
Equatorial Guinea,GNQ,2000,11767.4708814313
Equatorial Guinea,GNQ,2001,18031.964975074
Equatorial Guinea,GNQ,2002,20242.4309684399
Equatorial Guinea,GNQ,2003,21709.5751241959
Equatorial Guinea,GNQ,2004,28225.985816122
Equatorial Guinea,GNQ,2005,31302.957953874
Equatorial Guinea,GNQ,2006,32251.7680082519
Equatorial Guinea,GNQ,2007,35540.4477563657
Equatorial Guinea,GNQ,2008,39994.6159790647
Equatorial Guinea,GNQ,2009,38706.6052512135
Equatorial Guinea,GNQ,2010,33668.8740654852
Equatorial Guinea,GNQ,2011,34341.9342607505
Equatorial Guinea,GNQ,2012,35711.4919273537
Equatorial Guinea,GNQ,2013,32894.3693189101
Equatorial Guinea,GNQ,2014,31765.8997056851
Equatorial Guinea,GNQ,2015,27797.7942803179
Equatorial Guinea,GNQ,2016,24435.0645564801
Equatorial Guinea,GNQ,2017,22250.4389230263
Equatorial Guinea,GNQ,2018,20165.4795550607
Equatorial Guinea,GNQ,2019,18446.5916579681
Equatorial Guinea,GNQ,2020,17089.153726379
Equatorial Guinea,GNQ,2021,16821.4486470413
Equatorial Guinea,GNQ,2022,16932.7706827155
Equatorial Guinea,GNQ,2023,15302.1517835147
Equatorial Guinea,GNQ,2024,14997.7564392976
Greece,GRC,1960,
Greece,GRC,1961,
Greece,GRC,1962,
Greece,GRC,1963,
Greece,GRC,1964,
Greece,GRC,1965,
Greece,GRC,1966,
Greece,GRC,1967,
Greece,GRC,1968,
Greece,GRC,1969,
Greece,GRC,1970,
Greece,GRC,1971,
Greece,GRC,1972,
Greece,GRC,1973,
Greece,GRC,1974,
Greece,GRC,1975,
Greece,GRC,1976,
Greece,GRC,1977,
Greece,GRC,1978,
Greece,GRC,1979,
Greece,GRC,1980,
Greece,GRC,1981,
Greece,GRC,1982,
Greece,GRC,1983,
Greece,GRC,1984,
Greece,GRC,1985,
Greece,GRC,1986,
Greece,GRC,1987,
Greece,GRC,1988,
Greece,GRC,1989,
Greece,GRC,1990,26916.3125225704
Greece,GRC,1991,27419.6029332234
Greece,GRC,1992,27401.424003405
Greece,GRC,1993,26804.8537616148
Greece,GRC,1994,27204.3958682198
Greece,GRC,1995,27646.1476383588
Greece,GRC,1996,27905.1065690594
Greece,GRC,1997,28768.2401472217
Greece,GRC,1998,29592.525483114
Greece,GRC,1999,30263.0543705003
Greece,GRC,2000,31386.639783624
Greece,GRC,2001,32675.9292327768
Greece,GRC,2002,34081.0289759343
Greece,GRC,2003,35970.7016808475
Greece,GRC,2004,37811.4913664483
Greece,GRC,2005,38146.962971083
Greece,GRC,2006,40483.1569225337
Greece,GRC,2007,41796.2336918303
Greece,GRC,2008,41709.3877420312
Greece,GRC,2009,39886.2135496664
Greece,GRC,2010,37566.7483686263
Greece,GRC,2011,33906.4917435676
Greece,GRC,2012,31250.2268565956
Greece,GRC,2013,30762.4432227813
Greece,GRC,2014,31213.3765120298
Greece,GRC,2015,31347.976574604
Greece,GRC,2016,31468.6198471099
Greece,GRC,2017,31995.4108838386
Greece,GRC,2018,32722.3310444029
Greece,GRC,2019,33502.7506488997
Greece,GRC,2020,30487.1129331045
Greece,GRC,2021,33528.2271202515
Greece,GRC,2022,35828.1756641776
Greece,GRC,2023,36700.5134631055
Greece,GRC,2024,37474.2798239947
Grenada,GRD,1960,
Grenada,GRD,1961,
Grenada,GRD,1962,
Grenada,GRD,1963,
Grenada,GRD,1964,
Grenada,GRD,1965,
Grenada,GRD,1966,
Grenada,GRD,1967,
Grenada,GRD,1968,
Grenada,GRD,1969,
Grenada,GRD,1970,
Grenada,GRD,1971,
Grenada,GRD,1972,
Grenada,GRD,1973,
Grenada,GRD,1974,
Grenada,GRD,1975,
Grenada,GRD,1976,
Grenada,GRD,1977,
Grenada,GRD,1978,
Grenada,GRD,1979,
Grenada,GRD,1980,
Grenada,GRD,1981,
Grenada,GRD,1982,
Grenada,GRD,1983,
Grenada,GRD,1984,
Grenada,GRD,1985,
Grenada,GRD,1986,
Grenada,GRD,1987,
Grenada,GRD,1988,
Grenada,GRD,1989,
Grenada,GRD,1990,8883.91901529785
Grenada,GRD,1991,8932.30359919008
Grenada,GRD,1992,8785.75882374895
Grenada,GRD,1993,8548.03859699698
Grenada,GRD,1994,8629.08629470408
Grenada,GRD,1995,8750.81831848402
Grenada,GRD,1996,9076.71902949207
Grenada,GRD,1997,9467.7770534851
Grenada,GRD,1998,10509.109807501
Grenada,GRD,1999,11158.4897298503
Grenada,GRD,2000,11625.050939182
Grenada,GRD,2001,11333.2377092409
Grenada,GRD,2002,11677.7034172407
Grenada,GRD,2003,12726.5266219464
Grenada,GRD,2004,12593.3546257337
Grenada,GRD,2005,14211.8426569264
Grenada,GRD,2006,13594.355159621
Grenada,GRD,2007,14376.2824512778
Grenada,GRD,2008,14463.560012123
Grenada,GRD,2009,13463.580293958
Grenada,GRD,2010,13354.9085012616
Grenada,GRD,2011,13397.8500405513
Grenada,GRD,2012,13161.3955324377
Grenada,GRD,2013,13386.3189064112
Grenada,GRD,2014,14287.9538720088
Grenada,GRD,2015,15136.6966673773
Grenada,GRD,2016,15640.8274503805
Grenada,GRD,2017,16291.4894625979
Grenada,GRD,2018,16964.852001696
Grenada,GRD,2019,17036.9151689715
Grenada,GRD,2020,14647.7451384876
Grenada,GRD,2021,15290.250903138
Grenada,GRD,2022,16376.4273099594
Grenada,GRD,2023,17093.1562867447
Grenada,GRD,2024,17484.5153919556
Greenland,GRL,1960,
Greenland,GRL,1961,
Greenland,GRL,1962,
Greenland,GRL,1963,
Greenland,GRL,1964,
Greenland,GRL,1965,
Greenland,GRL,1966,
Greenland,GRL,1967,
Greenland,GRL,1968,
Greenland,GRL,1969,
Greenland,GRL,1970,
Greenland,GRL,1971,
Greenland,GRL,1972,
Greenland,GRL,1973,
Greenland,GRL,1974,
Greenland,GRL,1975,
Greenland,GRL,1976,
Greenland,GRL,1977,
Greenland,GRL,1978,
Greenland,GRL,1979,
Greenland,GRL,1980,
Greenland,GRL,1981,
Greenland,GRL,1982,
Greenland,GRL,1983,
Greenland,GRL,1984,
Greenland,GRL,1985,
Greenland,GRL,1986,
Greenland,GRL,1987,
Greenland,GRL,1988,
Greenland,GRL,1989,
Greenland,GRL,1990,38137.5684896955
Greenland,GRL,1991,38162.9342232621
Greenland,GRL,1992,36343.125721052
Greenland,GRL,1993,34578.3464998854
Greenland,GRL,1994,36428.9123982244
Greenland,GRL,1995,37584.0719088915
Greenland,GRL,1996,38090.7089953713
Greenland,GRL,1997,38581.2151944518
Greenland,GRL,1998,41500.2312703294
Greenland,GRL,1999,42072.0565017419
Greenland,GRL,2000,44991.6751496134
Greenland,GRL,2001,45405.8543742044
Greenland,GRL,2002,44793.2704252565
Greenland,GRL,2003,46649.0480779756
Greenland,GRL,2004,49742.0582266726
Greenland,GRL,2005,52189.001485462
Greenland,GRL,2006,55243.7102798786
Greenland,GRL,2007,56763.2387284359
Greenland,GRL,2008,60506.1946272328
Greenland,GRL,2009,61035.5672997071
Greenland,GRL,2010,61863.2826915137
Greenland,GRL,2011,61170.9203658321
Greenland,GRL,2012,62111.1033086807
Greenland,GRL,2013,61659.6415225985
Greenland,GRL,2014,64799.3056628017
Greenland,GRL,2015,63364.0536061164
Greenland,GRL,2016,66245.7294730698
Greenland,GRL,2017,66297.1790691281
Greenland,GRL,2018,66887.6779268926
Greenland,GRL,2019,68534.9419039133
Greenland,GRL,2020,68533.7339902964
Greenland,GRL,2021,69302.0088788237
Greenland,GRL,2022,70681.2253902158
Greenland,GRL,2023,71037.5372239623
Greenland,GRL,2024,
Guatemala,GTM,1960,
Guatemala,GTM,1961,
Guatemala,GTM,1962,
Guatemala,GTM,1963,
Guatemala,GTM,1964,
Guatemala,GTM,1965,
Guatemala,GTM,1966,
Guatemala,GTM,1967,
Guatemala,GTM,1968,
Guatemala,GTM,1969,
Guatemala,GTM,1970,
Guatemala,GTM,1971,
Guatemala,GTM,1972,
Guatemala,GTM,1973,
Guatemala,GTM,1974,
Guatemala,GTM,1975,
Guatemala,GTM,1976,
Guatemala,GTM,1977,
Guatemala,GTM,1978,
Guatemala,GTM,1979,
Guatemala,GTM,1980,
Guatemala,GTM,1981,
Guatemala,GTM,1982,
Guatemala,GTM,1983,
Guatemala,GTM,1984,
Guatemala,GTM,1985,
Guatemala,GTM,1986,
Guatemala,GTM,1987,
Guatemala,GTM,1988,
Guatemala,GTM,1989,
Guatemala,GTM,1990,7594.73215267529
Guatemala,GTM,1991,7662.17099856969
Guatemala,GTM,1992,7822.2634402435
Guatemala,GTM,1993,7915.41059815185
Guatemala,GTM,1994,8018.28330821547
Guatemala,GTM,1995,8195.34970997959
Guatemala,GTM,1996,8222.06920351134
Guatemala,GTM,1997,8364.1651916099
Guatemala,GTM,1998,8559.99025739148
Guatemala,GTM,1999,8668.43099775145
Guatemala,GTM,2000,8770.40815272307
Guatemala,GTM,2001,8771.15927218783
Guatemala,GTM,2002,8901.54046462168
Guatemala,GTM,2003,8926.15771786373
Guatemala,GTM,2004,9003.86136388797
Guatemala,GTM,2005,9099.7275067528
Guatemala,GTM,2006,9386.00549814138
Guatemala,GTM,2007,9772.80992048501
Guatemala,GTM,2008,9889.57668418909
Guatemala,GTM,2009,9740.71387674159
Guatemala,GTM,2010,9825.022234198
Guatemala,GTM,2011,10032.0932829709
Guatemala,GTM,2012,10126.8330566224
Guatemala,GTM,2013,10297.8392994827
Guatemala,GTM,2014,10553.563988977
Guatemala,GTM,2015,10785.9583125957
Guatemala,GTM,2016,10872.5938902469
Guatemala,GTM,2017,11005.4592851719
Guatemala,GTM,2018,11192.3719192725
Guatemala,GTM,2019,11466.3764932197
Guatemala,GTM,2020,11097.1503902986
Guatemala,GTM,2021,11825.141273764
Guatemala,GTM,2022,12144.4800461597
Guatemala,GTM,2023,12380.3715121996
Guatemala,GTM,2024,12643.9841235004
Guam,GUM,1960,
Guam,GUM,1961,
Guam,GUM,1962,
Guam,GUM,1963,
Guam,GUM,1964,
Guam,GUM,1965,
Guam,GUM,1966,
Guam,GUM,1967,
Guam,GUM,1968,
Guam,GUM,1969,
Guam,GUM,1970,
Guam,GUM,1971,
Guam,GUM,1972,
Guam,GUM,1973,
Guam,GUM,1974,
Guam,GUM,1975,
Guam,GUM,1976,
Guam,GUM,1977,
Guam,GUM,1978,
Guam,GUM,1979,
Guam,GUM,1980,
Guam,GUM,1981,
Guam,GUM,1982,
Guam,GUM,1983,
Guam,GUM,1984,
Guam,GUM,1985,
Guam,GUM,1986,
Guam,GUM,1987,
Guam,GUM,1988,
Guam,GUM,1989,
Guam,GUM,1990,
Guam,GUM,1991,
Guam,GUM,1992,
Guam,GUM,1993,
Guam,GUM,1994,
Guam,GUM,1995,
Guam,GUM,1996,
Guam,GUM,1997,
Guam,GUM,1998,
Guam,GUM,1999,
Guam,GUM,2000,
Guam,GUM,2001,
Guam,GUM,2002,
Guam,GUM,2003,
Guam,GUM,2004,
Guam,GUM,2005,
Guam,GUM,2006,
Guam,GUM,2007,
Guam,GUM,2008,
Guam,GUM,2009,
Guam,GUM,2010,
Guam,GUM,2011,
Guam,GUM,2012,
Guam,GUM,2013,
Guam,GUM,2014,
Guam,GUM,2015,
Guam,GUM,2016,
Guam,GUM,2017,
Guam,GUM,2018,
Guam,GUM,2019,
Guam,GUM,2020,
Guam,GUM,2021,
Guam,GUM,2022,
Guam,GUM,2023,
Guam,GUM,2024,
Guyana,GUY,1960,
Guyana,GUY,1961,
Guyana,GUY,1962,
Guyana,GUY,1963,
Guyana,GUY,1964,
Guyana,GUY,1965,
Guyana,GUY,1966,
Guyana,GUY,1967,
Guyana,GUY,1968,
Guyana,GUY,1969,
Guyana,GUY,1970,
Guyana,GUY,1971,
Guyana,GUY,1972,
Guyana,GUY,1973,
Guyana,GUY,1974,
Guyana,GUY,1975,
Guyana,GUY,1976,
Guyana,GUY,1977,
Guyana,GUY,1978,
Guyana,GUY,1979,
Guyana,GUY,1980,
Guyana,GUY,1981,
Guyana,GUY,1982,
Guyana,GUY,1983,
Guyana,GUY,1984,
Guyana,GUY,1985,
Guyana,GUY,1986,
Guyana,GUY,1987,
Guyana,GUY,1988,
Guyana,GUY,1989,
Guyana,GUY,1990,5074.43109901682
Guyana,GUY,1991,5396.46342590543
Guyana,GUY,1992,5799.21836066806
Guyana,GUY,1993,6247.86624866594
Guyana,GUY,1994,6755.3286689231
Guyana,GUY,1995,7071.21280005947
Guyana,GUY,1996,7612.30424290021
Guyana,GUY,1997,8064.56715164725
Guyana,GUY,1998,7915.22956203951
Guyana,GUY,1999,8139.97018415742
Guyana,GUY,2000,8025.29326490962
Guyana,GUY,2001,8212.04321760917
Guyana,GUY,2002,8314.0272750321
Guyana,GUY,2003,8267.42910545363
Guyana,GUY,2004,8404.2001629708
Guyana,GUY,2005,8256.52519071138
Guyana,GUY,2006,8702.33133494001
Guyana,GUY,2007,9354.08017716534
Guyana,GUY,2008,9546.70875949436
Guyana,GUY,2009,9924.52660770631
Guyana,GUY,2010,10374.3947557656
Guyana,GUY,2011,10958.8598838438
Guyana,GUY,2012,11534.9985588659
Guyana,GUY,2013,11896.9069854942
Guyana,GUY,2014,12030.0529344045
Guyana,GUY,2015,12040.08253302
Guyana,GUY,2016,12420.4724727603
Guyana,GUY,2017,12801.6408529346
Guyana,GUY,2018,12980.3576003177
Guyana,GUY,2019,13402.4219472757
Guyana,GUY,2020,19234.1301977637
Guyana,GUY,2021,22865.9270968882
Guyana,GUY,2022,37068.1993827588
Guyana,GUY,2023,49312.3603225444
Guyana,GUY,2024,70516.7027944836
"Hong Kong SAR, China",HKG,1960,
"Hong Kong SAR, China",HKG,1961,
"Hong Kong SAR, China",HKG,1962,
"Hong Kong SAR, China",HKG,1963,
"Hong Kong SAR, China",HKG,1964,
"Hong Kong SAR, China",HKG,1965,
"Hong Kong SAR, China",HKG,1966,
"Hong Kong SAR, China",HKG,1967,
"Hong Kong SAR, China",HKG,1968,
"Hong Kong SAR, China",HKG,1969,
"Hong Kong SAR, China",HKG,1970,
"Hong Kong SAR, China",HKG,1971,
"Hong Kong SAR, China",HKG,1972,
"Hong Kong SAR, China",HKG,1973,
"Hong Kong SAR, China",HKG,1974,
"Hong Kong SAR, China",HKG,1975,
"Hong Kong SAR, China",HKG,1976,
"Hong Kong SAR, China",HKG,1977,
"Hong Kong SAR, China",HKG,1978,
"Hong Kong SAR, China",HKG,1979,
"Hong Kong SAR, China",HKG,1980,
"Hong Kong SAR, China",HKG,1981,
"Hong Kong SAR, China",HKG,1982,
"Hong Kong SAR, China",HKG,1983,
"Hong Kong SAR, China",HKG,1984,
"Hong Kong SAR, China",HKG,1985,
"Hong Kong SAR, China",HKG,1986,
"Hong Kong SAR, China",HKG,1987,
"Hong Kong SAR, China",HKG,1988,
"Hong Kong SAR, China",HKG,1989,
"Hong Kong SAR, China",HKG,1990,31598.7264606102
"Hong Kong SAR, China",HKG,1991,33124.6445961019
"Hong Kong SAR, China",HKG,1992,34895.7384690892
"Hong Kong SAR, China",HKG,1993,36428.5238295824
"Hong Kong SAR, China",HKG,1994,37767.182764774
"Hong Kong SAR, China",HKG,1995,37905.6482894504
"Hong Kong SAR, China",HKG,1996,37804.0797903194
"Hong Kong SAR, China",HKG,1997,39402.5736869551
"Hong Kong SAR, China",HKG,1998,36776.3657079191
"Hong Kong SAR, China",HKG,1999,37339.8931803408
"Hong Kong SAR, China",HKG,2000,39848.5593475546
"Hong Kong SAR, China",HKG,2001,39777.8262391597
"Hong Kong SAR, China",HKG,2002,40258.1488758671
"Hong Kong SAR, China",HKG,2003,41570.5634425877
"Hong Kong SAR, China",HKG,2004,44836.1768653659
"Hong Kong SAR, China",HKG,2005,47938.8533561286
"Hong Kong SAR, China",HKG,2006,50981.7296233058
"Hong Kong SAR, China",HKG,2007,53813.022139769
"Hong Kong SAR, China",HKG,2008,54630.3299120222
"Hong Kong SAR, China",HKG,2009,53172.2884268262
"Hong Kong SAR, China",HKG,2010,56355.409086809
"Hong Kong SAR, China",HKG,2011,58672.8050185719
"Hong Kong SAR, China",HKG,2012,59015.3179560955
"Hong Kong SAR, China",HKG,2013,60601.6109212886
"Hong Kong SAR, China",HKG,2014,61839.8044187474
"Hong Kong SAR, China",HKG,2015,62779.7552386246
"Hong Kong SAR, China",HKG,2016,63749.4285013369
"Hong Kong SAR, China",HKG,2017,65662.8543379575
"Hong Kong SAR, China",HKG,2018,66993.9592604441
"Hong Kong SAR, China",HKG,2019,65388.3366418212
"Hong Kong SAR, China",HKG,2020,61328.5367014193
"Hong Kong SAR, China",HKG,2021,65884.9376260603
"Hong Kong SAR, China",HKG,2022,64035.6484949629
"Hong Kong SAR, China",HKG,2023,64387.6654066058
"Hong Kong SAR, China",HKG,2024,66186.0448635456
Honduras,HND,1960,
Honduras,HND,1961,
Honduras,HND,1962,
Honduras,HND,1963,
Honduras,HND,1964,
Honduras,HND,1965,
Honduras,HND,1966,
Honduras,HND,1967,
Honduras,HND,1968,
Honduras,HND,1969,
Honduras,HND,1970,
Honduras,HND,1971,
Honduras,HND,1972,
Honduras,HND,1973,
Honduras,HND,1974,
Honduras,HND,1975,
Honduras,HND,1976,
Honduras,HND,1977,
Honduras,HND,1978,
Honduras,HND,1979,
Honduras,HND,1980,
Honduras,HND,1981,
Honduras,HND,1982,
Honduras,HND,1983,
Honduras,HND,1984,
Honduras,HND,1985,
Honduras,HND,1986,
Honduras,HND,1987,
Honduras,HND,1988,
Honduras,HND,1989,
Honduras,HND,1990,1172.07980628643
Honduras,HND,1991,1436.05066143143
Honduras,HND,1992,1521.94721667467
Honduras,HND,1993,1681.08238809432
Honduras,HND,1994,2108.27414889925
Honduras,HND,1995,2555.0262257932
Honduras,HND,1996,3054.15773942696
Honduras,HND,1997,3635.98071357513
Honduras,HND,1998,3950.83498715855
Honduras,HND,1999,4293.827231525
Honduras,HND,2000,4579.68960840984
Honduras,HND,2001,4578.94787944773
Honduras,HND,2002,4627.02278723456
Honduras,HND,2003,4714.86701000971
Honduras,HND,2004,4885.34258343422
Honduras,HND,2005,5056.67544412551
Honduras,HND,2006,5263.15029099578
Honduras,HND,2007,5461.90151889031
Honduras,HND,2008,5566.70639487722
Honduras,HND,2009,5313.75573967791
Honduras,HND,2010,5396.07227927744
Honduras,HND,2011,5488.43371596332
Honduras,HND,2012,5600.6077605497
Honduras,HND,2013,5644.13384802045
Honduras,HND,2014,5705.16246265484
Honduras,HND,2015,5812.5348879105
Honduras,HND,2016,5926.49025534228
Honduras,HND,2017,6099.60734919414
Honduras,HND,2018,6219.27973775059
Honduras,HND,2019,6264.01884276715
Honduras,HND,2020,5603.26398377777
Honduras,HND,2021,6202.98078812037
Honduras,HND,2022,6352.58710177732
Honduras,HND,2023,6467.8800352783
Honduras,HND,2024,6590.84384301553
Heavily indebted poor countries (HIPC),HPC,1960,
Heavily indebted poor countries (HIPC),HPC,1961,
Heavily indebted poor countries (HIPC),HPC,1962,
Heavily indebted poor countries (HIPC),HPC,1963,
Heavily indebted poor countries (HIPC),HPC,1964,
Heavily indebted poor countries (HIPC),HPC,1965,
Heavily indebted poor countries (HIPC),HPC,1966,
Heavily indebted poor countries (HIPC),HPC,1967,
Heavily indebted poor countries (HIPC),HPC,1968,
Heavily indebted poor countries (HIPC),HPC,1969,
Heavily indebted poor countries (HIPC),HPC,1970,
Heavily indebted poor countries (HIPC),HPC,1971,
Heavily indebted poor countries (HIPC),HPC,1972,
Heavily indebted poor countries (HIPC),HPC,1973,
Heavily indebted poor countries (HIPC),HPC,1974,
Heavily indebted poor countries (HIPC),HPC,1975,
Heavily indebted poor countries (HIPC),HPC,1976,
Heavily indebted poor countries (HIPC),HPC,1977,
Heavily indebted poor countries (HIPC),HPC,1978,
Heavily indebted poor countries (HIPC),HPC,1979,
Heavily indebted poor countries (HIPC),HPC,1980,
Heavily indebted poor countries (HIPC),HPC,1981,
Heavily indebted poor countries (HIPC),HPC,1982,
Heavily indebted poor countries (HIPC),HPC,1983,
Heavily indebted poor countries (HIPC),HPC,1984,
Heavily indebted poor countries (HIPC),HPC,1985,
Heavily indebted poor countries (HIPC),HPC,1986,
Heavily indebted poor countries (HIPC),HPC,1987,
Heavily indebted poor countries (HIPC),HPC,1988,
Heavily indebted poor countries (HIPC),HPC,1989,
Heavily indebted poor countries (HIPC),HPC,1990,2187.52118955495
Heavily indebted poor countries (HIPC),HPC,1991,2150.14603492307
Heavily indebted poor countries (HIPC),HPC,1992,2063.51832231083
Heavily indebted poor countries (HIPC),HPC,1993,2007.61677310256
Heavily indebted poor countries (HIPC),HPC,1994,1954.66051802449
Heavily indebted poor countries (HIPC),HPC,1995,1995.76475593863
Heavily indebted poor countries (HIPC),HPC,1996,2045.40358405021
Heavily indebted poor countries (HIPC),HPC,1997,2105.06910780661
Heavily indebted poor countries (HIPC),HPC,1998,2122.71276081406
Heavily indebted poor countries (HIPC),HPC,1999,2134.25318452401
Heavily indebted poor countries (HIPC),HPC,2000,2138.94626992117
Heavily indebted poor countries (HIPC),HPC,2001,2156.32812750581
Heavily indebted poor countries (HIPC),HPC,2002,2182.06409883944
Heavily indebted poor countries (HIPC),HPC,2003,2208.5608106601
Heavily indebted poor countries (HIPC),HPC,2004,2270.11907323143
Heavily indebted poor countries (HIPC),HPC,2005,2331.37399166119
Heavily indebted poor countries (HIPC),HPC,2006,2397.1939417711
Heavily indebted poor countries (HIPC),HPC,2007,2461.47803585618
Heavily indebted poor countries (HIPC),HPC,2008,2530.01937834394
Heavily indebted poor countries (HIPC),HPC,2009,2550.8684428025
Heavily indebted poor countries (HIPC),HPC,2010,2639.80319569525
Heavily indebted poor countries (HIPC),HPC,2011,2673.5791083865
Heavily indebted poor countries (HIPC),HPC,2012,2705.2877016826
Heavily indebted poor countries (HIPC),HPC,2013,2791.50708497729
Heavily indebted poor countries (HIPC),HPC,2014,2862.12644300329
Heavily indebted poor countries (HIPC),HPC,2015,2914.03384890302
Heavily indebted poor countries (HIPC),HPC,2016,2956.59086263144
Heavily indebted poor countries (HIPC),HPC,2017,3016.38373115986
Heavily indebted poor countries (HIPC),HPC,2018,3053.40944915716
Heavily indebted poor countries (HIPC),HPC,2019,3094.41035211512
Heavily indebted poor countries (HIPC),HPC,2020,3004.89506305001
Heavily indebted poor countries (HIPC),HPC,2021,3038.71814072197
Heavily indebted poor countries (HIPC),HPC,2022,3095.04042281375
Heavily indebted poor countries (HIPC),HPC,2023,3113.88147842518
Heavily indebted poor countries (HIPC),HPC,2024,3180.19389105204
Croatia,HRV,1960,
Croatia,HRV,1961,
Croatia,HRV,1962,
Croatia,HRV,1963,
Croatia,HRV,1964,
Croatia,HRV,1965,
Croatia,HRV,1966,
Croatia,HRV,1967,
Croatia,HRV,1968,
Croatia,HRV,1969,
Croatia,HRV,1970,
Croatia,HRV,1971,
Croatia,HRV,1972,
Croatia,HRV,1973,
Croatia,HRV,1974,
Croatia,HRV,1975,
Croatia,HRV,1976,
Croatia,HRV,1977,
Croatia,HRV,1978,
Croatia,HRV,1979,
Croatia,HRV,1980,
Croatia,HRV,1981,
Croatia,HRV,1982,
Croatia,HRV,1983,
Croatia,HRV,1984,
Croatia,HRV,1985,
Croatia,HRV,1986,
Croatia,HRV,1987,
Croatia,HRV,1988,
Croatia,HRV,1989,
Croatia,HRV,1990,23399.6397169629
Croatia,HRV,1991,18812.8657379331
Croatia,HRV,1992,17020.1669100237
Croatia,HRV,1993,15570.3388433749
Croatia,HRV,1994,16301.6858484798
Croatia,HRV,1995,17522.5142510064
Croatia,HRV,1996,18850.1633100668
Croatia,HRV,1997,20110.2026198343
Croatia,HRV,1998,20576.0127669018
Croatia,HRV,1999,20489.3540108242
Croatia,HRV,2000,21302.4117206381
Croatia,HRV,2001,22826.7217624371
Croatia,HRV,2002,24136.7810227804
Croatia,HRV,2003,25473.5672036391
Croatia,HRV,2004,26528.5369054362
Croatia,HRV,2005,27641.1374713864
Croatia,HRV,2006,29035.6749841445
Croatia,HRV,2007,30508.3061279124
Croatia,HRV,2008,31113.555007687
Croatia,HRV,2009,29024.6640551953
Croatia,HRV,2010,28701.8754573033
Croatia,HRV,2011,28769.0229490882
Croatia,HRV,2012,28259.1638073948
Croatia,HRV,2013,28397.9820661555
Croatia,HRV,2014,28456.3353756076
Croatia,HRV,2015,29466.4506365792
Croatia,HRV,2016,30820.8050421355
Croatia,HRV,2017,32348.5888556174
Croatia,HRV,2018,33729.5455811943
Croatia,HRV,2019,35122.7966231008
Croatia,HRV,2020,32493.4017010055
Croatia,HRV,2021,36930.076102199
Croatia,HRV,2022,39863.9109377649
Croatia,HRV,2023,41320.257995772
Croatia,HRV,2024,42828.7997273569
Haiti,HTI,1960,
Haiti,HTI,1961,
Haiti,HTI,1962,
Haiti,HTI,1963,
Haiti,HTI,1964,
Haiti,HTI,1965,
Haiti,HTI,1966,
Haiti,HTI,1967,
Haiti,HTI,1968,
Haiti,HTI,1969,
Haiti,HTI,1970,
Haiti,HTI,1971,
Haiti,HTI,1972,
Haiti,HTI,1973,
Haiti,HTI,1974,
Haiti,HTI,1975,
Haiti,HTI,1976,
Haiti,HTI,1977,
Haiti,HTI,1978,
Haiti,HTI,1979,
Haiti,HTI,1980,
Haiti,HTI,1981,
Haiti,HTI,1982,
Haiti,HTI,1983,
Haiti,HTI,1984,
Haiti,HTI,1985,
Haiti,HTI,1986,
Haiti,HTI,1987,
Haiti,HTI,1988,
Haiti,HTI,1989,
Haiti,HTI,1990,3923.2219575616
Haiti,HTI,1991,3916.43139455701
Haiti,HTI,1992,3635.13892826929
Haiti,HTI,1993,3370.99533205147
Haiti,HTI,1994,2911.49975345891
Haiti,HTI,1995,3139.26416790518
Haiti,HTI,1996,3207.74580313016
Haiti,HTI,1997,3232.95524865654
Haiti,HTI,1998,3242.45890119666
Haiti,HTI,1999,3269.3988227012
Haiti,HTI,2000,3237.53077898724
Haiti,HTI,2001,3168.14454014466
Haiti,HTI,2002,3145.03689680869
Haiti,HTI,2003,3197.9365263707
Haiti,HTI,2004,3102.54173985545
Haiti,HTI,2005,3144.56353969437
Haiti,HTI,2006,3146.2634386786
Haiti,HTI,2007,3239.25745989841
Haiti,HTI,2008,3270.41272369326
Haiti,HTI,2009,3406.29486715549
Haiti,HTI,2010,3176.50949040109
Haiti,HTI,2011,3300.87444105175
Haiti,HTI,2012,3266.43832519352
Haiti,HTI,2013,3356.8373216264
Haiti,HTI,2014,3403.57496642947
Haiti,HTI,2015,3402.0283988016
Haiti,HTI,2016,3415.58218112308
Haiti,HTI,2017,3453.97142164659
Haiti,HTI,2018,3465.25480573601
Haiti,HTI,2019,3361.75328894114
Haiti,HTI,2020,3210.53609854862
Haiti,HTI,2021,3116.56505397604
Haiti,HTI,2022,3029.77866381702
Haiti,HTI,2023,2939.1237948199
Haiti,HTI,2024,2783.79140882788
Hungary,HUN,1960,
Hungary,HUN,1961,
Hungary,HUN,1962,
Hungary,HUN,1963,
Hungary,HUN,1964,
Hungary,HUN,1965,
Hungary,HUN,1966,
Hungary,HUN,1967,
Hungary,HUN,1968,
Hungary,HUN,1969,
Hungary,HUN,1970,
Hungary,HUN,1971,
Hungary,HUN,1972,
Hungary,HUN,1973,
Hungary,HUN,1974,
Hungary,HUN,1975,
Hungary,HUN,1976,
Hungary,HUN,1977,
Hungary,HUN,1978,
Hungary,HUN,1979,
Hungary,HUN,1980,
Hungary,HUN,1981,
Hungary,HUN,1982,
Hungary,HUN,1983,
Hungary,HUN,1984,
Hungary,HUN,1985,
Hungary,HUN,1986,
Hungary,HUN,1987,
Hungary,HUN,1988,
Hungary,HUN,1989,
Hungary,HUN,1990,21297.0006406829
Hungary,HUN,1991,18765.4162504008
Hungary,HUN,1992,18197.5305521351
Hungary,HUN,1993,18113.3369069655
Hungary,HUN,1994,18672.707236547
Hungary,HUN,1995,18977.2437047366
Hungary,HUN,1996,19029.1137284914
Hungary,HUN,1997,19635.2949600537
Hungary,HUN,1998,20438.3829550506
Hungary,HUN,1999,21128.8884639402
Hungary,HUN,2000,22117.9204303193
Hungary,HUN,2001,23069.2114730987
Hungary,HUN,2002,24229.2953575981
Hungary,HUN,2003,25255.8711300567
Hungary,HUN,2004,26568.118861864
Hungary,HUN,2005,27765.7886146197
Hungary,HUN,2006,28903.0475407078
Hungary,HUN,2007,29044.0669021254
Hungary,HUN,2008,29384.0070385818
Hungary,HUN,2009,27445.959458479
Hungary,HUN,2010,27801.833816111
Hungary,HUN,2011,28415.1173442897
Hungary,HUN,2012,28179.656464434
Hungary,HUN,2013,28891.0217544976
Hungary,HUN,2014,30264.9492302161
Hungary,HUN,2015,31485.5675425634
Hungary,HUN,2016,32378.9674983075
Hungary,HUN,2017,33828.714942571
Hungary,HUN,2018,35798.0412754022
Hungary,HUN,2019,37662.67681014
Hungary,HUN,2020,36119.5211735652
Hungary,HUN,2021,38887.1909527154
Hungary,HUN,2022,40610.9711368238
Hungary,HUN,2023,40333.2546888118
Hungary,HUN,2024,40747.1986679668
IBRD only,IBD,1960,
IBRD only,IBD,1961,
IBRD only,IBD,1962,
IBRD only,IBD,1963,
IBRD only,IBD,1964,
IBRD only,IBD,1965,
IBRD only,IBD,1966,
IBRD only,IBD,1967,
IBRD only,IBD,1968,
IBRD only,IBD,1969,
IBRD only,IBD,1970,
IBRD only,IBD,1971,
IBRD only,IBD,1972,
IBRD only,IBD,1973,
IBRD only,IBD,1974,
IBRD only,IBD,1975,
IBRD only,IBD,1976,
IBRD only,IBD,1977,
IBRD only,IBD,1978,
IBRD only,IBD,1979,
IBRD only,IBD,1980,
IBRD only,IBD,1981,
IBRD only,IBD,1982,
IBRD only,IBD,1983,
IBRD only,IBD,1984,
IBRD only,IBD,1985,
IBRD only,IBD,1986,
IBRD only,IBD,1987,
IBRD only,IBD,1988,
IBRD only,IBD,1989,
IBRD only,IBD,1990,6226.55848816473
IBRD only,IBD,1991,6116.49695550779
IBRD only,IBD,1992,6005.37538745985
IBRD only,IBD,1993,6031.65511499714
IBRD only,IBD,1994,6046.78733927862
IBRD only,IBD,1995,6163.32466106537
IBRD only,IBD,1996,6370.48500773132
IBRD only,IBD,1997,6579.50842367165
IBRD only,IBD,1998,6617.18640579533
IBRD only,IBD,1999,6787.76376116896
IBRD only,IBD,2000,7099.69521817635
IBRD only,IBD,2001,7274.65163572105
IBRD only,IBD,2002,7513.60301860085
IBRD only,IBD,2003,7867.92433928093
IBRD only,IBD,2004,8369.88369086676
IBRD only,IBD,2005,8847.83067056732
IBRD only,IBD,2006,9452.10929844277
IBRD only,IBD,2007,10148.6867255691
IBRD only,IBD,2008,10594.5033452448
IBRD only,IBD,2009,10692.0618809217
IBRD only,IBD,2010,11358.6063797168
IBRD only,IBD,2011,11906.6328014983
IBRD only,IBD,2012,12375.6300146684
IBRD only,IBD,2013,12836.6202127518
IBRD only,IBD,2014,13271.2499046005
IBRD only,IBD,2015,13669.8723851709
IBRD only,IBD,2016,14147.4607960246
IBRD only,IBD,2017,14720.5064051308
IBRD only,IBD,2018,15291.0398093318
IBRD only,IBD,2019,15754.9861909747
IBRD only,IBD,2020,15351.793172746
IBRD only,IBD,2021,16390.9943192501
IBRD only,IBD,2022,16933.9928182913
IBRD only,IBD,2023,17639.8861068054
IBRD only,IBD,2024,18338.0743917536
IDA & IBRD total,IBT,1960,
IDA & IBRD total,IBT,1961,
IDA & IBRD total,IBT,1962,
IDA & IBRD total,IBT,1963,
IDA & IBRD total,IBT,1964,
IDA & IBRD total,IBT,1965,
IDA & IBRD total,IBT,1966,
IDA & IBRD total,IBT,1967,
IDA & IBRD total,IBT,1968,
IDA & IBRD total,IBT,1969,
IDA & IBRD total,IBT,1970,
IDA & IBRD total,IBT,1971,
IDA & IBRD total,IBT,1972,
IDA & IBRD total,IBT,1973,
IDA & IBRD total,IBT,1974,
IDA & IBRD total,IBT,1975,
IDA & IBRD total,IBT,1976,
IDA & IBRD total,IBT,1977,
IDA & IBRD total,IBT,1978,
IDA & IBRD total,IBT,1979,
IDA & IBRD total,IBT,1980,
IDA & IBRD total,IBT,1981,
IDA & IBRD total,IBT,1982,
IDA & IBRD total,IBT,1983,
IDA & IBRD total,IBT,1984,
IDA & IBRD total,IBT,1985,
IDA & IBRD total,IBT,1986,
IDA & IBRD total,IBT,1987,
IDA & IBRD total,IBT,1988,
IDA & IBRD total,IBT,1989,
IDA & IBRD total,IBT,1990,5548.66273196844
IDA & IBRD total,IBT,1991,5452.2495312981
IDA & IBRD total,IBT,1992,5355.4237024899
IDA & IBRD total,IBT,1993,5359.32382140701
IDA & IBRD total,IBT,1994,5355.78243124537
IDA & IBRD total,IBT,1995,5446.49004341279
IDA & IBRD total,IBT,1996,5616.38672275835
IDA & IBRD total,IBT,1997,5780.91318876713
IDA & IBRD total,IBT,1998,5808.923873925
IDA & IBRD total,IBT,1999,5937.18425113739
IDA & IBRD total,IBT,2000,6181.73646411766
IDA & IBRD total,IBT,2001,6320.01629864257
IDA & IBRD total,IBT,2002,6517.50123745662
IDA & IBRD total,IBT,2003,6797.92048003117
IDA & IBRD total,IBT,2004,7205.64090749456
IDA & IBRD total,IBT,2005,7590.28556742349
IDA & IBRD total,IBT,2006,8069.48276915284
IDA & IBRD total,IBT,2007,8616.07323944986
IDA & IBRD total,IBT,2008,8962.67822410779
IDA & IBRD total,IBT,2009,9045.73280749433
IDA & IBRD total,IBT,2010,9568.3350709632
IDA & IBRD total,IBT,2011,9988.65008164631
IDA & IBRD total,IBT,2012,10337.9564275594
IDA & IBRD total,IBT,2013,10698.1935593125
IDA & IBRD total,IBT,2014,11042.0933017783
IDA & IBRD total,IBT,2015,11346.1010341675
IDA & IBRD total,IBT,2016,11696.9848339604
IDA & IBRD total,IBT,2017,12123.4403274652
IDA & IBRD total,IBT,2018,12547.6065169327
IDA & IBRD total,IBT,2019,12882.9121398515
IDA & IBRD total,IBT,2020,12504.9017541415
IDA & IBRD total,IBT,2021,13248.8138127169
IDA & IBRD total,IBT,2022,13635.9169175484
IDA & IBRD total,IBT,2023,14120.5364644683
IDA & IBRD total,IBT,2024,14612.9957116519
IDA total,IDA,1960,
IDA total,IDA,1961,
IDA total,IDA,1962,
IDA total,IDA,1963,
IDA total,IDA,1964,
IDA total,IDA,1965,
IDA total,IDA,1966,
IDA total,IDA,1967,
IDA total,IDA,1968,
IDA total,IDA,1969,
IDA total,IDA,1970,
IDA total,IDA,1971,
IDA total,IDA,1972,
IDA total,IDA,1973,
IDA total,IDA,1974,
IDA total,IDA,1975,
IDA total,IDA,1976,
IDA total,IDA,1977,
IDA total,IDA,1978,
IDA total,IDA,1979,
IDA total,IDA,1980,
IDA total,IDA,1981,
IDA total,IDA,1982,
IDA total,IDA,1983,
IDA total,IDA,1984,
IDA total,IDA,1985,
IDA total,IDA,1986,
IDA total,IDA,1987,
IDA total,IDA,1988,
IDA total,IDA,1989,
IDA total,IDA,1990,2881.63737646334
IDA total,IDA,1991,2864.64546122221
IDA total,IDA,1992,2852.5005024677
IDA total,IDA,1993,2800.5199208388
IDA total,IDA,1994,2756.82232823884
IDA total,IDA,1995,2782.82658467221
IDA total,IDA,1996,2848.40139306913
IDA total,IDA,1997,2883.58952063308
IDA total,IDA,1998,2911.79072965262
IDA total,IDA,1999,2922.98316074681
IDA total,IDA,2000,2965.97750506692
IDA total,IDA,2001,3016.92684889007
IDA total,IDA,2002,3115.82523706753
IDA total,IDA,2003,3190.64251168148
IDA total,IDA,2004,3329.75784325758
IDA total,IDA,2005,3456.76664335691
IDA total,IDA,2006,3584.11990284593
IDA total,IDA,2007,3712.03702353228
IDA total,IDA,2008,3811.61684663031
IDA total,IDA,2009,3918.73517951819
IDA total,IDA,2010,4065.12933937447
IDA total,IDA,2011,4166.33730689033
IDA total,IDA,2012,4221.81968545851
IDA total,IDA,2013,4342.25857072893
IDA total,IDA,2014,4484.83927106283
IDA total,IDA,2015,4584.99902568175
IDA total,IDA,2016,4649.06174910145
IDA total,IDA,2017,4743.55675240066
IDA total,IDA,2018,4853.06226610071
IDA total,IDA,2019,4940.15164754183
IDA total,IDA,2020,4750.57582514097
IDA total,IDA,2021,4825.30169071054
IDA total,IDA,2022,4938.94976493355
IDA total,IDA,2023,4987.31104092255
IDA total,IDA,2024,5093.91764711448
IDA blend,IDB,1960,
IDA blend,IDB,1961,
IDA blend,IDB,1962,
IDA blend,IDB,1963,
IDA blend,IDB,1964,
IDA blend,IDB,1965,
IDA blend,IDB,1966,
IDA blend,IDB,1967,
IDA blend,IDB,1968,
IDA blend,IDB,1969,
IDA blend,IDB,1970,
IDA blend,IDB,1971,
IDA blend,IDB,1972,
IDA blend,IDB,1973,
IDA blend,IDB,1974,
IDA blend,IDB,1975,
IDA blend,IDB,1976,
IDA blend,IDB,1977,
IDA blend,IDB,1978,
IDA blend,IDB,1979,
IDA blend,IDB,1980,
IDA blend,IDB,1981,
IDA blend,IDB,1982,
IDA blend,IDB,1983,
IDA blend,IDB,1984,
IDA blend,IDB,1985,
IDA blend,IDB,1986,
IDA blend,IDB,1987,
IDA blend,IDB,1988,
IDA blend,IDB,1989,
IDA blend,IDB,1990,4385.82960137348
IDA blend,IDB,1991,4338.34143209451
IDA blend,IDB,1992,4344.30591538365
IDA blend,IDB,1993,4209.84706453351
IDA blend,IDB,1994,4135.19963095432
IDA blend,IDB,1995,4118.57022841448
IDA blend,IDB,1996,4199.257021962
IDA blend,IDB,1997,4188.90516811605
IDA blend,IDB,1998,4194.86576836131
IDA blend,IDB,1999,4168.20857171203
IDA blend,IDB,2000,4209.1548816606
IDA blend,IDB,2001,4267.87486448223
IDA blend,IDB,2002,4439.21008957396
IDA blend,IDB,2003,4529.62135630622
IDA blend,IDB,2004,4746.79902014186
IDA blend,IDB,2005,4907.66392963546
IDA blend,IDB,2006,5061.17002152738
IDA blend,IDB,2007,5195.80808887477
IDA blend,IDB,2008,5272.70195837866
IDA blend,IDB,2009,5444.50751527268
IDA blend,IDB,2010,5622.53923702245
IDA blend,IDB,2011,5723.39316723438
IDA blend,IDB,2012,5846.37428459277
IDA blend,IDB,2013,6049.35770247292
IDA blend,IDB,2014,6263.27766334353
IDA blend,IDB,2015,6369.42234682599
IDA blend,IDB,2016,6379.73619945793
IDA blend,IDB,2017,6424.09547786649
IDA blend,IDB,2018,6540.02977425504
IDA blend,IDB,2019,6597.29007423325
IDA blend,IDB,2020,6248.18008980538
IDA blend,IDB,2021,6382.99566586346
IDA blend,IDB,2022,6554.67363673278
IDA blend,IDB,2023,6605.73413006609
IDA blend,IDB,2024,6743.39623530811
Indonesia,IDN,1960,
Indonesia,IDN,1961,
Indonesia,IDN,1962,
Indonesia,IDN,1963,
Indonesia,IDN,1964,
Indonesia,IDN,1965,
Indonesia,IDN,1966,
Indonesia,IDN,1967,
Indonesia,IDN,1968,
Indonesia,IDN,1969,
Indonesia,IDN,1970,
Indonesia,IDN,1971,
Indonesia,IDN,1972,
Indonesia,IDN,1973,
Indonesia,IDN,1974,
Indonesia,IDN,1975,
Indonesia,IDN,1976,
Indonesia,IDN,1977,
Indonesia,IDN,1978,
Indonesia,IDN,1979,
Indonesia,IDN,1980,
Indonesia,IDN,1981,
Indonesia,IDN,1982,
Indonesia,IDN,1983,
Indonesia,IDN,1984,
Indonesia,IDN,1985,
Indonesia,IDN,1986,
Indonesia,IDN,1987,
Indonesia,IDN,1988,
Indonesia,IDN,1989,
Indonesia,IDN,1990,4873.05380133263
Indonesia,IDN,1991,5118.46789591815
Indonesia,IDN,1992,5357.3758979759
Indonesia,IDN,1993,5609.15178814269
Indonesia,IDN,1994,5931.23473426762
Indonesia,IDN,1995,6312.93453561158
Indonesia,IDN,1996,6695.40975787395
Indonesia,IDN,1997,6897.00236563331
Indonesia,IDN,1998,5897.68530859207
Indonesia,IDN,1999,5855.65800744994
Indonesia,IDN,2000,6056.38197842165
Indonesia,IDN,2001,6190.51954040991
Indonesia,IDN,2002,6381.94955179996
Indonesia,IDN,2003,6599.09193597034
Indonesia,IDN,2004,6843.54654972364
Indonesia,IDN,2005,7140.8545640704
Indonesia,IDN,2006,7434.48785352221
Indonesia,IDN,2007,7802.46406905954
Indonesia,IDN,2008,8165.06155116624
Indonesia,IDN,2009,8435.4557468629
Indonesia,IDN,2010,8848.22473702066
Indonesia,IDN,2011,9274.96955181702
Indonesia,IDN,2012,9708.61182531081
Indonesia,IDN,2013,10121.8141535043
Indonesia,IDN,2014,10504.3869411088
Indonesia,IDN,2015,10893.6621142169
Indonesia,IDN,2016,11319.6634287738
Indonesia,IDN,2017,11772.5743296107
Indonesia,IDN,2018,12262.2310300771
Indonesia,IDN,2019,12757.7850854842
Indonesia,IDN,2020,12388.5449268131
Indonesia,IDN,2021,12757.0746440204
Indonesia,IDN,2022,13334.2653947637
Indonesia,IDN,2023,13889.9495012858
Indonesia,IDN,2024,14470.7179806578
IDA only,IDX,1960,
IDA only,IDX,1961,
IDA only,IDX,1962,
IDA only,IDX,1963,
IDA only,IDX,1964,
IDA only,IDX,1965,
IDA only,IDX,1966,
IDA only,IDX,1967,
IDA only,IDX,1968,
IDA only,IDX,1969,
IDA only,IDX,1970,
IDA only,IDX,1971,
IDA only,IDX,1972,
IDA only,IDX,1973,
IDA only,IDX,1974,
IDA only,IDX,1975,
IDA only,IDX,1976,
IDA only,IDX,1977,
IDA only,IDX,1978,
IDA only,IDX,1979,
IDA only,IDX,1980,
IDA only,IDX,1981,
IDA only,IDX,1982,
IDA only,IDX,1983,
IDA only,IDX,1984,
IDA only,IDX,1985,
IDA only,IDX,1986,
IDA only,IDX,1987,
IDA only,IDX,1988,
IDA only,IDX,1989,
IDA only,IDX,1990,2088.47149305233
IDA only,IDX,1991,2082.99544524376
IDA only,IDX,1992,2058.25807564261
IDA only,IDX,1993,2051.94467107569
IDA only,IDX,1994,2024.45093507867
IDA only,IDX,1995,2074.10174330687
IDA only,IDX,1996,2130.92645303633
IDA only,IDX,1997,2191.20412952559
IDA only,IDX,1998,2231.01436074422
IDA only,IDX,1999,2262.73573212869
IDA only,IDX,2000,2305.71777037295
IDA only,IDX,2001,2350.56945975774
IDA only,IDX,2002,2409.06339482221
IDA only,IDX,2003,2475.42243019989
IDA only,IDX,2004,2570.49137459422
IDA only,IDX,2005,2678.38937870739
IDA only,IDX,2006,2791.29991947711
IDA only,IDX,2007,2914.48488026821
IDA only,IDX,2008,3025.02503325556
IDA only,IDX,2009,3093.44360386607
IDA only,IDX,2010,3220.42982449368
IDA only,IDX,2011,3321.06989522982
IDA only,IDX,2012,3337.81840982522
IDA only,IDX,2013,3411.44081665014
IDA only,IDX,2014,3514.87967351075
IDA only,IDX,2015,3613.78023092134
IDA only,IDX,2016,3711.89606197188
IDA only,IDX,2017,3838.75766461121
IDA only,IDX,2018,3948.52787213757
IDA only,IDX,2019,4056.85050579817
IDA only,IDX,2020,3958.34543039405
IDA only,IDX,2021,4002.20344573931
IDA only,IDX,2022,4086.6200282723
IDA only,IDX,2023,4137.43602506399
IDA only,IDX,2024,4231.54619614221
Isle of Man,IMN,1960,
Isle of Man,IMN,1961,
Isle of Man,IMN,1962,
Isle of Man,IMN,1963,
Isle of Man,IMN,1964,
Isle of Man,IMN,1965,
Isle of Man,IMN,1966,
Isle of Man,IMN,1967,
Isle of Man,IMN,1968,
Isle of Man,IMN,1969,
Isle of Man,IMN,1970,
Isle of Man,IMN,1971,
Isle of Man,IMN,1972,
Isle of Man,IMN,1973,
Isle of Man,IMN,1974,
Isle of Man,IMN,1975,
Isle of Man,IMN,1976,
Isle of Man,IMN,1977,
Isle of Man,IMN,1978,
Isle of Man,IMN,1979,
Isle of Man,IMN,1980,
Isle of Man,IMN,1981,
Isle of Man,IMN,1982,
Isle of Man,IMN,1983,
Isle of Man,IMN,1984,
Isle of Man,IMN,1985,
Isle of Man,IMN,1986,
Isle of Man,IMN,1987,
Isle of Man,IMN,1988,
Isle of Man,IMN,1989,
Isle of Man,IMN,1990,
Isle of Man,IMN,1991,
Isle of Man,IMN,1992,
Isle of Man,IMN,1993,
Isle of Man,IMN,1994,
Isle of Man,IMN,1995,
Isle of Man,IMN,1996,
Isle of Man,IMN,1997,
Isle of Man,IMN,1998,
Isle of Man,IMN,1999,
Isle of Man,IMN,2000,
Isle of Man,IMN,2001,
Isle of Man,IMN,2002,
Isle of Man,IMN,2003,
Isle of Man,IMN,2004,
Isle of Man,IMN,2005,
Isle of Man,IMN,2006,
Isle of Man,IMN,2007,
Isle of Man,IMN,2008,
Isle of Man,IMN,2009,
Isle of Man,IMN,2010,
Isle of Man,IMN,2011,
Isle of Man,IMN,2012,
Isle of Man,IMN,2013,
Isle of Man,IMN,2014,
Isle of Man,IMN,2015,
Isle of Man,IMN,2016,
Isle of Man,IMN,2017,
Isle of Man,IMN,2018,
Isle of Man,IMN,2019,
Isle of Man,IMN,2020,
Isle of Man,IMN,2021,
Isle of Man,IMN,2022,
Isle of Man,IMN,2023,
Isle of Man,IMN,2024,
India,IND,1960,
India,IND,1961,
India,IND,1962,
India,IND,1963,
India,IND,1964,
India,IND,1965,
India,IND,1966,
India,IND,1967,
India,IND,1968,
India,IND,1969,
India,IND,1970,
India,IND,1971,
India,IND,1972,
India,IND,1973,
India,IND,1974,
India,IND,1975,
India,IND,1976,
India,IND,1977,
India,IND,1978,
India,IND,1979,
India,IND,1980,
India,IND,1981,
India,IND,1982,
India,IND,1983,
India,IND,1984,
India,IND,1985,
India,IND,1986,
India,IND,1987,
India,IND,1988,
India,IND,1989,
India,IND,1990,2139.82749174123
India,IND,1991,2116.06939249228
India,IND,1992,2185.04046180678
India,IND,1993,2241.28535932488
India,IND,1994,2342.15609263829
India,IND,1995,2469.3516292637
India,IND,1996,2603.24632974171
India,IND,1997,2655.92939429507
India,IND,1998,2766.110488608
India,IND,1999,2954.0688560393
India,IND,2000,3010.42156148397
India,IND,2001,3097.16224022342
India,IND,2002,3157.26903770593
India,IND,2003,3346.8882902915
India,IND,2004,3551.04731213773
India,IND,2005,3770.39653173829
India,IND,2006,4011.08647585805
India,IND,2007,4253.82139046739
India,IND,2008,4322.48378983546
India,IND,2009,4595.37990753812
India,IND,2010,4913.87639723705
India,IND,2011,5098.67458775444
India,IND,2012,5303.50197767655
India,IND,2013,5567.49439418718
India,IND,2014,5905.10618204633
India,IND,2015,6301.67346968236
India,IND,2016,6741.14883185347
India,IND,2017,7116.03659185396
India,IND,2018,7492.62576755145
India,IND,2019,7702.17634811957
India,IND,2020,7186.86447099679
India,IND,2021,7818.65701757504
India,IND,2022,8347.38478647086
India,IND,2023,8870.55027609345
India,IND,2024,9416.05137044735
Ireland,IRL,1960,
Ireland,IRL,1961,
Ireland,IRL,1962,
Ireland,IRL,1963,
Ireland,IRL,1964,
Ireland,IRL,1965,
Ireland,IRL,1966,
Ireland,IRL,1967,
Ireland,IRL,1968,
Ireland,IRL,1969,
Ireland,IRL,1970,
Ireland,IRL,1971,
Ireland,IRL,1972,
Ireland,IRL,1973,
Ireland,IRL,1974,
Ireland,IRL,1975,
Ireland,IRL,1976,
Ireland,IRL,1977,
Ireland,IRL,1978,
Ireland,IRL,1979,
Ireland,IRL,1980,
Ireland,IRL,1981,
Ireland,IRL,1982,
Ireland,IRL,1983,
Ireland,IRL,1984,
Ireland,IRL,1985,
Ireland,IRL,1986,
Ireland,IRL,1987,
Ireland,IRL,1988,
Ireland,IRL,1989,
Ireland,IRL,1990,29504.8772657821
Ireland,IRL,1991,29901.8063008033
Ireland,IRL,1992,30691.3955973094
Ireland,IRL,1993,31360.6490651216
Ireland,IRL,1994,33035.2362632759
Ireland,IRL,1995,36032.7774732501
Ireland,IRL,1996,38386.9116734053
Ireland,IRL,1997,42192.5848112478
Ireland,IRL,1998,45415.0455160312
Ireland,IRL,1999,49634.5026736477
Ireland,IRL,2000,53582.8313532284
Ireland,IRL,2001,55534.5698068816
Ireland,IRL,2002,57828.0116338414
Ireland,IRL,2003,58608.3353816693
Ireland,IRL,2004,61452.8660388324
Ireland,IRL,2005,63579.7134384122
Ireland,IRL,2006,64975.4086496251
Ireland,IRL,2007,66475.8410142999
Ireland,IRL,2008,62213.6453256462
Ireland,IRL,2009,58446.726333492
Ireland,IRL,2010,59107.4220740498
Ireland,IRL,2011,59797.0537343463
Ireland,IRL,2012,59303.0319813561
Ireland,IRL,2013,60285.2376140094
Ireland,IRL,2014,65463.1952541564
Ireland,IRL,2015,80815.6415277345
Ireland,IRL,2016,80760.0974145688
Ireland,IRL,2017,87731.7897045734
Ireland,IRL,2018,93115.8393498329
Ireland,IRL,2019,96205.7961557005
Ireland,IRL,2020,101793.447525871
Ireland,IRL,2021,116702.85817485
Ireland,IRL,2022,123007.47648651
Ireland,IRL,2023,117659.728593716
Ireland,IRL,2024,118833.312071751
"Iran, Islamic Rep.",IRN,1960,
"Iran, Islamic Rep.",IRN,1961,
"Iran, Islamic Rep.",IRN,1962,
"Iran, Islamic Rep.",IRN,1963,
"Iran, Islamic Rep.",IRN,1964,
"Iran, Islamic Rep.",IRN,1965,
"Iran, Islamic Rep.",IRN,1966,
"Iran, Islamic Rep.",IRN,1967,
"Iran, Islamic Rep.",IRN,1968,
"Iran, Islamic Rep.",IRN,1969,
"Iran, Islamic Rep.",IRN,1970,
"Iran, Islamic Rep.",IRN,1971,
"Iran, Islamic Rep.",IRN,1972,
"Iran, Islamic Rep.",IRN,1973,
"Iran, Islamic Rep.",IRN,1974,
"Iran, Islamic Rep.",IRN,1975,
"Iran, Islamic Rep.",IRN,1976,
"Iran, Islamic Rep.",IRN,1977,
"Iran, Islamic Rep.",IRN,1978,
"Iran, Islamic Rep.",IRN,1979,
"Iran, Islamic Rep.",IRN,1980,
"Iran, Islamic Rep.",IRN,1981,
"Iran, Islamic Rep.",IRN,1982,
"Iran, Islamic Rep.",IRN,1983,
"Iran, Islamic Rep.",IRN,1984,
"Iran, Islamic Rep.",IRN,1985,
"Iran, Islamic Rep.",IRN,1986,
"Iran, Islamic Rep.",IRN,1987,
"Iran, Islamic Rep.",IRN,1988,
"Iran, Islamic Rep.",IRN,1989,
"Iran, Islamic Rep.",IRN,1990,9656.00116894359
"Iran, Islamic Rep.",IRN,1991,10592.3319257222
"Iran, Islamic Rep.",IRN,1992,10727.4183671547
"Iran, Islamic Rep.",IRN,1993,10531.9952777275
"Iran, Islamic Rep.",IRN,1994,10333.4330005595
"Iran, Islamic Rep.",IRN,1995,10465.0259592685
"Iran, Islamic Rep.",IRN,1996,11010.0094976248
"Iran, Islamic Rep.",IRN,1997,11025.7202371524
"Iran, Islamic Rep.",IRN,1998,11101.507869196
"Iran, Islamic Rep.",IRN,1999,11163.6950736445
"Iran, Islamic Rep.",IRN,2000,11643.1218077696
"Iran, Islamic Rep.",IRN,2001,11739.0090911282
"Iran, Islamic Rep.",IRN,2002,12583.044990424
"Iran, Islamic Rep.",IRN,2003,13519.4501926929
"Iran, Islamic Rep.",IRN,2004,13807.1953114023
"Iran, Islamic Rep.",IRN,2005,13935.7743087596
"Iran, Islamic Rep.",IRN,2006,14320.6568534545
"Iran, Islamic Rep.",IRN,2007,15237.4237850549
"Iran, Islamic Rep.",IRN,2008,15091.2506521463
"Iran, Islamic Rep.",IRN,2009,15055.1494647199
"Iran, Islamic Rep.",IRN,2010,15729.9131707266
"Iran, Islamic Rep.",IRN,2011,15947.766097961
"Iran, Islamic Rep.",IRN,2012,15159.2948206531
"Iran, Islamic Rep.",IRN,2013,14734.740588719
"Iran, Islamic Rep.",IRN,2014,15262.8515760903
"Iran, Islamic Rep.",IRN,2015,14841.9048340737
"Iran, Islamic Rep.",IRN,2016,15920.3718021202
"Iran, Islamic Rep.",IRN,2017,16167.9677224227
"Iran, Islamic Rep.",IRN,2018,15364.8049052614
"Iran, Islamic Rep.",IRN,2019,14841.0751514998
"Iran, Islamic Rep.",IRN,2020,15381.5845437266
"Iran, Islamic Rep.",IRN,2021,15884.4276775963
"Iran, Islamic Rep.",IRN,2022,16377.9610645368
"Iran, Islamic Rep.",IRN,2023,17044.8173442641
"Iran, Islamic Rep.",IRN,2024,17484.1320140467
Iraq,IRQ,1960,
Iraq,IRQ,1961,
Iraq,IRQ,1962,
Iraq,IRQ,1963,
Iraq,IRQ,1964,
Iraq,IRQ,1965,
Iraq,IRQ,1966,
Iraq,IRQ,1967,
Iraq,IRQ,1968,
Iraq,IRQ,1969,
Iraq,IRQ,1970,
Iraq,IRQ,1971,
Iraq,IRQ,1972,
Iraq,IRQ,1973,
Iraq,IRQ,1974,
Iraq,IRQ,1975,
Iraq,IRQ,1976,
Iraq,IRQ,1977,
Iraq,IRQ,1978,
Iraq,IRQ,1979,
Iraq,IRQ,1980,
Iraq,IRQ,1981,
Iraq,IRQ,1982,
Iraq,IRQ,1983,
Iraq,IRQ,1984,
Iraq,IRQ,1985,
Iraq,IRQ,1986,
Iraq,IRQ,1987,
Iraq,IRQ,1988,
Iraq,IRQ,1989,
Iraq,IRQ,1990,10735.09411029
Iraq,IRQ,1991,3819.16194826651
Iraq,IRQ,1992,4916.26440292597
Iraq,IRQ,1993,6105.04166284904
Iraq,IRQ,1994,6044.87104810181
Iraq,IRQ,1995,5969.66964096052
Iraq,IRQ,1996,6419.36981876252
Iraq,IRQ,1997,7545.72976100631
Iraq,IRQ,1998,9871.73398030775
Iraq,IRQ,1999,11237.8537439925
Iraq,IRQ,2000,12702.1641950892
Iraq,IRQ,2001,12529.6084050976
Iraq,IRQ,2002,11144.0505255902
Iraq,IRQ,2003,6849.3320080035
Iraq,IRQ,2004,10210.5631004936
Iraq,IRQ,2005,10078.4437646814
Iraq,IRQ,2006,10568.9137652953
Iraq,IRQ,2007,10853.8161022286
Iraq,IRQ,2008,11511.9387643638
Iraq,IRQ,2009,11470.5178061728
Iraq,IRQ,2010,11816.8410150233
Iraq,IRQ,2011,12267.5848940645
Iraq,IRQ,2012,13357.0143882323
Iraq,IRQ,2013,13712.931714296
Iraq,IRQ,2014,13536.8227681399
Iraq,IRQ,2015,13516.0271989173
Iraq,IRQ,2016,15016.0920644557
Iraq,IRQ,2017,14417.6306896454
Iraq,IRQ,2018,14456.2357053191
Iraq,IRQ,2019,14910.225032382
Iraq,IRQ,2020,12827.6345392293
Iraq,IRQ,2021,12731.7535755128
Iraq,IRQ,2022,13433.3977166956
Iraq,IRQ,2023,13202.3228073856
Iraq,IRQ,2024,12725.0431260364
Iceland,ISL,1960,
Iceland,ISL,1961,
Iceland,ISL,1962,
Iceland,ISL,1963,
Iceland,ISL,1964,
Iceland,ISL,1965,
Iceland,ISL,1966,
Iceland,ISL,1967,
Iceland,ISL,1968,
Iceland,ISL,1969,
Iceland,ISL,1970,
Iceland,ISL,1971,
Iceland,ISL,1972,
Iceland,ISL,1973,
Iceland,ISL,1974,
Iceland,ISL,1975,
Iceland,ISL,1976,
Iceland,ISL,1977,
Iceland,ISL,1978,
Iceland,ISL,1979,
Iceland,ISL,1980,
Iceland,ISL,1981,
Iceland,ISL,1982,
Iceland,ISL,1983,
Iceland,ISL,1984,
Iceland,ISL,1985,
Iceland,ISL,1986,
Iceland,ISL,1987,
Iceland,ISL,1988,
Iceland,ISL,1989,
Iceland,ISL,1990,43099.5786392572
Iceland,ISL,1991,42507.6461691026
Iceland,ISL,1992,40560.5700738208
Iceland,ISL,1993,40677.5881237507
Iceland,ISL,1994,41781.8302657718
Iceland,ISL,1995,41604.2381180421
Iceland,ISL,1996,43241.3554367229
Iceland,ISL,1997,44664.5306286878
Iceland,ISL,1998,47286.6358663221
Iceland,ISL,1999,48539.3433136469
Iceland,ISL,2000,50227.8408745363
Iceland,ISL,2001,51468.3282267824
Iceland,ISL,2002,51287.593729948
Iceland,ISL,2003,52095.6402740564
Iceland,ISL,2004,55576.6099806516
Iceland,ISL,2005,58549.1358862183
Iceland,ISL,2006,60434.3837931128
Iceland,ISL,2007,64075.3098188208
Iceland,ISL,2008,63963.7601392225
Iceland,ISL,2009,58441.2719673968
Iceland,ISL,2010,57225.1024282006
Iceland,ISL,2011,57837.8604599413
Iceland,ISL,2012,58203.6379459536
Iceland,ISL,2013,59729.5439775397
Iceland,ISL,2014,60199.1994872756
Iceland,ISL,2015,61820.3618857662
Iceland,ISL,2016,64759.2275423229
Iceland,ISL,2017,65462.5033306299
Iceland,ISL,2018,66703.0219398003
Iceland,ISL,2019,65994.9860038103
Iceland,ISL,2020,60617.143268851
Iceland,ISL,2021,62720.7916832797
Iceland,ISL,2022,66581.2441801002
Iceland,ISL,2023,69268.1221404224
Iceland,ISL,2024,68230.356652817
Israel,ISR,1960,
Israel,ISR,1961,
Israel,ISR,1962,
Israel,ISR,1963,
Israel,ISR,1964,
Israel,ISR,1965,
Israel,ISR,1966,
Israel,ISR,1967,
Israel,ISR,1968,
Israel,ISR,1969,
Israel,ISR,1970,
Israel,ISR,1971,
Israel,ISR,1972,
Israel,ISR,1973,
Israel,ISR,1974,
Israel,ISR,1975,
Israel,ISR,1976,
Israel,ISR,1977,
Israel,ISR,1978,
Israel,ISR,1979,
Israel,ISR,1980,
Israel,ISR,1981,
Israel,ISR,1982,
Israel,ISR,1983,
Israel,ISR,1984,
Israel,ISR,1985,
Israel,ISR,1986,
Israel,ISR,1987,
Israel,ISR,1988,
Israel,ISR,1989,
Israel,ISR,1990,25340.9813271336
Israel,ISR,1991,25704.7207371288
Israel,ISR,1992,26758.4290726582
Israel,ISR,1993,27129.2193762452
Israel,ISR,1994,28399.3981907056
Israel,ISR,1995,29477.45829469
Israel,ISR,1996,30392.8973069758
Israel,ISR,1997,30713.159801923
Israel,ISR,1998,31250.1071698272
Israel,ISR,1999,31466.1683689237
Israel,ISR,2000,33278.5412285682
Israel,ISR,2001,32591.2116817431
Israel,ISR,2002,31892.5395978816
Israel,ISR,2003,31771.2115906733
Israel,ISR,2004,32665.8537052438
Israel,ISR,2005,33491.9913996395
Israel,ISR,2006,34744.8675092298
Israel,ISR,2007,36288.0655118571
Israel,ISR,2008,36795.4799112424
Israel,ISR,2009,36364.7843182661
Israel,ISR,2010,37686.3420833543
Israel,ISR,2011,39036.0247356871
Israel,ISR,2012,39245.5078117687
Israel,ISR,2013,40095.4756773092
Israel,ISR,2014,40795.6290927281
Israel,ISR,2015,40889.5989080834
Israel,ISR,2016,41914.5802977706
Israel,ISR,2017,42895.585129847
Israel,ISR,2018,43782.6526491689
Israel,ISR,2019,44492.1226967084
Israel,ISR,2020,42926.5415418584
Israel,ISR,2021,46151.100820403
Israel,ISR,2022,48132.3637205177
Israel,ISR,2023,47671.2476926086
Israel,ISR,2024,47388.7236682364
Italy,ITA,1960,
Italy,ITA,1961,
Italy,ITA,1962,
Italy,ITA,1963,
Italy,ITA,1964,
Italy,ITA,1965,
Italy,ITA,1966,
Italy,ITA,1967,
Italy,ITA,1968,
Italy,ITA,1969,
Italy,ITA,1970,
Italy,ITA,1971,
Italy,ITA,1972,
Italy,ITA,1973,
Italy,ITA,1974,
Italy,ITA,1975,
Italy,ITA,1976,
Italy,ITA,1977,
Italy,ITA,1978,
Italy,ITA,1979,
Italy,ITA,1980,
Italy,ITA,1981,
Italy,ITA,1982,
Italy,ITA,1983,
Italy,ITA,1984,
Italy,ITA,1985,
Italy,ITA,1986,
Italy,ITA,1987,
Italy,ITA,1988,
Italy,ITA,1989,
Italy,ITA,1990,42656.7445101659
Italy,ITA,1991,43283.0204441901
Italy,ITA,1992,43614.4850883758
Italy,ITA,1993,43216.1096444751
Italy,ITA,1994,44136.7059141923
Italy,ITA,1995,45410.1391731091
Italy,ITA,1996,46008.2389303796
Italy,ITA,1997,46869.4256086419
Italy,ITA,1998,47701.3974191265
Italy,ITA,1999,48493.6651210308
Italy,ITA,2000,50353.4200415436
Italy,ITA,2001,51332.2904432567
Italy,ITA,2002,51369.1149098293
Italy,ITA,2003,51126.2585544038
Italy,ITA,2004,51495.0028841364
Italy,ITA,2005,51585.6445807938
Italy,ITA,2006,52304.2402949819
Italy,ITA,2007,52747.1905476807
Italy,ITA,2008,51806.3906176391
Italy,ITA,2009,48774.3916833748
Italy,ITA,2010,49301.6959141674
Italy,ITA,2011,49473.0149235634
Italy,ITA,2012,47795.9579360541
Italy,ITA,2013,46833.3615309303
Italy,ITA,2014,46825.6511245062
Italy,ITA,2015,47311.8255262709
Italy,ITA,2016,47987.8379581014
Italy,ITA,2017,48849.2183534756
Italy,ITA,2018,49355.8751913504
Italy,ITA,2019,49690.6298505274
Italy,ITA,2020,45505.0688708956
Italy,ITA,2021,49825.3934111848
Italy,ITA,2022,52333.3274270604
Italy,ITA,2023,52842.6288831758
Italy,ITA,2024,53284.8745049149
Jamaica,JAM,1960,
Jamaica,JAM,1961,
Jamaica,JAM,1962,
Jamaica,JAM,1963,
Jamaica,JAM,1964,
Jamaica,JAM,1965,
Jamaica,JAM,1966,
Jamaica,JAM,1967,
Jamaica,JAM,1968,
Jamaica,JAM,1969,
Jamaica,JAM,1970,
Jamaica,JAM,1971,
Jamaica,JAM,1972,
Jamaica,JAM,1973,
Jamaica,JAM,1974,
Jamaica,JAM,1975,
Jamaica,JAM,1976,
Jamaica,JAM,1977,
Jamaica,JAM,1978,
Jamaica,JAM,1979,
Jamaica,JAM,1980,
Jamaica,JAM,1981,
Jamaica,JAM,1982,
Jamaica,JAM,1983,
Jamaica,JAM,1984,
Jamaica,JAM,1985,
Jamaica,JAM,1986,
Jamaica,JAM,1987,
Jamaica,JAM,1988,
Jamaica,JAM,1989,
Jamaica,JAM,1990,8879.65295231625
Jamaica,JAM,1991,9227.87613770652
Jamaica,JAM,1992,9315.8581885588
Jamaica,JAM,1993,10088.232357755
Jamaica,JAM,1994,10123.2339381488
Jamaica,JAM,1995,10257.8065381959
Jamaica,JAM,1996,10147.4641121652
Jamaica,JAM,1997,9939.66172862006
Jamaica,JAM,1998,9624.92935948127
Jamaica,JAM,1999,9650.43726482499
Jamaica,JAM,2000,9667.92474492316
Jamaica,JAM,2001,9736.06291757526
Jamaica,JAM,2002,9869.71291927176
Jamaica,JAM,2003,10169.7500243245
Jamaica,JAM,2004,10244.2066702878
Jamaica,JAM,2005,10278.6834382546
Jamaica,JAM,2006,10522.2367459591
Jamaica,JAM,2007,10622.4442829007
Jamaica,JAM,2008,10490.4686134498
Jamaica,JAM,2009,9992.97699539021
Jamaica,JAM,2010,9805.90172806302
Jamaica,JAM,2011,9932.48380946963
Jamaica,JAM,2012,9829.03510015044
Jamaica,JAM,2013,9839.96506606095
Jamaica,JAM,2014,9872.15913752129
Jamaica,JAM,2015,9931.89875715182
Jamaica,JAM,2016,10179.2536486158
Jamaica,JAM,2017,10391.0378224678
Jamaica,JAM,2018,10636.0929784551
Jamaica,JAM,2019,10816.3720391154
Jamaica,JAM,2020,9891.96932961548
Jamaica,JAM,2021,10430.6909771759
Jamaica,JAM,2022,11096.6377085321
Jamaica,JAM,2023,11398.8120394641
Jamaica,JAM,2024,11340.2638800451
Jordan,JOR,1960,
Jordan,JOR,1961,
Jordan,JOR,1962,
Jordan,JOR,1963,
Jordan,JOR,1964,
Jordan,JOR,1965,
Jordan,JOR,1966,
Jordan,JOR,1967,
Jordan,JOR,1968,
Jordan,JOR,1969,
Jordan,JOR,1970,
Jordan,JOR,1971,
Jordan,JOR,1972,
Jordan,JOR,1973,
Jordan,JOR,1974,
Jordan,JOR,1975,
Jordan,JOR,1976,
Jordan,JOR,1977,
Jordan,JOR,1978,
Jordan,JOR,1979,
Jordan,JOR,1980,
Jordan,JOR,1981,
Jordan,JOR,1982,
Jordan,JOR,1983,
Jordan,JOR,1984,
Jordan,JOR,1985,
Jordan,JOR,1986,
Jordan,JOR,1987,
Jordan,JOR,1988,
Jordan,JOR,1989,
Jordan,JOR,1990,8241.80478655254
Jordan,JOR,1991,7747.14378568886
Jordan,JOR,1992,8402.68031410694
Jordan,JOR,1993,8334.81403079152
Jordan,JOR,1994,8339.88427710177
Jordan,JOR,1995,8501.61905829876
Jordan,JOR,1996,8395.63208718512
Jordan,JOR,1997,8443.48146361982
Jordan,JOR,1998,8499.07689804781
Jordan,JOR,1999,8600.36943915146
Jordan,JOR,2000,8781.60904744228
Jordan,JOR,2001,9056.19447281902
Jordan,JOR,2002,9380.11324124271
Jordan,JOR,2003,9556.48163712053
Jordan,JOR,2004,10127.8527547101
Jordan,JOR,2005,10684.9424228538
Jordan,JOR,2006,10834.8737267915
Jordan,JOR,2007,11034.2922176813
Jordan,JOR,2008,11555.728825835
Jordan,JOR,2009,11888.6617212582
Jordan,JOR,2010,11942.572010796
Jordan,JOR,2011,11988.4963110815
Jordan,JOR,2012,12104.1217423938
Jordan,JOR,2013,11804.1225335126
Jordan,JOR,2014,11086.6905487513
Jordan,JOR,2015,10469.6306302225
Jordan,JOR,2016,10197.5044990617
Jordan,JOR,2017,10220.492781193
Jordan,JOR,2018,10183.0248366235
Jordan,JOR,2019,10168.3588523537
Jordan,JOR,2020,9872.3094512325
Jordan,JOR,2021,10056.5611261239
Jordan,JOR,2022,10158.4738771524
Jordan,JOR,2023,10308.7821986337
Jordan,JOR,2024,10468.265334284
Japan,JPN,1960,
Japan,JPN,1961,
Japan,JPN,1962,
Japan,JPN,1963,
Japan,JPN,1964,
Japan,JPN,1965,
Japan,JPN,1966,
Japan,JPN,1967,
Japan,JPN,1968,
Japan,JPN,1969,
Japan,JPN,1970,
Japan,JPN,1971,
Japan,JPN,1972,
Japan,JPN,1973,
Japan,JPN,1974,
Japan,JPN,1975,
Japan,JPN,1976,
Japan,JPN,1977,
Japan,JPN,1978,
Japan,JPN,1979,
Japan,JPN,1980,
Japan,JPN,1981,
Japan,JPN,1982,
Japan,JPN,1983,
Japan,JPN,1984,
Japan,JPN,1985,
Japan,JPN,1986,
Japan,JPN,1987,
Japan,JPN,1988,
Japan,JPN,1989,
Japan,JPN,1990,36137.8442587458
Japan,JPN,1991,37226.3339021829
Japan,JPN,1992,37402.9442395168
Japan,JPN,1993,37088.8020049844
Japan,JPN,1994,37352.6868581318
Japan,JPN,1995,38137.9346304016
Japan,JPN,1996,39221.765120663
Japan,JPN,1997,39661.7312762235
Japan,JPN,1998,38852.9526557943
Japan,JPN,1999,38647.2705275615
Japan,JPN,2000,39731.7953686304
Japan,JPN,2001,39748.9837725849
Japan,JPN,2002,39690.3676794625
Japan,JPN,2003,40152.1282635641
Japan,JPN,2004,40986.7225710497
Japan,JPN,2005,41740.352036905
Japan,JPN,2006,42358.9337348253
Japan,JPN,2007,43041.5697058021
Japan,JPN,2008,42518.8423408417
Japan,JPN,2009,39999.9464203408
Japan,JPN,2010,41647.0458542008
Japan,JPN,2011,41640.6608721251
Japan,JPN,2012,42394.9433175064
Japan,JPN,2013,43304.1181931426
Japan,JPN,2014,43754.438013293
Japan,JPN,2015,44589.3032854003
Japan,JPN,2016,44926.6202909525
Japan,JPN,2017,45693.3776080987
Japan,JPN,2018,46133.0225978718
Japan,JPN,2019,46055.3498672487
Japan,JPN,2020,44212.5503415724
Japan,JPN,2021,45999.4617966896
Japan,JPN,2022,46819.360613609
Japan,JPN,2023,47387.2172542523
Japan,JPN,2024,47479.8448545667
Kazakhstan,KAZ,1960,
Kazakhstan,KAZ,1961,
Kazakhstan,KAZ,1962,
Kazakhstan,KAZ,1963,
Kazakhstan,KAZ,1964,
Kazakhstan,KAZ,1965,
Kazakhstan,KAZ,1966,
Kazakhstan,KAZ,1967,
Kazakhstan,KAZ,1968,
Kazakhstan,KAZ,1969,
Kazakhstan,KAZ,1970,
Kazakhstan,KAZ,1971,
Kazakhstan,KAZ,1972,
Kazakhstan,KAZ,1973,
Kazakhstan,KAZ,1974,
Kazakhstan,KAZ,1975,
Kazakhstan,KAZ,1976,
Kazakhstan,KAZ,1977,
Kazakhstan,KAZ,1978,
Kazakhstan,KAZ,1979,
Kazakhstan,KAZ,1980,
Kazakhstan,KAZ,1981,
Kazakhstan,KAZ,1982,
Kazakhstan,KAZ,1983,
Kazakhstan,KAZ,1984,
Kazakhstan,KAZ,1985,
Kazakhstan,KAZ,1986,
Kazakhstan,KAZ,1987,
Kazakhstan,KAZ,1988,
Kazakhstan,KAZ,1989,
Kazakhstan,KAZ,1990,16837.690749004
Kazakhstan,KAZ,1991,14877.5273541269
Kazakhstan,KAZ,1992,14045.1035780375
Kazakhstan,KAZ,1993,12795.8746425372
Kazakhstan,KAZ,1994,11334.9831283773
Kazakhstan,KAZ,1995,10600.3302270095
Kazakhstan,KAZ,1996,10857.4353898737
Kazakhstan,KAZ,1997,11298.5805497095
Kazakhstan,KAZ,1998,11364.0307809315
Kazakhstan,KAZ,1999,11815.7732115429
Kazakhstan,KAZ,2000,12935.864368308
Kazakhstan,KAZ,2001,14612.0290050498
Kazakhstan,KAZ,2002,15960.8738450013
Kazakhstan,KAZ,2003,17344.752672995
Kazakhstan,KAZ,2004,18886.5811908122
Kazakhstan,KAZ,2005,20565.5294470866
Kazakhstan,KAZ,2006,22574.3429577665
Kazakhstan,KAZ,2007,24351.3464102542
Kazakhstan,KAZ,2008,24895.6645683245
Kazakhstan,KAZ,2009,24901.3527260084
Kazakhstan,KAZ,2010,26374.8407672795
Kazakhstan,KAZ,2011,27946.1603432944
Kazakhstan,KAZ,2012,28881.2417563728
Kazakhstan,KAZ,2013,30177.4887221736
Kazakhstan,KAZ,2014,30986.4379168995
Kazakhstan,KAZ,2015,30893.7594851041
Kazakhstan,KAZ,2016,30758.3227260598
Kazakhstan,KAZ,2017,31524.4416339794
Kazakhstan,KAZ,2018,32330.2274546567
Kazakhstan,KAZ,2019,33298.2123695035
Kazakhstan,KAZ,2020,32011.5491499004
Kazakhstan,KAZ,2021,32945.8515725823
Kazakhstan,KAZ,2022,33506.2614893237
Kazakhstan,KAZ,2023,34703.2349286604
Kazakhstan,KAZ,2024,35973.9633287017
Kenya,KEN,1960,
Kenya,KEN,1961,
Kenya,KEN,1962,
Kenya,KEN,1963,
Kenya,KEN,1964,
Kenya,KEN,1965,
Kenya,KEN,1966,
Kenya,KEN,1967,
Kenya,KEN,1968,
Kenya,KEN,1969,
Kenya,KEN,1970,
Kenya,KEN,1971,
Kenya,KEN,1972,
Kenya,KEN,1973,
Kenya,KEN,1974,
Kenya,KEN,1975,
Kenya,KEN,1976,
Kenya,KEN,1977,
Kenya,KEN,1978,
Kenya,KEN,1979,
Kenya,KEN,1980,
Kenya,KEN,1981,
Kenya,KEN,1982,
Kenya,KEN,1983,
Kenya,KEN,1984,
Kenya,KEN,1985,
Kenya,KEN,1986,
Kenya,KEN,1987,
Kenya,KEN,1988,
Kenya,KEN,1989,
Kenya,KEN,1990,4177.48603310346
Kenya,KEN,1991,4102.47677512965
Kenya,KEN,1992,3946.84093437851
Kenya,KEN,1993,3844.92029783599
Kenya,KEN,1994,3833.22357838589
Kenya,KEN,1995,3890.0985511465
Kenya,KEN,1996,3941.40919481353
Kenya,KEN,1997,3853.37139280354
Kenya,KEN,1998,3871.82176322447
Kenya,KEN,1999,3848.46470612727
Kenya,KEN,2000,3756.63622296879
Kenya,KEN,2001,3778.25854755615
Kenya,KEN,2002,3681.2569427491
Kenya,KEN,2003,3674.08592758409
Kenya,KEN,2004,3743.56785736929
Kenya,KEN,2005,3844.73557120578
Kenya,KEN,2006,3970.73349887685
Kenya,KEN,2007,4116.45094720856
Kenya,KEN,2008,4002.88364073792
Kenya,KEN,2009,4012.19428382397
Kenya,KEN,2010,4211.52462957784
Kenya,KEN,2011,4307.10611556858
Kenya,KEN,2012,4387.93790075409
Kenya,KEN,2013,4443.371215682
Kenya,KEN,2014,4558.55155266374
Kenya,KEN,2015,4679.62182831938
Kenya,KEN,2016,4770.31046388086
Kenya,KEN,2017,4846.86210851932
Kenya,KEN,2018,5017.66784674664
Kenya,KEN,2019,5171.71264279257
Kenya,KEN,2020,5057.40115537429
Kenya,KEN,2021,5338.85243382781
Kenya,KEN,2022,5491.69378280246
Kenya,KEN,2023,5691.82513474417
Kenya,KEN,2024,5841.59866001706
Kyrgyz Republic,KGZ,1960,
Kyrgyz Republic,KGZ,1961,
Kyrgyz Republic,KGZ,1962,
Kyrgyz Republic,KGZ,1963,
Kyrgyz Republic,KGZ,1964,
Kyrgyz Republic,KGZ,1965,
Kyrgyz Republic,KGZ,1966,
Kyrgyz Republic,KGZ,1967,
Kyrgyz Republic,KGZ,1968,
Kyrgyz Republic,KGZ,1969,
Kyrgyz Republic,KGZ,1970,
Kyrgyz Republic,KGZ,1971,
Kyrgyz Republic,KGZ,1972,
Kyrgyz Republic,KGZ,1973,
Kyrgyz Republic,KGZ,1974,
Kyrgyz Republic,KGZ,1975,
Kyrgyz Republic,KGZ,1976,
Kyrgyz Republic,KGZ,1977,
Kyrgyz Republic,KGZ,1978,
Kyrgyz Republic,KGZ,1979,
Kyrgyz Republic,KGZ,1980,
Kyrgyz Republic,KGZ,1981,
Kyrgyz Republic,KGZ,1982,
Kyrgyz Republic,KGZ,1983,
Kyrgyz Republic,KGZ,1984,
Kyrgyz Republic,KGZ,1985,
Kyrgyz Republic,KGZ,1986,
Kyrgyz Republic,KGZ,1987,
Kyrgyz Republic,KGZ,1988,
Kyrgyz Republic,KGZ,1989,
Kyrgyz Republic,KGZ,1990,6095.68108610235
Kyrgyz Republic,KGZ,1991,5520.42979891313
Kyrgyz Republic,KGZ,1992,4701.99138098658
Kyrgyz Republic,KGZ,1993,3973.88323931033
Kyrgyz Republic,KGZ,1994,3176.92381882726
Kyrgyz Republic,KGZ,1995,2974.71163891294
Kyrgyz Republic,KGZ,1996,3138.66615671114
Kyrgyz Republic,KGZ,1997,3399.93427126665
Kyrgyz Republic,KGZ,1998,3419.22330736215
Kyrgyz Republic,KGZ,1999,3491.93773268741
Kyrgyz Republic,KGZ,2000,3638.46314292227
Kyrgyz Republic,KGZ,2001,3795.89059344129
Kyrgyz Republic,KGZ,2002,3760.53239965257
Kyrgyz Republic,KGZ,2003,3982.92722017802
Kyrgyz Republic,KGZ,2004,4211.52248307857
Kyrgyz Republic,KGZ,2005,4156.95849230116
Kyrgyz Republic,KGZ,2006,4240.17017797554
Kyrgyz Republic,KGZ,2007,4558.71267894172
Kyrgyz Republic,KGZ,2008,4894.9427801376
Kyrgyz Republic,KGZ,2009,4969.96132720374
Kyrgyz Republic,KGZ,2010,4876.47964886483
Kyrgyz Republic,KGZ,2011,5092.85165751678
Kyrgyz Republic,KGZ,2012,4993.39431683528
Kyrgyz Republic,KGZ,2013,5418.54061993935
Kyrgyz Republic,KGZ,2014,5513.7544695252
Kyrgyz Republic,KGZ,2015,5600.2143342846
Kyrgyz Republic,KGZ,2016,5715.01041179003
Kyrgyz Republic,KGZ,2017,5861.22200040503
Kyrgyz Republic,KGZ,2018,5951.82876758606
Kyrgyz Republic,KGZ,2019,6087.60193826927
Kyrgyz Republic,KGZ,2020,5537.79547319377
Kyrgyz Republic,KGZ,2021,5736.47883415154
Kyrgyz Republic,KGZ,2022,6139.77788825006
Kyrgyz Republic,KGZ,2023,6575.77541290499
Kyrgyz Republic,KGZ,2024,7210.57669830499
Cambodia,KHM,1960,
Cambodia,KHM,1961,
Cambodia,KHM,1962,
Cambodia,KHM,1963,
Cambodia,KHM,1964,
Cambodia,KHM,1965,
Cambodia,KHM,1966,
Cambodia,KHM,1967,
Cambodia,KHM,1968,
Cambodia,KHM,1969,
Cambodia,KHM,1970,
Cambodia,KHM,1971,
Cambodia,KHM,1972,
Cambodia,KHM,1973,
Cambodia,KHM,1974,
Cambodia,KHM,1975,
Cambodia,KHM,1976,
Cambodia,KHM,1977,
Cambodia,KHM,1978,
Cambodia,KHM,1979,
Cambodia,KHM,1980,
Cambodia,KHM,1981,
Cambodia,KHM,1982,
Cambodia,KHM,1983,
Cambodia,KHM,1984,
Cambodia,KHM,1985,
Cambodia,KHM,1986,
Cambodia,KHM,1987,
Cambodia,KHM,1988,
Cambodia,KHM,1989,
Cambodia,KHM,1990,2646.09798836687
Cambodia,KHM,1991,2731.37973720314
Cambodia,KHM,1992,2769.4882552665
Cambodia,KHM,1993,2714.59150059884
Cambodia,KHM,1994,1650.39100001816
Cambodia,KHM,1995,1672.73928514136
Cambodia,KHM,1996,1643.01579058314
Cambodia,KHM,1997,1595.17130656935
Cambodia,KHM,1998,1602.38371208931
Cambodia,KHM,1999,1775.41239802043
Cambodia,KHM,2000,1922.03179092592
Cambodia,KHM,2001,2032.08092022373
Cambodia,KHM,2002,2126.34150468987
Cambodia,KHM,2003,2309.83931482788
Cambodia,KHM,2004,2491.30930003838
Cambodia,KHM,2005,2781.89028895255
Cambodia,KHM,2006,3041.10471220153
Cambodia,KHM,2007,3308.15747246544
Cambodia,KHM,2008,3501.9257021932
Cambodia,KHM,2009,3587.60889588362
Cambodia,KHM,2010,3711.53750580157
Cambodia,KHM,2011,3921.97911563308
Cambodia,KHM,2012,4159.16354123446
Cambodia,KHM,2013,4419.3988680186
Cambodia,KHM,2014,4702.73061823207
Cambodia,KHM,2015,4968.57276699143
Cambodia,KHM,2016,5283.72964943779
Cambodia,KHM,2017,5632.03125629342
Cambodia,KHM,2018,6050.59088262205
Cambodia,KHM,2019,6448.88455952805
Cambodia,KHM,2020,6128.78243783335
Cambodia,KHM,2021,6225.53265474741
Cambodia,KHM,2022,6458.3681488084
Cambodia,KHM,2023,6695.29194763723
Cambodia,KHM,2024,7011.58146903703
Kiribati,KIR,1960,
Kiribati,KIR,1961,
Kiribati,KIR,1962,
Kiribati,KIR,1963,
Kiribati,KIR,1964,
Kiribati,KIR,1965,
Kiribati,KIR,1966,
Kiribati,KIR,1967,
Kiribati,KIR,1968,
Kiribati,KIR,1969,
Kiribati,KIR,1970,
Kiribati,KIR,1971,
Kiribati,KIR,1972,
Kiribati,KIR,1973,
Kiribati,KIR,1974,
Kiribati,KIR,1975,
Kiribati,KIR,1976,
Kiribati,KIR,1977,
Kiribati,KIR,1978,
Kiribati,KIR,1979,
Kiribati,KIR,1980,
Kiribati,KIR,1981,
Kiribati,KIR,1982,
Kiribati,KIR,1983,
Kiribati,KIR,1984,
Kiribati,KIR,1985,
Kiribati,KIR,1986,
Kiribati,KIR,1987,
Kiribati,KIR,1988,
Kiribati,KIR,1989,
Kiribati,KIR,1990,2213.82383793259
Kiribati,KIR,1991,2047.41606309396
Kiribati,KIR,1992,2496.31621103546
Kiribati,KIR,1993,2455.76448938155
Kiribati,KIR,1994,2469.03750427619
Kiribati,KIR,1995,2499.10778181477
Kiribati,KIR,1996,2455.81569397419
Kiribati,KIR,1997,2439.722674441
Kiribati,KIR,1998,2503.18275861743
Kiribati,KIR,1999,2364.64913231153
Kiribati,KIR,2000,2481.73318329794
Kiribati,KIR,2001,2357.88396425016
Kiribati,KIR,2002,2341.99557733328
Kiribati,KIR,2003,2258.32313744125
Kiribati,KIR,2004,2199.95258272342
Kiribati,KIR,2005,2184.06094408808
Kiribati,KIR,2006,2264.4516846113
Kiribati,KIR,2007,2286.73943693111
Kiribati,KIR,2008,2172.63601744656
Kiribati,KIR,2009,2138.23987425041
Kiribati,KIR,2010,2119.91176706204
Kiribati,KIR,2011,2150.65854434166
Kiribati,KIR,2012,2242.30105765006
Kiribati,KIR,2013,2382.67559474112
Kiribati,KIR,2014,2381.65349253168
Kiribati,KIR,2015,2616.17635911711
Kiribati,KIR,2016,2762.28741039854
Kiribati,KIR,2017,2822.02092296284
Kiribati,KIR,2018,2875.41766341166
Kiribati,KIR,2019,2926.59366475855
Kiribati,KIR,2020,2839.17274622563
Kiribati,KIR,2021,3024.21029665634
Kiribati,KIR,2022,3127.17745381556
Kiribati,KIR,2023,3175.02475728903
Kiribati,KIR,2024,3275.00186630433
St. Kitts and Nevis,KNA,1960,
St. Kitts and Nevis,KNA,1961,
St. Kitts and Nevis,KNA,1962,
St. Kitts and Nevis,KNA,1963,
St. Kitts and Nevis,KNA,1964,
St. Kitts and Nevis,KNA,1965,
St. Kitts and Nevis,KNA,1966,
St. Kitts and Nevis,KNA,1967,
St. Kitts and Nevis,KNA,1968,
St. Kitts and Nevis,KNA,1969,
St. Kitts and Nevis,KNA,1970,
St. Kitts and Nevis,KNA,1971,
St. Kitts and Nevis,KNA,1972,
St. Kitts and Nevis,KNA,1973,
St. Kitts and Nevis,KNA,1974,
St. Kitts and Nevis,KNA,1975,
St. Kitts and Nevis,KNA,1976,
St. Kitts and Nevis,KNA,1977,
St. Kitts and Nevis,KNA,1978,
St. Kitts and Nevis,KNA,1979,
St. Kitts and Nevis,KNA,1980,
St. Kitts and Nevis,KNA,1981,
St. Kitts and Nevis,KNA,1982,
St. Kitts and Nevis,KNA,1983,
St. Kitts and Nevis,KNA,1984,
St. Kitts and Nevis,KNA,1985,
St. Kitts and Nevis,KNA,1986,
St. Kitts and Nevis,KNA,1987,
St. Kitts and Nevis,KNA,1988,
St. Kitts and Nevis,KNA,1989,
St. Kitts and Nevis,KNA,1990,14326.0410656507
St. Kitts and Nevis,KNA,1991,14084.6831940102
St. Kitts and Nevis,KNA,1992,14557.184258305
St. Kitts and Nevis,KNA,1993,15348.6887799847
St. Kitts and Nevis,KNA,1994,15955.8375010028
St. Kitts and Nevis,KNA,1995,16596.2656266287
St. Kitts and Nevis,KNA,1996,17340.2234624221
St. Kitts and Nevis,KNA,1997,18288.4943671657
St. Kitts and Nevis,KNA,1998,17963.6992379347
St. Kitts and Nevis,KNA,1999,18291.4229188676
St. Kitts and Nevis,KNA,2000,19840.5800645267
St. Kitts and Nevis,KNA,2001,20648.7889741472
St. Kitts and Nevis,KNA,2002,20813.4050029806
St. Kitts and Nevis,KNA,2003,19927.1818314137
St. Kitts and Nevis,KNA,2004,20661.3458642993
St. Kitts and Nevis,KNA,2005,22612.7126559455
St. Kitts and Nevis,KNA,2006,23258.9842253211
St. Kitts and Nevis,KNA,2007,23330.0442404195
St. Kitts and Nevis,KNA,2008,25898.7823620981
St. Kitts and Nevis,KNA,2009,24973.8045286303
St. Kitts and Nevis,KNA,2010,24997.5672513428
St. Kitts and Nevis,KNA,2011,25380.0087348215
St. Kitts and Nevis,KNA,2012,25114.0572603244
St. Kitts and Nevis,KNA,2013,26532.1016561725
St. Kitts and Nevis,KNA,2014,28530.3072249013
St. Kitts and Nevis,KNA,2015,28729.566447667
St. Kitts and Nevis,KNA,2016,29867.0265589791
St. Kitts and Nevis,KNA,2017,29948.9200065682
St. Kitts and Nevis,KNA,2018,30576.2486749244
St. Kitts and Nevis,KNA,2019,31512.1943105684
St. Kitts and Nevis,KNA,2020,26736.9283563771
St. Kitts and Nevis,KNA,2021,26896.6177065978
St. Kitts and Nevis,KNA,2022,29749.8700864823
St. Kitts and Nevis,KNA,2023,30616.577281386
St. Kitts and Nevis,KNA,2024,30656.4410109367
"Korea, Rep.",KOR,1960,
"Korea, Rep.",KOR,1961,
"Korea, Rep.",KOR,1962,
"Korea, Rep.",KOR,1963,
"Korea, Rep.",KOR,1964,
"Korea, Rep.",KOR,1965,
"Korea, Rep.",KOR,1966,
"Korea, Rep.",KOR,1967,
"Korea, Rep.",KOR,1968,
"Korea, Rep.",KOR,1969,
"Korea, Rep.",KOR,1970,
"Korea, Rep.",KOR,1971,
"Korea, Rep.",KOR,1972,
"Korea, Rep.",KOR,1973,
"Korea, Rep.",KOR,1974,
"Korea, Rep.",KOR,1975,
"Korea, Rep.",KOR,1976,
"Korea, Rep.",KOR,1977,
"Korea, Rep.",KOR,1978,
"Korea, Rep.",KOR,1979,
"Korea, Rep.",KOR,1980,
"Korea, Rep.",KOR,1981,
"Korea, Rep.",KOR,1982,
"Korea, Rep.",KOR,1983,
"Korea, Rep.",KOR,1984,
"Korea, Rep.",KOR,1985,
"Korea, Rep.",KOR,1986,
"Korea, Rep.",KOR,1987,
"Korea, Rep.",KOR,1988,
"Korea, Rep.",KOR,1989,
"Korea, Rep.",KOR,1990,14377.8839203268
"Korea, Rep.",KOR,1991,15784.4668669974
"Korea, Rep.",KOR,1992,16613.4907015983
"Korea, Rep.",KOR,1993,17595.9036148432
"Korea, Rep.",KOR,1994,19052.2990926264
"Korea, Rep.",KOR,1995,20697.8969808345
"Korea, Rep.",KOR,1996,22139.7963785414
"Korea, Rep.",KOR,1997,23311.0420901741
"Korea, Rep.",KOR,1998,22000.3387603516
"Korea, Rep.",KOR,1999,24382.2508517369
"Korea, Rep.",KOR,2000,26404.1588575745
"Korea, Rep.",KOR,2001,27440.6564915847
"Korea, Rep.",KOR,2002,29395.2766036796
"Korea, Rep.",KOR,2003,30142.4605585814
"Korea, Rep.",KOR,2004,31579.5283048867
"Korea, Rep.",KOR,2005,32886.0472450743
"Korea, Rep.",KOR,2006,34429.6222013137
"Korea, Rep.",KOR,2007,36257.3401689702
"Korea, Rep.",KOR,2008,37064.1518484106
"Korea, Rep.",KOR,2009,37176.1939270969
"Korea, Rep.",KOR,2010,39574.0500732947
"Korea, Rep.",KOR,2011,40719.2273771671
"Korea, Rep.",KOR,2012,41537.6728611117
"Korea, Rep.",KOR,2013,42709.9751857887
"Korea, Rep.",KOR,2014,43806.9250985661
"Korea, Rep.",KOR,2015,44849.106767089
"Korea, Rep.",KOR,2016,46088.2430785383
"Korea, Rep.",KOR,2017,47536.7898568851
"Korea, Rep.",KOR,2018,48834.4471157733
"Korea, Rep.",KOR,2019,49790.8679884821
"Korea, Rep.",KOR,2020,49374.0926148025
"Korea, Rep.",KOR,2021,51718.2518656631
"Korea, Rep.",KOR,2022,53228.6035655365
"Korea, Rep.",KOR,2023,54029.3434990785
"Korea, Rep.",KOR,2024,55070.9386194121
Kuwait,KWT,1960,
Kuwait,KWT,1961,
Kuwait,KWT,1962,
Kuwait,KWT,1963,
Kuwait,KWT,1964,
Kuwait,KWT,1965,
Kuwait,KWT,1966,
Kuwait,KWT,1967,
Kuwait,KWT,1968,
Kuwait,KWT,1969,
Kuwait,KWT,1970,
Kuwait,KWT,1971,
Kuwait,KWT,1972,
Kuwait,KWT,1973,
Kuwait,KWT,1974,
Kuwait,KWT,1975,
Kuwait,KWT,1976,
Kuwait,KWT,1977,
Kuwait,KWT,1978,
Kuwait,KWT,1979,
Kuwait,KWT,1980,
Kuwait,KWT,1981,
Kuwait,KWT,1982,
Kuwait,KWT,1983,
Kuwait,KWT,1984,
Kuwait,KWT,1985,
Kuwait,KWT,1986,
Kuwait,KWT,1987,
Kuwait,KWT,1988,
Kuwait,KWT,1989,
Kuwait,KWT,1990,38932.9435275146
Kuwait,KWT,1991,28633.9695922465
Kuwait,KWT,1992,43266.9328651676
Kuwait,KWT,1993,56684.1863309395
Kuwait,KWT,1994,61753.8489990065
Kuwait,KWT,1995,64093.5178778949
Kuwait,KWT,1996,62665.2243536425
Kuwait,KWT,1997,62151.9518270333
Kuwait,KWT,1998,62450.0884424765
Kuwait,KWT,1999,59533.9542752452
Kuwait,KWT,2000,60585.3026788164
Kuwait,KWT,2001,59099.6653133601
Kuwait,KWT,2002,59348.6172741565
Kuwait,KWT,2003,67984.3145062554
Kuwait,KWT,2004,73298.0621819477
Kuwait,KWT,2005,78193.9012127585
Kuwait,KWT,2006,79521.3484338455
Kuwait,KWT,2007,79474.7611346377
Kuwait,KWT,2008,77036.5083833055
Kuwait,KWT,2009,67896.2680451995
Kuwait,KWT,2010,62956.2152904125
Kuwait,KWT,2011,64844.5019019408
Kuwait,KWT,2012,64908.262639237
Kuwait,KWT,2013,62458.8089221249
Kuwait,KWT,2014,60065.6544076232
Kuwait,KWT,2015,57763.5174574395
Kuwait,KWT,2016,56936.620842726
Kuwait,KWT,2017,52285.5871175696
Kuwait,KWT,2018,51623.8078622052
Kuwait,KWT,2019,51380.6455354631
Kuwait,KWT,2020,49372.8187938552
Kuwait,KWT,2021,50651.9575337091
Kuwait,KWT,2022,51379.8833194119
Kuwait,KWT,2023,47790.1933239144
Kuwait,KWT,2024,46664.2195116056
Latin America & Caribbean (excluding high income),LAC,1960,
Latin America & Caribbean (excluding high income),LAC,1961,
Latin America & Caribbean (excluding high income),LAC,1962,
Latin America & Caribbean (excluding high income),LAC,1963,
Latin America & Caribbean (excluding high income),LAC,1964,
Latin America & Caribbean (excluding high income),LAC,1965,
Latin America & Caribbean (excluding high income),LAC,1966,
Latin America & Caribbean (excluding high income),LAC,1967,
Latin America & Caribbean (excluding high income),LAC,1968,
Latin America & Caribbean (excluding high income),LAC,1969,
Latin America & Caribbean (excluding high income),LAC,1970,
Latin America & Caribbean (excluding high income),LAC,1971,
Latin America & Caribbean (excluding high income),LAC,1972,
Latin America & Caribbean (excluding high income),LAC,1973,
Latin America & Caribbean (excluding high income),LAC,1974,
Latin America & Caribbean (excluding high income),LAC,1975,
Latin America & Caribbean (excluding high income),LAC,1976,
Latin America & Caribbean (excluding high income),LAC,1977,
Latin America & Caribbean (excluding high income),LAC,1978,
Latin America & Caribbean (excluding high income),LAC,1979,
Latin America & Caribbean (excluding high income),LAC,1980,
Latin America & Caribbean (excluding high income),LAC,1981,
Latin America & Caribbean (excluding high income),LAC,1982,
Latin America & Caribbean (excluding high income),LAC,1983,
Latin America & Caribbean (excluding high income),LAC,1984,
Latin America & Caribbean (excluding high income),LAC,1985,
Latin America & Caribbean (excluding high income),LAC,1986,
Latin America & Caribbean (excluding high income),LAC,1987,
Latin America & Caribbean (excluding high income),LAC,1988,
Latin America & Caribbean (excluding high income),LAC,1989,
Latin America & Caribbean (excluding high income),LAC,1990,12355.3054990239
Latin America & Caribbean (excluding high income),LAC,1991,12513.826042173
Latin America & Caribbean (excluding high income),LAC,1992,12586.8045095486
Latin America & Caribbean (excluding high income),LAC,1993,12942.1253667728
Latin America & Caribbean (excluding high income),LAC,1994,13406.2896778261
Latin America & Caribbean (excluding high income),LAC,1995,13245.8298079587
Latin America & Caribbean (excluding high income),LAC,1996,13535.3863903502
Latin America & Caribbean (excluding high income),LAC,1997,14033.9004995701
Latin America & Caribbean (excluding high income),LAC,1998,14203.2697588857
Latin America & Caribbean (excluding high income),LAC,1999,14044.8795352472
Latin America & Caribbean (excluding high income),LAC,2000,14331.7839148575
Latin America & Caribbean (excluding high income),LAC,2001,14150.3174722497
Latin America & Caribbean (excluding high income),LAC,2002,14013.3139307931
Latin America & Caribbean (excluding high income),LAC,2003,14161.0919133732
Latin America & Caribbean (excluding high income),LAC,2004,14714.1889558771
Latin America & Caribbean (excluding high income),LAC,2005,15100.9407755949
Latin America & Caribbean (excluding high income),LAC,2006,15689.2144065463
Latin America & Caribbean (excluding high income),LAC,2007,16321.8321811757
Latin America & Caribbean (excluding high income),LAC,2008,16733.096469667
Latin America & Caribbean (excluding high income),LAC,2009,16146.6158745104
Latin America & Caribbean (excluding high income),LAC,2010,17037.1271662537
Latin America & Caribbean (excluding high income),LAC,2011,17612.8529378709
Latin America & Caribbean (excluding high income),LAC,2012,17843.9103583108
Latin America & Caribbean (excluding high income),LAC,2013,18162.1070321562
Latin America & Caribbean (excluding high income),LAC,2014,18231.5556349808
Latin America & Caribbean (excluding high income),LAC,2015,18116.8775494236
Latin America & Caribbean (excluding high income),LAC,2016,17879.6160960042
Latin America & Caribbean (excluding high income),LAC,2017,18078.2959124229
Latin America & Caribbean (excluding high income),LAC,2018,18213.6232664927
Latin America & Caribbean (excluding high income),LAC,2019,18195.6679220187
Latin America & Caribbean (excluding high income),LAC,2020,16883.6083104718
Latin America & Caribbean (excluding high income),LAC,2021,17991.1283749974
Latin America & Caribbean (excluding high income),LAC,2022,18604.9631264863
Latin America & Caribbean (excluding high income),LAC,2023,18872.9989096637
Latin America & Caribbean (excluding high income),LAC,2024,19114.9636573284
Lao PDR,LAO,1960,
Lao PDR,LAO,1961,
Lao PDR,LAO,1962,
Lao PDR,LAO,1963,
Lao PDR,LAO,1964,
Lao PDR,LAO,1965,
Lao PDR,LAO,1966,
Lao PDR,LAO,1967,
Lao PDR,LAO,1968,
Lao PDR,LAO,1969,
Lao PDR,LAO,1970,
Lao PDR,LAO,1971,
Lao PDR,LAO,1972,
Lao PDR,LAO,1973,
Lao PDR,LAO,1974,
Lao PDR,LAO,1975,
Lao PDR,LAO,1976,
Lao PDR,LAO,1977,
Lao PDR,LAO,1978,
Lao PDR,LAO,1979,
Lao PDR,LAO,1980,
Lao PDR,LAO,1981,
Lao PDR,LAO,1982,
Lao PDR,LAO,1983,
Lao PDR,LAO,1984,
Lao PDR,LAO,1985,
Lao PDR,LAO,1986,
Lao PDR,LAO,1987,
Lao PDR,LAO,1988,
Lao PDR,LAO,1989,
Lao PDR,LAO,1990,2005.50049410401
Lao PDR,LAO,1991,2033.58258303281
Lao PDR,LAO,1992,2088.02004083238
Lao PDR,LAO,1993,2152.2765966407
Lao PDR,LAO,1994,2267.78215521397
Lao PDR,LAO,1995,2368.05475182536
Lao PDR,LAO,1996,2473.77285753148
Lao PDR,LAO,1997,2589.20762864101
Lao PDR,LAO,1998,2642.56618699585
Lao PDR,LAO,1999,2786.52039703471
Lao PDR,LAO,2000,2899.01961879748
Lao PDR,LAO,2001,3015.63258480614
Lao PDR,LAO,2002,3143.22327579556
Lao PDR,LAO,2003,3282.9853971272
Lao PDR,LAO,2004,3441.16999706515
Lao PDR,LAO,2005,3630.55878769378
Lao PDR,LAO,2006,3881.53736632657
Lao PDR,LAO,2007,4112.25301659759
Lao PDR,LAO,2008,4367.162880257
Lao PDR,LAO,2009,4625.07173324518
Lao PDR,LAO,2010,4946.10563678173
Lao PDR,LAO,2011,5266.87866924206
Lao PDR,LAO,2012,5608.96956337059
Lao PDR,LAO,2013,5974.47368943414
Lao PDR,LAO,2014,6341.2122967032
Lao PDR,LAO,2015,6703.74124348885
Lao PDR,LAO,2016,7063.25545347926
Lao PDR,LAO,2017,7432.4596330485
Lao PDR,LAO,2018,7775.08574451883
Lao PDR,LAO,2019,8075.27502377003
Lao PDR,LAO,2020,7995.59502527818
Lao PDR,LAO,2021,8080.43553249923
Lao PDR,LAO,2022,8183.03286472653
Lao PDR,LAO,2023,8372.15591874407
Lao PDR,LAO,2024,8600.3245466568
Lebanon,LBN,1960,
Lebanon,LBN,1961,
Lebanon,LBN,1962,
Lebanon,LBN,1963,
Lebanon,LBN,1964,
Lebanon,LBN,1965,
Lebanon,LBN,1966,
Lebanon,LBN,1967,
Lebanon,LBN,1968,
Lebanon,LBN,1969,
Lebanon,LBN,1970,
Lebanon,LBN,1971,
Lebanon,LBN,1972,
Lebanon,LBN,1973,
Lebanon,LBN,1974,
Lebanon,LBN,1975,
Lebanon,LBN,1976,
Lebanon,LBN,1977,
Lebanon,LBN,1978,
Lebanon,LBN,1979,
Lebanon,LBN,1980,
Lebanon,LBN,1981,
Lebanon,LBN,1982,
Lebanon,LBN,1983,
Lebanon,LBN,1984,
Lebanon,LBN,1985,
Lebanon,LBN,1986,
Lebanon,LBN,1987,
Lebanon,LBN,1988,
Lebanon,LBN,1989,
Lebanon,LBN,1990,5345.51209718413
Lebanon,LBN,1991,7828.17201077656
Lebanon,LBN,1992,8924.15264553271
Lebanon,LBN,1993,9695.31549182752
Lebanon,LBN,1994,10294.812771264
Lebanon,LBN,1995,10762.4426963776
Lebanon,LBN,1996,11757.2824887935
Lebanon,LBN,1997,11668.4006854372
Lebanon,LBN,1998,11885.3072278409
Lebanon,LBN,1999,11617.2497708538
Lebanon,LBN,2000,11571.7326041085
Lebanon,LBN,2001,11817.9305012844
Lebanon,LBN,2002,12053.8341563826
Lebanon,LBN,2003,12272.3440677497
Lebanon,LBN,2004,12882.0757995163
Lebanon,LBN,2005,13024.6648924956
Lebanon,LBN,2006,13003.680803908
Lebanon,LBN,2007,13941.5614244767
Lebanon,LBN,2008,14955.1413563252
Lebanon,LBN,2009,16264.3506182706
Lebanon,LBN,2010,17390.7584012958
Lebanon,LBN,2011,17353.1960845294
Lebanon,LBN,2012,17323.3013764282
Lebanon,LBN,2013,16396.4969302163
Lebanon,LBN,2014,15205.873265402
Lebanon,LBN,2015,14980.020515614
Lebanon,LBN,2016,15572.3611739774
Lebanon,LBN,2017,16128.5838196051
Lebanon,LBN,2018,16290.0516478592
Lebanon,LBN,2019,15659.5661040012
Lebanon,LBN,2020,12507.4366368078
Lebanon,LBN,2021,11599.7755083765
Lebanon,LBN,2022,11474.7505845558
Lebanon,LBN,2023,11330.2687387422
Lebanon,LBN,2024,10469.2210966932
Liberia,LBR,1960,
Liberia,LBR,1961,
Liberia,LBR,1962,
Liberia,LBR,1963,
Liberia,LBR,1964,
Liberia,LBR,1965,
Liberia,LBR,1966,
Liberia,LBR,1967,
Liberia,LBR,1968,
Liberia,LBR,1969,
Liberia,LBR,1970,
Liberia,LBR,1971,
Liberia,LBR,1972,
Liberia,LBR,1973,
Liberia,LBR,1974,
Liberia,LBR,1975,
Liberia,LBR,1976,
Liberia,LBR,1977,
Liberia,LBR,1978,
Liberia,LBR,1979,
Liberia,LBR,1980,
Liberia,LBR,1981,
Liberia,LBR,1982,
Liberia,LBR,1983,
Liberia,LBR,1984,
Liberia,LBR,1985,
Liberia,LBR,1986,
Liberia,LBR,1987,
Liberia,LBR,1988,
Liberia,LBR,1989,
Liberia,LBR,1990,1866.40548125833
Liberia,LBR,1991,1819.49785292522
Liberia,LBR,1992,1115.03770816852
Liberia,LBR,1993,718.683238814764
Liberia,LBR,1994,563.640361196647
Liberia,LBR,1995,534.809715165406
Liberia,LBR,1996,582.677982536092
Liberia,LBR,1997,1111.93760251371
Liberia,LBR,1998,1308.40568305294
Liberia,LBR,1999,1507.31470254594
Liberia,LBR,2000,1868.17975587618
Liberia,LBR,2001,1867.11910921753
Liberia,LBR,2002,1887.64601570733
Liberia,LBR,2003,1308.15090140274
Liberia,LBR,2004,1326.53565502695
Liberia,LBR,2005,1335.61728880785
Liberia,LBR,2006,1364.60347323709
Liberia,LBR,2007,1422.10019670004
Liberia,LBR,2008,1463.12408187297
Liberia,LBR,2009,1492.99817384053
Liberia,LBR,2010,1538.85083488512
Liberia,LBR,2011,1601.03374045996
Liberia,LBR,2012,1668.97289588776
Liberia,LBR,2013,1774.5205777394
Liberia,LBR,2014,1750.1438489328
Liberia,LBR,2015,1714.09047960464
Liberia,LBR,2016,1653.31050211233
Liberia,LBR,2017,1661.30290782171
Liberia,LBR,2018,1647.97443793846
Liberia,LBR,2019,1575.76665001238
Liberia,LBR,2020,1497.37692436272
Liberia,LBR,2021,1539.20892304674
Liberia,LBR,2022,1578.99837069175
Liberia,LBR,2023,1616.92373356695
Liberia,LBR,2024,1646.05861366601
Libya,LBY,1960,
Libya,LBY,1961,
Libya,LBY,1962,
Libya,LBY,1963,
Libya,LBY,1964,
Libya,LBY,1965,
Libya,LBY,1966,
Libya,LBY,1967,
Libya,LBY,1968,
Libya,LBY,1969,
Libya,LBY,1970,
Libya,LBY,1971,
Libya,LBY,1972,
Libya,LBY,1973,
Libya,LBY,1974,
Libya,LBY,1975,
Libya,LBY,1976,
Libya,LBY,1977,
Libya,LBY,1978,
Libya,LBY,1979,
Libya,LBY,1980,
Libya,LBY,1981,
Libya,LBY,1982,
Libya,LBY,1983,
Libya,LBY,1984,
Libya,LBY,1985,
Libya,LBY,1986,
Libya,LBY,1987,
Libya,LBY,1988,
Libya,LBY,1989,
Libya,LBY,1990,18126.5869612606
Libya,LBY,1991,20506.8762691578
Libya,LBY,1992,19538.138704794
Libya,LBY,1993,18434.641128465
Libya,LBY,1994,18444.5133617859
Libya,LBY,1995,17723.2679211029
Libya,LBY,1996,17809.1519222171
Libya,LBY,1997,18451.6998451345
Libya,LBY,1998,17532.9261043755
Libya,LBY,1999,17402.5683820479
Libya,LBY,2000,17747.0188855832
Libya,LBY,2001,17115.9888564264
Libya,LBY,2002,16629.4364346005
Libya,LBY,2003,18422.7336032405
Libya,LBY,2004,18851.2039109963
Libya,LBY,2005,20649.4624580172
Libya,LBY,2006,21545.2986384419
Libya,LBY,2007,22422.0117594762
Libya,LBY,2008,21915.1976208274
Libya,LBY,2009,20518.9642412838
Libya,LBY,2010,21115.5259846154
Libya,LBY,2011,10741.9206751908
Libya,LBY,2012,20601.0026641
Libya,LBY,2013,16557.500941665
Libya,LBY,2014,12499.0829968523
Libya,LBY,2015,12195.3486990421
Libya,LBY,2016,11831.8257669559
Libya,LBY,2017,15428.1164411854
Libya,LBY,2018,16385.164476127
Libya,LBY,2019,14337.1962987582
Libya,LBY,2020,9978.66400110743
Libya,LBY,2021,12641.5097714075
Libya,LBY,2022,11450.0598552928
Libya,LBY,2023,12476.5974944083
Libya,LBY,2024,12583.8338726816
St. Lucia,LCA,1960,
St. Lucia,LCA,1961,
St. Lucia,LCA,1962,
St. Lucia,LCA,1963,
St. Lucia,LCA,1964,
St. Lucia,LCA,1965,
St. Lucia,LCA,1966,
St. Lucia,LCA,1967,
St. Lucia,LCA,1968,
St. Lucia,LCA,1969,
St. Lucia,LCA,1970,
St. Lucia,LCA,1971,
St. Lucia,LCA,1972,
St. Lucia,LCA,1973,
St. Lucia,LCA,1974,
St. Lucia,LCA,1975,
St. Lucia,LCA,1976,
St. Lucia,LCA,1977,
St. Lucia,LCA,1978,
St. Lucia,LCA,1979,
St. Lucia,LCA,1980,
St. Lucia,LCA,1981,
St. Lucia,LCA,1982,
St. Lucia,LCA,1983,
St. Lucia,LCA,1984,
St. Lucia,LCA,1985,
St. Lucia,LCA,1986,
St. Lucia,LCA,1987,
St. Lucia,LCA,1988,
St. Lucia,LCA,1989,
St. Lucia,LCA,1990,17056.7184904705
St. Lucia,LCA,1991,16916.7265576984
St. Lucia,LCA,1992,17991.7093213106
St. Lucia,LCA,1993,17831.0913239805
St. Lucia,LCA,1994,17847.4137671755
St. Lucia,LCA,1995,17875.410141117
St. Lucia,LCA,1996,18125.3575537673
St. Lucia,LCA,1997,17747.9002859129
St. Lucia,LCA,1998,18606.5360149924
St. Lucia,LCA,1999,18856.576335563
St. Lucia,LCA,2000,18638.117705755
St. Lucia,LCA,2001,17820.7964312951
St. Lucia,LCA,2002,17739.5766779723
St. Lucia,LCA,2003,18344.5919258071
St. Lucia,LCA,2004,19526.4461369718
St. Lucia,LCA,2005,19303.9921315127
St. Lucia,LCA,2006,20353.6533720188
St. Lucia,LCA,2007,20559.8974830119
St. Lucia,LCA,2008,21443.2592977841
St. Lucia,LCA,2009,20706.505527623
St. Lucia,LCA,2010,20648.7861045765
St. Lucia,LCA,2011,21430.0225948015
St. Lucia,LCA,2012,21309.2251296295
St. Lucia,LCA,2013,20827.2886025849
St. Lucia,LCA,2014,21010.6981919895
St. Lucia,LCA,2015,20939.8810312364
St. Lucia,LCA,2016,21566.3058799575
St. Lucia,LCA,2017,22207.2131041263
St. Lucia,LCA,2018,22761.1613461447
St. Lucia,LCA,2019,22445.2080507874
St. Lucia,LCA,2020,17247.9578674753
St. Lucia,LCA,2021,19141.3272253168
St. Lucia,LCA,2022,22811.2524480383
St. Lucia,LCA,2023,23636.0265940253
St. Lucia,LCA,2024,24699.9694711589
Latin America & Caribbean,LCN,1960,
Latin America & Caribbean,LCN,1961,
Latin America & Caribbean,LCN,1962,
Latin America & Caribbean,LCN,1963,
Latin America & Caribbean,LCN,1964,
Latin America & Caribbean,LCN,1965,
Latin America & Caribbean,LCN,1966,
Latin America & Caribbean,LCN,1967,
Latin America & Caribbean,LCN,1968,
Latin America & Caribbean,LCN,1969,
Latin America & Caribbean,LCN,1970,
Latin America & Caribbean,LCN,1971,
Latin America & Caribbean,LCN,1972,
Latin America & Caribbean,LCN,1973,
Latin America & Caribbean,LCN,1974,
Latin America & Caribbean,LCN,1975,
Latin America & Caribbean,LCN,1976,
Latin America & Caribbean,LCN,1977,
Latin America & Caribbean,LCN,1978,
Latin America & Caribbean,LCN,1979,
Latin America & Caribbean,LCN,1980,
Latin America & Caribbean,LCN,1981,
Latin America & Caribbean,LCN,1982,
Latin America & Caribbean,LCN,1983,
Latin America & Caribbean,LCN,1984,
Latin America & Caribbean,LCN,1985,
Latin America & Caribbean,LCN,1986,
Latin America & Caribbean,LCN,1987,
Latin America & Caribbean,LCN,1988,
Latin America & Caribbean,LCN,1989,
Latin America & Caribbean,LCN,1990,12425.5780914071
Latin America & Caribbean,LCN,1991,12603.5714249853
Latin America & Caribbean,LCN,1992,12734.9200437577
Latin America & Caribbean,LCN,1993,13103.0483830762
Latin America & Caribbean,LCN,1994,13570.0746408401
Latin America & Caribbean,LCN,1995,13463.6944120733
Latin America & Caribbean,LCN,1996,13773.1725950955
Latin America & Caribbean,LCN,1997,14298.0230325412
Latin America & Caribbean,LCN,1998,14501.2773704622
Latin America & Caribbean,LCN,1999,14363.687175835
Latin America & Caribbean,LCN,2000,14662.98009358
Latin America & Caribbean,LCN,2001,14517.4981001165
Latin America & Caribbean,LCN,2002,14398.1472983889
Latin America & Caribbean,LCN,2003,14567.691251088
Latin America & Caribbean,LCN,2004,15159.8546462837
Latin America & Caribbean,LCN,2005,15565.1750239356
Latin America & Caribbean,LCN,2006,16172.0518023451
Latin America & Caribbean,LCN,2007,16820.2801252913
Latin America & Caribbean,LCN,2008,17242.6454978629
Latin America & Caribbean,LCN,2009,16665.1020164418
Latin America & Caribbean,LCN,2010,17550.7377870024
Latin America & Caribbean,LCN,2011,18150.5882548775
Latin America & Caribbean,LCN,2012,18433.7387345819
Latin America & Caribbean,LCN,2013,18766.917591694
Latin America & Caribbean,LCN,2014,18852.4281125219
Latin America & Caribbean,LCN,2015,18762.9039878165
Latin America & Caribbean,LCN,2016,18550.8729173978
Latin America & Caribbean,LCN,2017,18744.6242855123
Latin America & Caribbean,LCN,2018,18893.7989523752
Latin America & Caribbean,LCN,2019,18883.1868618303
Latin America & Caribbean,LCN,2020,17508.6173350597
Latin America & Caribbean,LCN,2021,18696.3210341683
Latin America & Caribbean,LCN,2022,19355.0766860444
Latin America & Caribbean,LCN,2023,19651.7333890663
Latin America & Caribbean,LCN,2024,19954.1496595019
Least developed countries: UN classification,LDC,1960,
Least developed countries: UN classification,LDC,1961,
Least developed countries: UN classification,LDC,1962,
Least developed countries: UN classification,LDC,1963,
Least developed countries: UN classification,LDC,1964,
Least developed countries: UN classification,LDC,1965,
Least developed countries: UN classification,LDC,1966,
Least developed countries: UN classification,LDC,1967,
Least developed countries: UN classification,LDC,1968,
Least developed countries: UN classification,LDC,1969,
Least developed countries: UN classification,LDC,1970,
Least developed countries: UN classification,LDC,1971,
Least developed countries: UN classification,LDC,1972,
Least developed countries: UN classification,LDC,1973,
Least developed countries: UN classification,LDC,1974,
Least developed countries: UN classification,LDC,1975,
Least developed countries: UN classification,LDC,1976,
Least developed countries: UN classification,LDC,1977,
Least developed countries: UN classification,LDC,1978,
Least developed countries: UN classification,LDC,1979,
Least developed countries: UN classification,LDC,1980,
Least developed countries: UN classification,LDC,1981,
Least developed countries: UN classification,LDC,1982,
Least developed countries: UN classification,LDC,1983,
Least developed countries: UN classification,LDC,1984,
Least developed countries: UN classification,LDC,1985,
Least developed countries: UN classification,LDC,1986,
Least developed countries: UN classification,LDC,1987,
Least developed countries: UN classification,LDC,1988,
Least developed countries: UN classification,LDC,1989,
Least developed countries: UN classification,LDC,1990,1952.07525314564
Least developed countries: UN classification,LDC,1991,1936.47394486678
Least developed countries: UN classification,LDC,1992,1891.5115404983
Least developed countries: UN classification,LDC,1993,1832.89513349639
Least developed countries: UN classification,LDC,1994,1793.32284426074
Least developed countries: UN classification,LDC,1995,1846.55167883725
Least developed countries: UN classification,LDC,1996,1900.50440579373
Least developed countries: UN classification,LDC,1997,1950.68947966068
Least developed countries: UN classification,LDC,1998,1976.74633745167
Least developed countries: UN classification,LDC,1999,2009.58049558818
Least developed countries: UN classification,LDC,2000,2048.71959919672
Least developed countries: UN classification,LDC,2001,2101.00285697336
Least developed countries: UN classification,LDC,2002,2164.86433866971
Least developed countries: UN classification,LDC,2003,2227.39805845854
Least developed countries: UN classification,LDC,2004,2321.65342191161
Least developed countries: UN classification,LDC,2005,2440.11770369825
Least developed countries: UN classification,LDC,2006,2556.63271986189
Least developed countries: UN classification,LDC,2007,2691.00800844867
Least developed countries: UN classification,LDC,2008,2806.96555455219
Least developed countries: UN classification,LDC,2009,2867.15245697277
Least developed countries: UN classification,LDC,2010,2980.94840851133
Least developed countries: UN classification,LDC,2011,3051.43683302234
Least developed countries: UN classification,LDC,2012,3129.10024240458
Least developed countries: UN classification,LDC,2013,3241.36780220136
Least developed countries: UN classification,LDC,2014,3352.66131202589
Least developed countries: UN classification,LDC,2015,3444.48573373338
Least developed countries: UN classification,LDC,2016,3530.49118814527
Least developed countries: UN classification,LDC,2017,3628.8467447362
Least developed countries: UN classification,LDC,2018,3726.77808267188
Least developed countries: UN classification,LDC,2019,3830.88853350413
Least developed countries: UN classification,LDC,2020,3741.39972817227
Least developed countries: UN classification,LDC,2021,3753.1278014194
Least developed countries: UN classification,LDC,2022,3851.7539627313
Least developed countries: UN classification,LDC,2023,3891.73641004671
Least developed countries: UN classification,LDC,2024,3956.39663716034
Liechtenstein,LIE,1960,
Liechtenstein,LIE,1961,
Liechtenstein,LIE,1962,
Liechtenstein,LIE,1963,
Liechtenstein,LIE,1964,
Liechtenstein,LIE,1965,
Liechtenstein,LIE,1966,
Liechtenstein,LIE,1967,
Liechtenstein,LIE,1968,
Liechtenstein,LIE,1969,
Liechtenstein,LIE,1970,
Liechtenstein,LIE,1971,
Liechtenstein,LIE,1972,
Liechtenstein,LIE,1973,
Liechtenstein,LIE,1974,
Liechtenstein,LIE,1975,
Liechtenstein,LIE,1976,
Liechtenstein,LIE,1977,
Liechtenstein,LIE,1978,
Liechtenstein,LIE,1979,
Liechtenstein,LIE,1980,
Liechtenstein,LIE,1981,
Liechtenstein,LIE,1982,
Liechtenstein,LIE,1983,
Liechtenstein,LIE,1984,
Liechtenstein,LIE,1985,
Liechtenstein,LIE,1986,
Liechtenstein,LIE,1987,
Liechtenstein,LIE,1988,
Liechtenstein,LIE,1989,
Liechtenstein,LIE,1990,
Liechtenstein,LIE,1991,
Liechtenstein,LIE,1992,
Liechtenstein,LIE,1993,
Liechtenstein,LIE,1994,
Liechtenstein,LIE,1995,
Liechtenstein,LIE,1996,
Liechtenstein,LIE,1997,
Liechtenstein,LIE,1998,
Liechtenstein,LIE,1999,
Liechtenstein,LIE,2000,
Liechtenstein,LIE,2001,
Liechtenstein,LIE,2002,
Liechtenstein,LIE,2003,
Liechtenstein,LIE,2004,
Liechtenstein,LIE,2005,
Liechtenstein,LIE,2006,
Liechtenstein,LIE,2007,
Liechtenstein,LIE,2008,
Liechtenstein,LIE,2009,
Liechtenstein,LIE,2010,
Liechtenstein,LIE,2011,
Liechtenstein,LIE,2012,
Liechtenstein,LIE,2013,
Liechtenstein,LIE,2014,
Liechtenstein,LIE,2015,
Liechtenstein,LIE,2016,
Liechtenstein,LIE,2017,
Liechtenstein,LIE,2018,
Liechtenstein,LIE,2019,
Liechtenstein,LIE,2020,
Liechtenstein,LIE,2021,
Liechtenstein,LIE,2022,
Liechtenstein,LIE,2023,
Liechtenstein,LIE,2024,
Sri Lanka,LKA,1960,
Sri Lanka,LKA,1961,
Sri Lanka,LKA,1962,
Sri Lanka,LKA,1963,
Sri Lanka,LKA,1964,
Sri Lanka,LKA,1965,
Sri Lanka,LKA,1966,
Sri Lanka,LKA,1967,
Sri Lanka,LKA,1968,
Sri Lanka,LKA,1969,
Sri Lanka,LKA,1970,
Sri Lanka,LKA,1971,
Sri Lanka,LKA,1972,
Sri Lanka,LKA,1973,
Sri Lanka,LKA,1974,
Sri Lanka,LKA,1975,
Sri Lanka,LKA,1976,
Sri Lanka,LKA,1977,
Sri Lanka,LKA,1978,
Sri Lanka,LKA,1979,
Sri Lanka,LKA,1980,
Sri Lanka,LKA,1981,
Sri Lanka,LKA,1982,
Sri Lanka,LKA,1983,
Sri Lanka,LKA,1984,
Sri Lanka,LKA,1985,
Sri Lanka,LKA,1986,
Sri Lanka,LKA,1987,
Sri Lanka,LKA,1988,
Sri Lanka,LKA,1989,
Sri Lanka,LKA,1990,4561.57913260491
Sri Lanka,LKA,1991,4735.81940022694
Sri Lanka,LKA,1992,4866.23941152126
Sri Lanka,LKA,1993,5114.43630395889
Sri Lanka,LKA,1994,5322.72963126043
Sri Lanka,LKA,1995,5523.31225392817
Sri Lanka,LKA,1996,5624.02393649431
Sri Lanka,LKA,1997,5871.72297556048
Sri Lanka,LKA,1998,6032.62212629246
Sri Lanka,LKA,1999,6176.23548454667
Sri Lanka,LKA,2000,6428.61341889128
Sri Lanka,LKA,2001,6230.03051863559
Sri Lanka,LKA,2002,6409.86278892115
Sri Lanka,LKA,2003,6741.01248848024
Sri Lanka,LKA,2004,7059.91098067102
Sri Lanka,LKA,2005,7452.7423412297
Sri Lanka,LKA,2006,7970.6649101939
Sri Lanka,LKA,2007,8454.20675331505
Sri Lanka,LKA,2008,8897.82686005016
Sri Lanka,LKA,2009,9156.31906481264
Sri Lanka,LKA,2010,9832.18622335265
Sri Lanka,LKA,2011,10618.4925999722
Sri Lanka,LKA,2012,11447.6937737782
Sri Lanka,LKA,2013,12249.7223347846
Sri Lanka,LKA,2014,12909.9663068113
Sri Lanka,LKA,2015,13329.779343882
Sri Lanka,LKA,2016,13845.6146782218
Sri Lanka,LKA,2017,14572.4858214616
Sri Lanka,LKA,2018,14759.8248945226
Sri Lanka,LKA,2019,14637.4442912676
Sri Lanka,LKA,2020,13886.6513728689
Sri Lanka,LKA,2021,14316.1352225567
Sri Lanka,LKA,2022,13249.0650505201
Sri Lanka,LKA,2023,13065.0698305722
Sri Lanka,LKA,2024,13793.0669827677
Low & middle income,LMY,1960,
Low & middle income,LMY,1961,
Low & middle income,LMY,1962,
Low & middle income,LMY,1963,
Low & middle income,LMY,1964,
Low & middle income,LMY,1965,
Low & middle income,LMY,1966,
Low & middle income,LMY,1967,
Low & middle income,LMY,1968,
Low & middle income,LMY,1969,
Low & middle income,LMY,1970,
Low & middle income,LMY,1971,
Low & middle income,LMY,1972,
Low & middle income,LMY,1973,
Low & middle income,LMY,1974,
Low & middle income,LMY,1975,
Low & middle income,LMY,1976,
Low & middle income,LMY,1977,
Low & middle income,LMY,1978,
Low & middle income,LMY,1979,
Low & middle income,LMY,1980,
Low & middle income,LMY,1981,
Low & middle income,LMY,1982,
Low & middle income,LMY,1983,
Low & middle income,LMY,1984,
Low & middle income,LMY,1985,
Low & middle income,LMY,1986,
Low & middle income,LMY,1987,
Low & middle income,LMY,1988,
Low & middle income,LMY,1989,
Low & middle income,LMY,1990,4440.58679169367
Low & middle income,LMY,1991,4439.30867556387
Low & middle income,LMY,1992,4502.70450087412
Low & middle income,LMY,1993,4587.73474985262
Low & middle income,LMY,1994,4678.32670210015
Low & middle income,LMY,1995,4792.63014171768
Low & middle income,LMY,1996,4987.6535921003
Low & middle income,LMY,1997,5155.3722704368
Low & middle income,LMY,1998,5215.30941351259
Low & middle income,LMY,1999,5320.55870168961
Low & middle income,LMY,2000,5516.65071098444
Low & middle income,LMY,2001,5631.10697990246
Low & middle income,LMY,2002,5806.43177431994
Low & middle income,LMY,2003,6049.20754417552
Low & middle income,LMY,2004,6413.33308387559
Low & middle income,LMY,2005,6762.59683515012
Low & middle income,LMY,2006,7185.63014243261
Low & middle income,LMY,2007,7671.7507012782
Low & middle income,LMY,2008,7977.46088036183
Low & middle income,LMY,2009,8152.22412560338
Low & middle income,LMY,2010,8663.85763037059
Low & middle income,LMY,2011,9057.29727616674
Low & middle income,LMY,2012,9388.20025846692
Low & middle income,LMY,2013,9755.16890460974
Low & middle income,LMY,2014,10105.0781953344
Low & middle income,LMY,2015,10435.5053265179
Low & middle income,LMY,2016,10798.4518286632
Low & middle income,LMY,2017,11215.7885981508
Low & middle income,LMY,2018,11619.79598111
Low & middle income,LMY,2019,11942.5710199999
Low & middle income,LMY,2020,11605.6207814452
Low & middle income,LMY,2021,12294.6891013589
Low & middle income,LMY,2022,12688.9670294297
Low & middle income,LMY,2023,13155.1620681372
Low & middle income,LMY,2024,13612.7879900807
Lesotho,LSO,1960,
Lesotho,LSO,1961,
Lesotho,LSO,1962,
Lesotho,LSO,1963,
Lesotho,LSO,1964,
Lesotho,LSO,1965,
Lesotho,LSO,1966,
Lesotho,LSO,1967,
Lesotho,LSO,1968,
Lesotho,LSO,1969,
Lesotho,LSO,1970,
Lesotho,LSO,1971,
Lesotho,LSO,1972,
Lesotho,LSO,1973,
Lesotho,LSO,1974,
Lesotho,LSO,1975,
Lesotho,LSO,1976,
Lesotho,LSO,1977,
Lesotho,LSO,1978,
Lesotho,LSO,1979,
Lesotho,LSO,1980,
Lesotho,LSO,1981,
Lesotho,LSO,1982,
Lesotho,LSO,1983,
Lesotho,LSO,1984,
Lesotho,LSO,1985,
Lesotho,LSO,1986,
Lesotho,LSO,1987,
Lesotho,LSO,1988,
Lesotho,LSO,1989,
Lesotho,LSO,1990,1422.15056881284
Lesotho,LSO,1991,1494.24032446777
Lesotho,LSO,1992,1571.8270420314
Lesotho,LSO,1993,1602.59633239095
Lesotho,LSO,1994,1675.5977232422
Lesotho,LSO,1995,1709.69433512939
Lesotho,LSO,1996,1786.182290166
Lesotho,LSO,1997,1837.69657049966
Lesotho,LSO,1998,1856.69078488714
Lesotho,LSO,1999,1860.70052178612
Lesotho,LSO,2000,1932.15793223415
Lesotho,LSO,2001,2004.03350215955
Lesotho,LSO,2002,2024.78727304864
Lesotho,LSO,2003,2127.37302160132
Lesotho,LSO,2004,2178.66474674332
Lesotho,LSO,2005,2275.01614419256
Lesotho,LSO,2006,2381.02024562073
Lesotho,LSO,2007,2470.31462127885
Lesotho,LSO,2008,2589.16635854686
Lesotho,LSO,2009,2538.19341751854
Lesotho,LSO,2010,2651.37804898226
Lesotho,LSO,2011,2749.31958166573
Lesotho,LSO,2012,2894.22705048142
Lesotho,LSO,2013,2914.37515966739
Lesotho,LSO,2014,2930.61724036206
Lesotho,LSO,2015,2986.95866729879
Lesotho,LSO,2016,3057.26091568162
Lesotho,LSO,2017,2924.68096193272
Lesotho,LSO,2018,2846.41828124649
Lesotho,LSO,2019,2773.28639887236
Lesotho,LSO,2020,2517.11044486593
Lesotho,LSO,2021,2544.78249551214
Lesotho,LSO,2022,2577.54544127769
Lesotho,LSO,2023,2592.4570129526
Lesotho,LSO,2024,2697.62738436647
Late-demographic dividend,LTE,1960,
Late-demographic dividend,LTE,1961,
Late-demographic dividend,LTE,1962,
Late-demographic dividend,LTE,1963,
Late-demographic dividend,LTE,1964,
Late-demographic dividend,LTE,1965,
Late-demographic dividend,LTE,1966,
Late-demographic dividend,LTE,1967,
Late-demographic dividend,LTE,1968,
Late-demographic dividend,LTE,1969,
Late-demographic dividend,LTE,1970,
Late-demographic dividend,LTE,1971,
Late-demographic dividend,LTE,1972,
Late-demographic dividend,LTE,1973,
Late-demographic dividend,LTE,1974,
Late-demographic dividend,LTE,1975,
Late-demographic dividend,LTE,1976,
Late-demographic dividend,LTE,1977,
Late-demographic dividend,LTE,1978,
Late-demographic dividend,LTE,1979,
Late-demographic dividend,LTE,1980,
Late-demographic dividend,LTE,1981,
Late-demographic dividend,LTE,1982,
Late-demographic dividend,LTE,1983,
Late-demographic dividend,LTE,1984,
Late-demographic dividend,LTE,1985,
Late-demographic dividend,LTE,1986,
Late-demographic dividend,LTE,1987,
Late-demographic dividend,LTE,1988,
Late-demographic dividend,LTE,1989,
Late-demographic dividend,LTE,1990,6637.56041137622
Late-demographic dividend,LTE,1991,6502.05149318433
Late-demographic dividend,LTE,1992,6288.47965404527
Late-demographic dividend,LTE,1993,6354.66147168961
Late-demographic dividend,LTE,1994,6414.78626141477
Late-demographic dividend,LTE,1995,6631.61742034211
Late-demographic dividend,LTE,1996,6837.45613660664
Late-demographic dividend,LTE,1997,7097.32228174139
Late-demographic dividend,LTE,1998,7146.05395183814
Late-demographic dividend,LTE,1999,7403.98453534758
Late-demographic dividend,LTE,2000,7865.40223869989
Late-demographic dividend,LTE,2001,8198.53171138037
Late-demographic dividend,LTE,2002,8615.35404402717
Late-demographic dividend,LTE,2003,9138.18820940943
Late-demographic dividend,LTE,2004,9802.55079794057
Late-demographic dividend,LTE,2005,10466.0431607711
Late-demographic dividend,LTE,2006,11333.0924408752
Late-demographic dividend,LTE,2007,12361.2116354473
Late-demographic dividend,LTE,2008,13098.0960309932
Late-demographic dividend,LTE,2009,13334.5473252508
Late-demographic dividend,LTE,2010,14254.5060505905
Late-demographic dividend,LTE,2011,15116.23443797
Late-demographic dividend,LTE,2012,15849.9797393159
Late-demographic dividend,LTE,2013,16550.7608765012
Late-demographic dividend,LTE,2014,17214.8266070851
Late-demographic dividend,LTE,2015,17784.0628531228
Late-demographic dividend,LTE,2016,18377.0584236764
Late-demographic dividend,LTE,2017,19161.6836683691
Late-demographic dividend,LTE,2018,20046.5223675086
Late-demographic dividend,LTE,2019,20852.8824490568
Late-demographic dividend,LTE,2020,20730.0029982162
Late-demographic dividend,LTE,2021,22189.7622837471
Late-demographic dividend,LTE,2022,22842.7930520757
Late-demographic dividend,LTE,2023,23803.1520192179
Late-demographic dividend,LTE,2024,24850.1716606625
Lithuania,LTU,1960,
Lithuania,LTU,1961,
Lithuania,LTU,1962,
Lithuania,LTU,1963,
Lithuania,LTU,1964,
Lithuania,LTU,1965,
Lithuania,LTU,1966,
Lithuania,LTU,1967,
Lithuania,LTU,1968,
Lithuania,LTU,1969,
Lithuania,LTU,1970,
Lithuania,LTU,1971,
Lithuania,LTU,1972,
Lithuania,LTU,1973,
Lithuania,LTU,1974,
Lithuania,LTU,1975,
Lithuania,LTU,1976,
Lithuania,LTU,1977,
Lithuania,LTU,1978,
Lithuania,LTU,1979,
Lithuania,LTU,1980,
Lithuania,LTU,1981,
Lithuania,LTU,1982,
Lithuania,LTU,1983,
Lithuania,LTU,1984,
Lithuania,LTU,1985,
Lithuania,LTU,1986,
Lithuania,LTU,1987,
Lithuania,LTU,1988,
Lithuania,LTU,1989,
Lithuania,LTU,1990,20594.0623779042
Lithuania,LTU,1991,19392.1950657963
Lithuania,LTU,1992,15286.2039647381
Lithuania,LTU,1993,12866.5897896196
Lithuania,LTU,1994,11690.8861051725
Lithuania,LTU,1995,12168.8332695478
Lithuania,LTU,1996,12878.1001468209
Lithuania,LTU,1997,14050.349878771
Lithuania,LTU,1998,15208.6978530701
Lithuania,LTU,1999,15148.9570325637
Lithuania,LTU,2000,15777.4293800236
Lithuania,LTU,2001,16939.467059225
Lithuania,LTU,2002,18223.4782620215
Lithuania,LTU,2003,20310.7119582322
Lithuania,LTU,2004,21875.6085796224
Lithuania,LTU,2005,23953.8150681702
Lithuania,LTU,2006,26139.2837773621
Lithuania,LTU,2007,29381.9521464971
Lithuania,LTU,2008,30457.3682543436
Lithuania,LTU,2009,26227.5230201039
Lithuania,LTU,2010,26897.7243702338
Lithuania,LTU,2011,29251.8774718539
Lithuania,LTU,2012,30932.0983180261
Lithuania,LTU,2013,32487.0008217277
Lithuania,LTU,2014,33988.0148951198
Lithuania,LTU,2015,35264.7149248316
Lithuania,LTU,2016,36632.0832798438
Lithuania,LTU,2017,38789.2463179035
Lithuania,LTU,2018,41035.4018152732
Lithuania,LTU,2019,43078.7118585461
Lithuania,LTU,2020,43108.1976060283
Lithuania,LTU,2021,45897.3715026327
Lithuania,LTU,2022,46642.5947251086
Lithuania,LTU,2023,46333.9006965206
Lithuania,LTU,2024,47462.0039386975
Luxembourg,LUX,1960,
Luxembourg,LUX,1961,
Luxembourg,LUX,1962,
Luxembourg,LUX,1963,
Luxembourg,LUX,1964,
Luxembourg,LUX,1965,
Luxembourg,LUX,1966,
Luxembourg,LUX,1967,
Luxembourg,LUX,1968,
Luxembourg,LUX,1969,
Luxembourg,LUX,1970,
Luxembourg,LUX,1971,
Luxembourg,LUX,1972,
Luxembourg,LUX,1973,
Luxembourg,LUX,1974,
Luxembourg,LUX,1975,
Luxembourg,LUX,1976,
Luxembourg,LUX,1977,
Luxembourg,LUX,1978,
Luxembourg,LUX,1979,
Luxembourg,LUX,1980,
Luxembourg,LUX,1981,
Luxembourg,LUX,1982,
Luxembourg,LUX,1983,
Luxembourg,LUX,1984,
Luxembourg,LUX,1985,
Luxembourg,LUX,1986,
Luxembourg,LUX,1987,
Luxembourg,LUX,1988,
Luxembourg,LUX,1989,
Luxembourg,LUX,1990,81455.0312264957
Luxembourg,LUX,1991,87318.4976692868
Luxembourg,LUX,1992,87734.2029842352
Luxembourg,LUX,1993,90200.6012709212
Luxembourg,LUX,1994,92380.4162945065
Luxembourg,LUX,1995,92396.3982654612
Luxembourg,LUX,1996,92421.5791788935
Luxembourg,LUX,1997,96216.9038688184
Luxembourg,LUX,1998,101369.82339661
Luxembourg,LUX,1999,108186.852973076
Luxembourg,LUX,2000,114148.353907645
Luxembourg,LUX,2001,116265.230369162
Luxembourg,LUX,2002,118764.331507238
Luxembourg,LUX,2003,120403.002017933
Luxembourg,LUX,2004,123725.755122536
Luxembourg,LUX,2005,124871.952523256
Luxembourg,LUX,2006,130290.174082751
Luxembourg,LUX,2007,138683.319852878
Luxembourg,LUX,2008,135814.608862354
Luxembourg,LUX,2009,129004.508948877
Luxembourg,LUX,2010,131434.360018803
Luxembourg,LUX,2011,129887.626962873
Luxembourg,LUX,2012,128897.403218507
Luxembourg,LUX,2013,129947.336184196
Luxembourg,LUX,2014,130249.550482759
Luxembourg,LUX,2015,130097.338289025
Luxembourg,LUX,2016,133661.734541281
Luxembourg,LUX,2017,132169.829576174
Luxembourg,LUX,2018,131733.884471489
Luxembourg,LUX,2019,132724.754668303
Luxembourg,LUX,2020,129865.631871124
Luxembourg,LUX,2021,136772.443753292
Luxembourg,LUX,2022,132570.832272626
Luxembourg,LUX,2023,130048.922273147
Luxembourg,LUX,2024,128475.283540415
Latvia,LVA,1960,
Latvia,LVA,1961,
Latvia,LVA,1962,
Latvia,LVA,1963,
Latvia,LVA,1964,
Latvia,LVA,1965,
Latvia,LVA,1966,
Latvia,LVA,1967,
Latvia,LVA,1968,
Latvia,LVA,1969,
Latvia,LVA,1970,
Latvia,LVA,1971,
Latvia,LVA,1972,
Latvia,LVA,1973,
Latvia,LVA,1974,
Latvia,LVA,1975,
Latvia,LVA,1976,
Latvia,LVA,1977,
Latvia,LVA,1978,
Latvia,LVA,1979,
Latvia,LVA,1980,
Latvia,LVA,1981,
Latvia,LVA,1982,
Latvia,LVA,1983,
Latvia,LVA,1984,
Latvia,LVA,1985,
Latvia,LVA,1986,
Latvia,LVA,1987,
Latvia,LVA,1988,
Latvia,LVA,1989,
Latvia,LVA,1990,17508.7871005399
Latvia,LVA,1991,15376.0911858137
Latvia,LVA,1992,10582.2074616453
Latvia,LVA,1993,10255.1419301566
Latvia,LVA,1994,10656.609005478
Latvia,LVA,1995,10707.5149969006
Latvia,LVA,1996,11077.8618422597
Latvia,LVA,1997,12215.0151940189
Latvia,LVA,1998,13138.4012524255
Latvia,LVA,1999,13619.098799485
Latvia,LVA,2000,14554.2131724037
Latvia,LVA,2001,15695.906718153
Latvia,LVA,2002,17096.5594440255
Latvia,LVA,2003,18717.6675525538
Latvia,LVA,2004,20574.118201251
Latvia,LVA,2005,23213.3539355881
Latvia,LVA,2006,26431.8140222767
Latvia,LVA,2007,29423.7371235063
Latvia,LVA,2008,28726.9722869522
Latvia,LVA,2009,24520.6791475489
Latvia,LVA,2010,24119.7307848939
Latvia,LVA,2011,25308.7322074626
Latvia,LVA,2012,27496.5454583635
Latvia,LVA,2013,28375.1842887263
Latvia,LVA,2014,29243.7412502629
Latvia,LVA,2015,30599.6133134147
Latvia,LVA,2016,31668.5148442662
Latvia,LVA,2017,33036.3915943437
Latvia,LVA,2018,34729.7062763057
Latvia,LVA,2019,35208.1934590859
Latvia,LVA,2020,34225.8976044058
Latvia,LVA,2021,36912.0130602161
Latvia,LVA,2022,37718.7097958367
Latvia,LVA,2023,37277.7217221317
Latvia,LVA,2024,37615.0762450744
"Macao SAR, China",MAC,1960,
"Macao SAR, China",MAC,1961,
"Macao SAR, China",MAC,1962,
"Macao SAR, China",MAC,1963,
"Macao SAR, China",MAC,1964,
"Macao SAR, China",MAC,1965,
"Macao SAR, China",MAC,1966,
"Macao SAR, China",MAC,1967,
"Macao SAR, China",MAC,1968,
"Macao SAR, China",MAC,1969,
"Macao SAR, China",MAC,1970,
"Macao SAR, China",MAC,1971,
"Macao SAR, China",MAC,1972,
"Macao SAR, China",MAC,1973,
"Macao SAR, China",MAC,1974,
"Macao SAR, China",MAC,1975,
"Macao SAR, China",MAC,1976,
"Macao SAR, China",MAC,1977,
"Macao SAR, China",MAC,1978,
"Macao SAR, China",MAC,1979,
"Macao SAR, China",MAC,1980,
"Macao SAR, China",MAC,1981,
"Macao SAR, China",MAC,1982,
"Macao SAR, China",MAC,1983,
"Macao SAR, China",MAC,1984,
"Macao SAR, China",MAC,1985,
"Macao SAR, China",MAC,1986,
"Macao SAR, China",MAC,1987,
"Macao SAR, China",MAC,1988,
"Macao SAR, China",MAC,1989,
"Macao SAR, China",MAC,1990,55300.7442649888
"Macao SAR, China",MAC,1991,54602.0544901621
"Macao SAR, China",MAC,1992,58652.7899194928
"Macao SAR, China",MAC,1993,59589.975909516
"Macao SAR, China",MAC,1994,60120.6582440409
"Macao SAR, China",MAC,1995,60205.7086394147
"Macao SAR, China",MAC,1996,59115.2336138336
"Macao SAR, China",MAC,1997,58639.5250296819
"Macao SAR, China",MAC,1998,55296.5007644986
"Macao SAR, China",MAC,1999,53348.0126915655
"Macao SAR, China",MAC,2000,55994.760697993
"Macao SAR, China",MAC,2001,57173.8590987063
"Macao SAR, China",MAC,2002,61625.9560068114
"Macao SAR, China",MAC,2003,67994.777526459
"Macao SAR, China",MAC,2004,84004.4558061302
"Macao SAR, China",MAC,2005,87185.5254441553
"Macao SAR, China",MAC,2006,93828.3198758417
"Macao SAR, China",MAC,2007,102879.639164559
"Macao SAR, China",MAC,2008,102474.668562926
"Macao SAR, China",MAC,2009,104911.140336462
"Macao SAR, China",MAC,2010,130758.2806979
"Macao SAR, China",MAC,2011,155385.324208541
"Macao SAR, China",MAC,2012,164239.261923457
"Macao SAR, China",MAC,2013,174569.523171267
"Macao SAR, China",MAC,2014,162813.439348589
"Macao SAR, China",MAC,2015,123194.067291275
"Macao SAR, China",MAC,2016,120530.052858314
"Macao SAR, China",MAC,2017,133322.632677744
"Macao SAR, China",MAC,2018,139541.157248769
"Macao SAR, China",MAC,2019,133453.896026037
"Macao SAR, China",MAC,2020,59662.4855864551
"Macao SAR, China",MAC,2021,73374.4486829589
"Macao SAR, China",MAC,2022,59921.441691873
"Macao SAR, China",MAC,2023,104815.20003062
"Macao SAR, China",MAC,2024,111693.502831434
St. Martin (French part),MAF,1960,
St. Martin (French part),MAF,1961,
St. Martin (French part),MAF,1962,
St. Martin (French part),MAF,1963,
St. Martin (French part),MAF,1964,
St. Martin (French part),MAF,1965,
St. Martin (French part),MAF,1966,
St. Martin (French part),MAF,1967,
St. Martin (French part),MAF,1968,
St. Martin (French part),MAF,1969,
St. Martin (French part),MAF,1970,
St. Martin (French part),MAF,1971,
St. Martin (French part),MAF,1972,
St. Martin (French part),MAF,1973,
St. Martin (French part),MAF,1974,
St. Martin (French part),MAF,1975,
St. Martin (French part),MAF,1976,
St. Martin (French part),MAF,1977,
St. Martin (French part),MAF,1978,
St. Martin (French part),MAF,1979,
St. Martin (French part),MAF,1980,
St. Martin (French part),MAF,1981,
St. Martin (French part),MAF,1982,
St. Martin (French part),MAF,1983,
St. Martin (French part),MAF,1984,
St. Martin (French part),MAF,1985,
St. Martin (French part),MAF,1986,
St. Martin (French part),MAF,1987,
St. Martin (French part),MAF,1988,
St. Martin (French part),MAF,1989,
St. Martin (French part),MAF,1990,
St. Martin (French part),MAF,1991,
St. Martin (French part),MAF,1992,
St. Martin (French part),MAF,1993,
St. Martin (French part),MAF,1994,
St. Martin (French part),MAF,1995,
St. Martin (French part),MAF,1996,
St. Martin (French part),MAF,1997,
St. Martin (French part),MAF,1998,
St. Martin (French part),MAF,1999,
St. Martin (French part),MAF,2000,
St. Martin (French part),MAF,2001,
St. Martin (French part),MAF,2002,
St. Martin (French part),MAF,2003,
St. Martin (French part),MAF,2004,
St. Martin (French part),MAF,2005,
St. Martin (French part),MAF,2006,
St. Martin (French part),MAF,2007,
St. Martin (French part),MAF,2008,
St. Martin (French part),MAF,2009,
St. Martin (French part),MAF,2010,
St. Martin (French part),MAF,2011,
St. Martin (French part),MAF,2012,
St. Martin (French part),MAF,2013,
St. Martin (French part),MAF,2014,
St. Martin (French part),MAF,2015,
St. Martin (French part),MAF,2016,
St. Martin (French part),MAF,2017,
St. Martin (French part),MAF,2018,
St. Martin (French part),MAF,2019,
St. Martin (French part),MAF,2020,
St. Martin (French part),MAF,2021,
St. Martin (French part),MAF,2022,
St. Martin (French part),MAF,2023,
St. Martin (French part),MAF,2024,
Morocco,MAR,1960,
Morocco,MAR,1961,
Morocco,MAR,1962,
Morocco,MAR,1963,
Morocco,MAR,1964,
Morocco,MAR,1965,
Morocco,MAR,1966,
Morocco,MAR,1967,
Morocco,MAR,1968,
Morocco,MAR,1969,
Morocco,MAR,1970,
Morocco,MAR,1971,
Morocco,MAR,1972,
Morocco,MAR,1973,
Morocco,MAR,1974,
Morocco,MAR,1975,
Morocco,MAR,1976,
Morocco,MAR,1977,
Morocco,MAR,1978,
Morocco,MAR,1979,
Morocco,MAR,1980,
Morocco,MAR,1981,
Morocco,MAR,1982,
Morocco,MAR,1983,
Morocco,MAR,1984,
Morocco,MAR,1985,
Morocco,MAR,1986,
Morocco,MAR,1987,
Morocco,MAR,1988,
Morocco,MAR,1989,
Morocco,MAR,1990,4418.66015625
Morocco,MAR,1991,4656.1259765625
Morocco,MAR,1992,4483.24951171875
Morocco,MAR,1993,4379.76416015625
Morocco,MAR,1994,4771.0927734375
Morocco,MAR,1995,4444.228515625
Morocco,MAR,1996,4916.47998046875
Morocco,MAR,1997,4766.1103515625
Morocco,MAR,1998,5033.92333984375
Morocco,MAR,1999,5043.6650390625
Morocco,MAR,2000,5100.11572265625
Morocco,MAR,2001,5417.57861328125
Morocco,MAR,2002,5544.07177734375
Morocco,MAR,2003,5810.05322265625
Morocco,MAR,2004,5996.39013671875
Morocco,MAR,2005,6103.42236328125
Morocco,MAR,2006,6488.673828125
Morocco,MAR,2007,6620.59033203125
Morocco,MAR,2008,6901.95068359375
Morocco,MAR,2009,7063.72705078125
Morocco,MAR,2010,7210.63671875
Morocco,MAR,2011,7503.79296875
Morocco,MAR,2012,7628.64404296875
Morocco,MAR,2013,7839.0322265625
Morocco,MAR,2014,7951.79833984375
Morocco,MAR,2015,8198.80859375
Morocco,MAR,2016,8141.9404296875
Morocco,MAR,2017,8450.0087890625
Morocco,MAR,2018,8611.75
Morocco,MAR,2019,8768.17578125
Morocco,MAR,2020,8054.56298828125
Morocco,MAR,2021,8623.265625
Morocco,MAR,2022,8690.4482421875
Morocco,MAR,2023,8915.3515625
Morocco,MAR,2024,9162.7470703125
Monaco,MCO,1960,
Monaco,MCO,1961,
Monaco,MCO,1962,
Monaco,MCO,1963,
Monaco,MCO,1964,
Monaco,MCO,1965,
Monaco,MCO,1966,
Monaco,MCO,1967,
Monaco,MCO,1968,
Monaco,MCO,1969,
Monaco,MCO,1970,
Monaco,MCO,1971,
Monaco,MCO,1972,
Monaco,MCO,1973,
Monaco,MCO,1974,
Monaco,MCO,1975,
Monaco,MCO,1976,
Monaco,MCO,1977,
Monaco,MCO,1978,
Monaco,MCO,1979,
Monaco,MCO,1980,
Monaco,MCO,1981,
Monaco,MCO,1982,
Monaco,MCO,1983,
Monaco,MCO,1984,
Monaco,MCO,1985,
Monaco,MCO,1986,
Monaco,MCO,1987,
Monaco,MCO,1988,
Monaco,MCO,1989,
Monaco,MCO,1990,
Monaco,MCO,1991,
Monaco,MCO,1992,
Monaco,MCO,1993,
Monaco,MCO,1994,
Monaco,MCO,1995,
Monaco,MCO,1996,
Monaco,MCO,1997,
Monaco,MCO,1998,
Monaco,MCO,1999,
Monaco,MCO,2000,
Monaco,MCO,2001,
Monaco,MCO,2002,
Monaco,MCO,2003,
Monaco,MCO,2004,
Monaco,MCO,2005,
Monaco,MCO,2006,
Monaco,MCO,2007,
Monaco,MCO,2008,
Monaco,MCO,2009,
Monaco,MCO,2010,
Monaco,MCO,2011,
Monaco,MCO,2012,
Monaco,MCO,2013,
Monaco,MCO,2014,
Monaco,MCO,2015,
Monaco,MCO,2016,
Monaco,MCO,2017,
Monaco,MCO,2018,
Monaco,MCO,2019,
Monaco,MCO,2020,
Monaco,MCO,2021,
Monaco,MCO,2022,
Monaco,MCO,2023,
Monaco,MCO,2024,
Moldova,MDA,1960,
Moldova,MDA,1961,
Moldova,MDA,1962,
Moldova,MDA,1963,
Moldova,MDA,1964,
Moldova,MDA,1965,
Moldova,MDA,1966,
Moldova,MDA,1967,
Moldova,MDA,1968,
Moldova,MDA,1969,
Moldova,MDA,1970,
Moldova,MDA,1971,
Moldova,MDA,1972,
Moldova,MDA,1973,
Moldova,MDA,1974,
Moldova,MDA,1975,
Moldova,MDA,1976,
Moldova,MDA,1977,
Moldova,MDA,1978,
Moldova,MDA,1979,
Moldova,MDA,1980,
Moldova,MDA,1981,
Moldova,MDA,1982,
Moldova,MDA,1983,
Moldova,MDA,1984,
Moldova,MDA,1985,
Moldova,MDA,1986,
Moldova,MDA,1987,
Moldova,MDA,1988,
Moldova,MDA,1989,
Moldova,MDA,1990,15902.8943232278
Moldova,MDA,1991,13342.0600237962
Moldova,MDA,1992,9461.42772606577
Moldova,MDA,1993,9363.59309935118
Moldova,MDA,1994,6490.35310271769
Moldova,MDA,1995,6428.83979448752
Moldova,MDA,1996,6063.14051693664
Moldova,MDA,1997,6185.83952473232
Moldova,MDA,1998,5783.48593751483
Moldova,MDA,1999,5597.46512850295
Moldova,MDA,2000,5727.07922525352
Moldova,MDA,2001,6090.03474356112
Moldova,MDA,2002,6580.27841436838
Moldova,MDA,2003,7034.35784911687
Moldova,MDA,2004,7573.6178454751
Moldova,MDA,2005,8161.47344724765
Moldova,MDA,2006,8577.02858037286
Moldova,MDA,2007,8854.83397616724
Moldova,MDA,2008,9563.69814290939
Moldova,MDA,2009,9001.23432081622
Moldova,MDA,2010,9649.9509930271
Moldova,MDA,2011,10217.3087761255
Moldova,MDA,2012,10158.3854676883
Moldova,MDA,2013,11080.0634585341
Moldova,MDA,2014,11641.1208436577
Moldova,MDA,2015,11691.0797484184
Moldova,MDA,2016,12377.366678394
Moldova,MDA,2017,13118.8219369605
Moldova,MDA,2018,13895.5043655692
Moldova,MDA,2019,14621.2401362286
Moldova,MDA,2020,13559.2600217483
Moldova,MDA,2021,15682.0703284653
Moldova,MDA,2022,15350.3120408391
Moldova,MDA,2023,15980.5668889856
Moldova,MDA,2024,16393.8633257184
Madagascar,MDG,1960,
Madagascar,MDG,1961,
Madagascar,MDG,1962,
Madagascar,MDG,1963,
Madagascar,MDG,1964,
Madagascar,MDG,1965,
Madagascar,MDG,1966,
Madagascar,MDG,1967,
Madagascar,MDG,1968,
Madagascar,MDG,1969,
Madagascar,MDG,1970,
Madagascar,MDG,1971,
Madagascar,MDG,1972,
Madagascar,MDG,1973,
Madagascar,MDG,1974,
Madagascar,MDG,1975,
Madagascar,MDG,1976,
Madagascar,MDG,1977,
Madagascar,MDG,1978,
Madagascar,MDG,1979,
Madagascar,MDG,1980,
Madagascar,MDG,1981,
Madagascar,MDG,1982,
Madagascar,MDG,1983,
Madagascar,MDG,1984,
Madagascar,MDG,1985,
Madagascar,MDG,1986,
Madagascar,MDG,1987,
Madagascar,MDG,1988,
Madagascar,MDG,1989,
Madagascar,MDG,1990,1968.27239771424
Madagascar,MDG,1991,1789.84169366249
Madagascar,MDG,1992,1757.29459775259
Madagascar,MDG,1993,1740.29513594203
Madagascar,MDG,1994,1686.34190833351
Madagascar,MDG,1995,1661.27062467061
Madagascar,MDG,1996,1643.32579628891
Madagascar,MDG,1997,1649.44809006306
Madagascar,MDG,1998,1658.88849253066
Madagascar,MDG,1999,1681.35933226493
Madagascar,MDG,2000,1701.44320253582
Madagascar,MDG,2001,1748.50350929178
Madagascar,MDG,2002,1486.43429741771
Madagascar,MDG,2003,1584.74925232364
Madagascar,MDG,2004,1620.11953793293
Madagascar,MDG,2005,1648.17631554009
Madagascar,MDG,2006,1686.86335460016
Madagascar,MDG,2007,1731.61751794976
Madagascar,MDG,2008,1794.40235887329
Madagascar,MDG,2009,1673.15551466723
Madagascar,MDG,2010,1635.24511473059
Madagascar,MDG,2011,1614.55137773785
Madagascar,MDG,2012,1617.79082882481
Madagascar,MDG,2013,1610.6023078966
Madagascar,MDG,2014,1620.357889066
Madagascar,MDG,2015,1627.5806134224
Madagascar,MDG,2016,1648.91226979296
Madagascar,MDG,2017,1669.72764267278
Madagascar,MDG,2018,1678.78623269491
Madagascar,MDG,2019,1707.83153830039
Madagascar,MDG,2020,1545.72714379204
Madagascar,MDG,2021,1577.43246056529
Madagascar,MDG,2022,1602.42805197529
Madagascar,MDG,2023,1629.6055225489
Madagascar,MDG,2024,1659.15030770194
Maldives,MDV,1960,
Maldives,MDV,1961,
Maldives,MDV,1962,
Maldives,MDV,1963,
Maldives,MDV,1964,
Maldives,MDV,1965,
Maldives,MDV,1966,
Maldives,MDV,1967,
Maldives,MDV,1968,
Maldives,MDV,1969,
Maldives,MDV,1970,
Maldives,MDV,1971,
Maldives,MDV,1972,
Maldives,MDV,1973,
Maldives,MDV,1974,
Maldives,MDV,1975,
Maldives,MDV,1976,
Maldives,MDV,1977,
Maldives,MDV,1978,
Maldives,MDV,1979,
Maldives,MDV,1980,
Maldives,MDV,1981,
Maldives,MDV,1982,
Maldives,MDV,1983,
Maldives,MDV,1984,
Maldives,MDV,1985,
Maldives,MDV,1986,
Maldives,MDV,1987,
Maldives,MDV,1988,
Maldives,MDV,1989,
Maldives,MDV,1990,8945.80478665277
Maldives,MDV,1991,8799.25510927462
Maldives,MDV,1992,9120.9918309279
Maldives,MDV,1993,9378.52243653043
Maldives,MDV,1994,9866.07502836993
Maldives,MDV,1995,10894.1730236585
Maldives,MDV,1996,11495.0988639063
Maldives,MDV,1997,12210.9687208916
Maldives,MDV,1998,12884.7223193763
Maldives,MDV,1999,13449.2026730153
Maldives,MDV,2000,13738.2809408875
Maldives,MDV,2001,12977.9990665612
Maldives,MDV,2002,13689.8065561949
Maldives,MDV,2003,15316.1192814998
Maldives,MDV,2004,15958.6557759464
Maldives,MDV,2005,13942.8753891662
Maldives,MDV,2006,16829.9768208157
Maldives,MDV,2007,17439.9504862625
Maldives,MDV,2008,18344.4866455436
Maldives,MDV,2009,16230.0089361263
Maldives,MDV,2010,16730.0144200167
Maldives,MDV,2011,17581.7676697752
Maldives,MDV,2012,17390.1474995422
Maldives,MDV,2013,17986.8907361645
Maldives,MDV,2014,18765.3592118344
Maldives,MDV,2015,18829.4481529112
Maldives,MDV,2016,19345.1792343541
Maldives,MDV,2017,20036.7165354949
Maldives,MDV,2018,21072.5805249694
Maldives,MDV,2019,21855.501224579
Maldives,MDV,2020,14242.9750701162
Maldives,MDV,2021,19052.6224904311
Maldives,MDV,2022,21357.8112511153
Maldives,MDV,2023,22333.0477138175
Maldives,MDV,2024,23034.4098404839
"Middle East, North Africa, Afghanistan & Pakistan",MEA,1960,
"Middle East, North Africa, Afghanistan & Pakistan",MEA,1961,
"Middle East, North Africa, Afghanistan & Pakistan",MEA,1962,
"Middle East, North Africa, Afghanistan & Pakistan",MEA,1963,
"Middle East, North Africa, Afghanistan & Pakistan",MEA,1964,
"Middle East, North Africa, Afghanistan & Pakistan",MEA,1965,
"Middle East, North Africa, Afghanistan & Pakistan",MEA,1966,
"Middle East, North Africa, Afghanistan & Pakistan",MEA,1967,
"Middle East, North Africa, Afghanistan & Pakistan",MEA,1968,
"Middle East, North Africa, Afghanistan & Pakistan",MEA,1969,
"Middle East, North Africa, Afghanistan & Pakistan",MEA,1970,
"Middle East, North Africa, Afghanistan & Pakistan",MEA,1971,
"Middle East, North Africa, Afghanistan & Pakistan",MEA,1972,
"Middle East, North Africa, Afghanistan & Pakistan",MEA,1973,
"Middle East, North Africa, Afghanistan & Pakistan",MEA,1974,
"Middle East, North Africa, Afghanistan & Pakistan",MEA,1975,
"Middle East, North Africa, Afghanistan & Pakistan",MEA,1976,
"Middle East, North Africa, Afghanistan & Pakistan",MEA,1977,
"Middle East, North Africa, Afghanistan & Pakistan",MEA,1978,
"Middle East, North Africa, Afghanistan & Pakistan",MEA,1979,
"Middle East, North Africa, Afghanistan & Pakistan",MEA,1980,
"Middle East, North Africa, Afghanistan & Pakistan",MEA,1981,
"Middle East, North Africa, Afghanistan & Pakistan",MEA,1982,
"Middle East, North Africa, Afghanistan & Pakistan",MEA,1983,
"Middle East, North Africa, Afghanistan & Pakistan",MEA,1984,
"Middle East, North Africa, Afghanistan & Pakistan",MEA,1985,
"Middle East, North Africa, Afghanistan & Pakistan",MEA,1986,
"Middle East, North Africa, Afghanistan & Pakistan",MEA,1987,
"Middle East, North Africa, Afghanistan & Pakistan",MEA,1988,
"Middle East, North Africa, Afghanistan & Pakistan",MEA,1989,
"Middle East, North Africa, Afghanistan & Pakistan",MEA,1990,9219.82166050209
"Middle East, North Africa, Afghanistan & Pakistan",MEA,1991,9109.86983671017
"Middle East, North Africa, Afghanistan & Pakistan",MEA,1992,9384.77241913592
"Middle East, North Africa, Afghanistan & Pakistan",MEA,1993,9335.05184735193
"Middle East, North Africa, Afghanistan & Pakistan",MEA,1994,9333.41089422049
"Middle East, North Africa, Afghanistan & Pakistan",MEA,1995,9383.03781172441
"Middle East, North Africa, Afghanistan & Pakistan",MEA,1996,9635.95562657862
"Middle East, North Africa, Afghanistan & Pakistan",MEA,1997,9771.66464455899
"Middle East, North Africa, Afghanistan & Pakistan",MEA,1998,9976.80086991378
"Middle East, North Africa, Afghanistan & Pakistan",MEA,1999,10034.8137620933
"Middle East, North Africa, Afghanistan & Pakistan",MEA,2000,10396.7937182114
"Middle East, North Africa, Afghanistan & Pakistan",MEA,2001,10387.1843453909
"Middle East, North Africa, Afghanistan & Pakistan",MEA,2002,10405.750570078
"Middle East, North Africa, Afghanistan & Pakistan",MEA,2003,10590.2776590084
"Middle East, North Africa, Afghanistan & Pakistan",MEA,2004,11163.9098849067
"Middle East, North Africa, Afghanistan & Pakistan",MEA,2005,11466.1867676249
"Middle East, North Africa, Afghanistan & Pakistan",MEA,2006,11838.3024594452
"Middle East, North Africa, Afghanistan & Pakistan",MEA,2007,12172.6860848971
"Middle East, North Africa, Afghanistan & Pakistan",MEA,2008,12410.3548378055
"Middle East, North Africa, Afghanistan & Pakistan",MEA,2009,12328.590525863
"Middle East, North Africa, Afghanistan & Pakistan",MEA,2010,12644.5287639675
"Middle East, North Africa, Afghanistan & Pakistan",MEA,2011,12878.6633569426
"Middle East, North Africa, Afghanistan & Pakistan",MEA,2012,12998.8237760191
"Middle East, North Africa, Afghanistan & Pakistan",MEA,2013,12974.7088043422
"Middle East, North Africa, Afghanistan & Pakistan",MEA,2014,13125.9569108265
"Middle East, North Africa, Afghanistan & Pakistan",MEA,2015,13274.4834148132
"Middle East, North Africa, Afghanistan & Pakistan",MEA,2016,13660.6647261647
"Middle East, North Africa, Afghanistan & Pakistan",MEA,2017,13738.7112789254
"Middle East, North Africa, Afghanistan & Pakistan",MEA,2018,13857.6977166328
"Middle East, North Africa, Afghanistan & Pakistan",MEA,2019,13875.4354818805
"Middle East, North Africa, Afghanistan & Pakistan",MEA,2020,13261.5451067803
"Middle East, North Africa, Afghanistan & Pakistan",MEA,2021,13667.9618940942
"Middle East, North Africa, Afghanistan & Pakistan",MEA,2022,14260.8818255762
"Middle East, North Africa, Afghanistan & Pakistan",MEA,2023,14315.2058223182
"Middle East, North Africa, Afghanistan & Pakistan",MEA,2024,14391.405949633
Mexico,MEX,1960,
Mexico,MEX,1961,
Mexico,MEX,1962,
Mexico,MEX,1963,
Mexico,MEX,1964,
Mexico,MEX,1965,
Mexico,MEX,1966,
Mexico,MEX,1967,
Mexico,MEX,1968,
Mexico,MEX,1969,
Mexico,MEX,1970,
Mexico,MEX,1971,
Mexico,MEX,1972,
Mexico,MEX,1973,
Mexico,MEX,1974,
Mexico,MEX,1975,
Mexico,MEX,1976,
Mexico,MEX,1977,
Mexico,MEX,1978,
Mexico,MEX,1979,
Mexico,MEX,1980,
Mexico,MEX,1981,
Mexico,MEX,1982,
Mexico,MEX,1983,
Mexico,MEX,1984,
Mexico,MEX,1985,
Mexico,MEX,1986,
Mexico,MEX,1987,
Mexico,MEX,1988,
Mexico,MEX,1989,
Mexico,MEX,1990,17169.5925859795
Mexico,MEX,1991,17511.7313112492
Mexico,MEX,1992,17796.4059662866
Mexico,MEX,1993,17970.5871869693
Mexico,MEX,1994,18422.8199296267
Mexico,MEX,1995,17028.1215022837
Mexico,MEX,1996,17775.8727889128
Mexico,MEX,1997,18737.6426464292
Mexico,MEX,1998,19573.0654561328
Mexico,MEX,1999,19793.2852863293
Mexico,MEX,2000,20470.4937669158
Mexico,MEX,2001,20078.2183931307
Mexico,MEX,2002,19744.7933675609
Mexico,MEX,2003,19701.4633898714
Mexico,MEX,2004,20127.2242902968
Mexico,MEX,2005,20277.2552852007
Mexico,MEX,2006,20965.8256087044
Mexico,MEX,2007,21102.2688338349
Mexico,MEX,2008,20992.5602662364
Mexico,MEX,2009,19385.5437251877
Mexico,MEX,2010,20058.3854882301
Mexico,MEX,2011,20457.6001677783
Mexico,MEX,2012,20898.935720908
Mexico,MEX,2013,20805.3480406564
Mexico,MEX,2014,21069.7661653886
Mexico,MEX,2015,21408.9283216195
Mexico,MEX,2016,21578.263354126
Mexico,MEX,2017,21777.5225127275
Mexico,MEX,2018,21997.7730219494
Mexico,MEX,2019,21704.185952748
Mexico,MEX,2020,19728.4817827455
Mexico,MEX,2021,20782.5877440905
Mexico,MEX,2022,21391.8573698845
Mexico,MEX,2023,21864.9236104145
Mexico,MEX,2024,21970.3520412926
Marshall Islands,MHL,1960,
Marshall Islands,MHL,1961,
Marshall Islands,MHL,1962,
Marshall Islands,MHL,1963,
Marshall Islands,MHL,1964,
Marshall Islands,MHL,1965,
Marshall Islands,MHL,1966,
Marshall Islands,MHL,1967,
Marshall Islands,MHL,1968,
Marshall Islands,MHL,1969,
Marshall Islands,MHL,1970,
Marshall Islands,MHL,1971,
Marshall Islands,MHL,1972,
Marshall Islands,MHL,1973,
Marshall Islands,MHL,1974,
Marshall Islands,MHL,1975,
Marshall Islands,MHL,1976,
Marshall Islands,MHL,1977,
Marshall Islands,MHL,1978,
Marshall Islands,MHL,1979,
Marshall Islands,MHL,1980,
Marshall Islands,MHL,1981,
Marshall Islands,MHL,1982,
Marshall Islands,MHL,1983,
Marshall Islands,MHL,1984,
Marshall Islands,MHL,1985,
Marshall Islands,MHL,1986,
Marshall Islands,MHL,1987,
Marshall Islands,MHL,1988,
Marshall Islands,MHL,1989,
Marshall Islands,MHL,1990,3906.08626688762
Marshall Islands,MHL,1991,3828.95408868903
Marshall Islands,MHL,1992,4029.85752552856
Marshall Islands,MHL,1993,4207.94886487463
Marshall Islands,MHL,1994,4397.47802009698
Marshall Islands,MHL,1995,4704.03569964567
Marshall Islands,MHL,1996,4175.34883541971
Marshall Islands,MHL,1997,3867.83838576288
Marshall Islands,MHL,1998,3806.3745586576
Marshall Islands,MHL,1999,3719.28760761623
Marshall Islands,MHL,2000,3772.69913192999
Marshall Islands,MHL,2001,4001.24312059454
Marshall Islands,MHL,2002,4122.36777186234
Marshall Islands,MHL,2003,4041.17284358405
Marshall Islands,MHL,2004,4012.85859698975
Marshall Islands,MHL,2005,4075.6807928036
Marshall Islands,MHL,2006,4076.09863045701
Marshall Islands,MHL,2007,4222.95393537643
Marshall Islands,MHL,2008,3903.80571323423
Marshall Islands,MHL,2009,4047.74537243531
Marshall Islands,MHL,2010,4269.9054604506
Marshall Islands,MHL,2011,4259.66173142969
Marshall Islands,MHL,2012,4244.58812838612
Marshall Islands,MHL,2013,4470.42630092843
Marshall Islands,MHL,2014,4492.56749211821
Marshall Islands,MHL,2015,4670.70755785577
Marshall Islands,MHL,2016,4897.14934002038
Marshall Islands,MHL,2017,5200.01066532485
Marshall Islands,MHL,2018,5636.02954937672
Marshall Islands,MHL,2019,6405.89632387105
Marshall Islands,MHL,2020,6418.00663822416
Marshall Islands,MHL,2021,6768.82579129624
Marshall Islands,MHL,2022,6937.75357050514
Marshall Islands,MHL,2023,6774.78265578378
Marshall Islands,MHL,2024,7236.8679376649
Middle income,MIC,1960,
Middle income,MIC,1961,
Middle income,MIC,1962,
Middle income,MIC,1963,
Middle income,MIC,1964,
Middle income,MIC,1965,
Middle income,MIC,1966,
Middle income,MIC,1967,
Middle income,MIC,1968,
Middle income,MIC,1969,
Middle income,MIC,1970,
Middle income,MIC,1971,
Middle income,MIC,1972,
Middle income,MIC,1973,
Middle income,MIC,1974,
Middle income,MIC,1975,
Middle income,MIC,1976,
Middle income,MIC,1977,
Middle income,MIC,1978,
Middle income,MIC,1979,
Middle income,MIC,1980,
Middle income,MIC,1981,
Middle income,MIC,1982,
Middle income,MIC,1983,
Middle income,MIC,1984,
Middle income,MIC,1985,
Middle income,MIC,1986,
Middle income,MIC,1987,
Middle income,MIC,1988,
Middle income,MIC,1989,
Middle income,MIC,1990,4646.25957151285
Middle income,MIC,1991,4648.01430999731
Middle income,MIC,1992,4722.09677497986
Middle income,MIC,1993,4819.0321408954
Middle income,MIC,1994,4921.83961052995
Middle income,MIC,1995,5045.74981253275
Middle income,MIC,1996,5255.64118230755
Middle income,MIC,1997,5436.38229390239
Middle income,MIC,1998,5503.3384952339
Middle income,MIC,1999,5622.72676657745
Middle income,MIC,2000,5839.15688660076
Middle income,MIC,2001,5965.0670590156
Middle income,MIC,2002,6156.3157470722
Middle income,MIC,2003,6424.20602384843
Middle income,MIC,2004,6820.50538313605
Middle income,MIC,2005,7201.40053186685
Middle income,MIC,2006,7665.31771724037
Middle income,MIC,2007,8197.99268490885
Middle income,MIC,2008,8535.84090946808
Middle income,MIC,2009,8733.86163528882
Middle income,MIC,2010,9296.31778418793
Middle income,MIC,2011,9737.81435931152
Middle income,MIC,2012,10125.510949148
Middle income,MIC,2013,10542.026674052
Middle income,MIC,2014,10935.2532861253
Middle income,MIC,2015,11307.9180137805
Middle income,MIC,2016,11720.8222579728
Middle income,MIC,2017,12195.0632181132
Middle income,MIC,2018,12658.3244996246
Middle income,MIC,2019,13034.1513333008
Middle income,MIC,2020,12685.0950213792
Middle income,MIC,2021,13477.1480288886
Middle income,MIC,2022,13938.71550771
Middle income,MIC,2023,14488.6453367075
Middle income,MIC,2024,15025.1337351136
North Macedonia,MKD,1960,
North Macedonia,MKD,1961,
North Macedonia,MKD,1962,
North Macedonia,MKD,1963,
North Macedonia,MKD,1964,
North Macedonia,MKD,1965,
North Macedonia,MKD,1966,
North Macedonia,MKD,1967,
North Macedonia,MKD,1968,
North Macedonia,MKD,1969,
North Macedonia,MKD,1970,
North Macedonia,MKD,1971,
North Macedonia,MKD,1972,
North Macedonia,MKD,1973,
North Macedonia,MKD,1974,
North Macedonia,MKD,1975,
North Macedonia,MKD,1976,
North Macedonia,MKD,1977,
North Macedonia,MKD,1978,
North Macedonia,MKD,1979,
North Macedonia,MKD,1980,
North Macedonia,MKD,1981,
North Macedonia,MKD,1982,
North Macedonia,MKD,1983,
North Macedonia,MKD,1984,
North Macedonia,MKD,1985,
North Macedonia,MKD,1986,
North Macedonia,MKD,1987,
North Macedonia,MKD,1988,
North Macedonia,MKD,1989,
North Macedonia,MKD,1990,12904.4868211184
North Macedonia,MKD,1991,12153.4983960276
North Macedonia,MKD,1992,11486.7282993524
North Macedonia,MKD,1993,10764.7022358488
North Macedonia,MKD,1994,10650.7391780911
North Macedonia,MKD,1995,10501.0888473538
North Macedonia,MKD,1996,10551.5225095076
North Macedonia,MKD,1997,10787.5306257229
North Macedonia,MKD,1998,11092.8286175909
North Macedonia,MKD,1999,11518.9567330226
North Macedonia,MKD,2000,11988.2448826829
North Macedonia,MKD,2001,11571.8112316434
North Macedonia,MKD,2002,11830.2626132426
North Macedonia,MKD,2003,12077.849005462
North Macedonia,MKD,2004,12683.3809111151
North Macedonia,MKD,2005,13354.4611473701
North Macedonia,MKD,2006,14118.2297877525
North Macedonia,MKD,2007,15118.2436719552
North Macedonia,MKD,2008,16038.0413530579
North Macedonia,MKD,2009,16084.2279730567
North Macedonia,MKD,2010,16731.0901838425
North Macedonia,MKD,2011,17201.236162644
North Macedonia,MKD,2012,17189.9956305456
North Macedonia,MKD,2013,17758.2275594412
North Macedonia,MKD,2014,18452.2062280148
North Macedonia,MKD,2015,19215.0740381192
North Macedonia,MKD,2016,19825.7724685057
North Macedonia,MKD,2017,20121.0510180726
North Macedonia,MKD,2018,20805.9221192555
North Macedonia,MKD,2019,21766.8842062487
North Macedonia,MKD,2020,20971.4421033593
North Macedonia,MKD,2021,22144.1924252732
North Macedonia,MKD,2022,22822.2333994259
North Macedonia,MKD,2023,23455.2221318176
North Macedonia,MKD,2024,24203.1855800189
Mali,MLI,1960,
Mali,MLI,1961,
Mali,MLI,1962,
Mali,MLI,1963,
Mali,MLI,1964,
Mali,MLI,1965,
Mali,MLI,1966,
Mali,MLI,1967,
Mali,MLI,1968,
Mali,MLI,1969,
Mali,MLI,1970,
Mali,MLI,1971,
Mali,MLI,1972,
Mali,MLI,1973,
Mali,MLI,1974,
Mali,MLI,1975,
Mali,MLI,1976,
Mali,MLI,1977,
Mali,MLI,1978,
Mali,MLI,1979,
Mali,MLI,1980,
Mali,MLI,1981,
Mali,MLI,1982,
Mali,MLI,1983,
Mali,MLI,1984,
Mali,MLI,1985,
Mali,MLI,1986,
Mali,MLI,1987,
Mali,MLI,1988,
Mali,MLI,1989,
Mali,MLI,1990,1890.50212990708
Mali,MLI,1991,2087.9190293852
Mali,MLI,1992,1942.72857140951
Mali,MLI,1993,1985.3806486371
Mali,MLI,1994,2051.75478429108
Mali,MLI,1995,2022.40378268201
Mali,MLI,1996,2105.27530135189
Mali,MLI,1997,2142.78769300012
Mali,MLI,1998,2228.20055527642
Mali,MLI,1999,2269.08741151657
Mali,MLI,2000,2187.71894207161
Mali,MLI,2001,2458.46155673065
Mali,MLI,2002,2455.61935702417
Mali,MLI,2003,2611.8368552722
Mali,MLI,2004,2565.9774456147
Mali,MLI,2005,2546.33281405861
Mali,MLI,2006,2555.07476258805
Mali,MLI,2007,2515.94692366143
Mali,MLI,2008,2523.19961270039
Mali,MLI,2009,2575.54549773648
Mali,MLI,2010,2632.2646821909
Mali,MLI,2011,2623.34627008698
Mali,MLI,2012,2520.52931086804
Mali,MLI,2013,2528.5300676726
Mali,MLI,2014,2609.16733048395
Mali,MLI,2015,2686.56065073799
Mali,MLI,2016,2759.11051293341
Mali,MLI,2017,2816.19423901587
Mali,MLI,2018,2862.40728987476
Mali,MLI,2019,2916.17167791084
Mali,MLI,2020,2796.41038444386
Mali,MLI,2021,2796.22793795431
Mali,MLI,2022,2813.81095962565
Mali,MLI,2023,2861.48058063314
Mali,MLI,2024,2917.93245883671
Malta,MLT,1960,
Malta,MLT,1961,
Malta,MLT,1962,
Malta,MLT,1963,
Malta,MLT,1964,
Malta,MLT,1965,
Malta,MLT,1966,
Malta,MLT,1967,
Malta,MLT,1968,
Malta,MLT,1969,
Malta,MLT,1970,
Malta,MLT,1971,
Malta,MLT,1972,
Malta,MLT,1973,
Malta,MLT,1974,
Malta,MLT,1975,
Malta,MLT,1976,
Malta,MLT,1977,
Malta,MLT,1978,
Malta,MLT,1979,
Malta,MLT,1980,
Malta,MLT,1981,
Malta,MLT,1982,
Malta,MLT,1983,
Malta,MLT,1984,
Malta,MLT,1985,
Malta,MLT,1986,
Malta,MLT,1987,
Malta,MLT,1988,
Malta,MLT,1989,
Malta,MLT,1990,18208.1055963545
Malta,MLT,1991,18832.8308204007
Malta,MLT,1992,19513.9107402762
Malta,MLT,1993,20185.6644858263
Malta,MLT,1994,21127.8495305273
Malta,MLT,1995,22311.7929397361
Malta,MLT,1996,23003.0667186164
Malta,MLT,1997,24029.7879284425
Malta,MLT,1998,25097.8083418163
Malta,MLT,1999,26127.0614292927
Malta,MLT,2000,31068.0784498241
Malta,MLT,2001,30602.1099973654
Malta,MLT,2002,31207.4322052709
Malta,MLT,2003,32147.8757483202
Malta,MLT,2004,32062.7641222076
Malta,MLT,2005,32776.9683721182
Malta,MLT,2006,33420.7141096927
Malta,MLT,2007,34981.7020970372
Malta,MLT,2008,36287.726099619
Malta,MLT,2009,35512.6774555483
Malta,MLT,2010,37528.7341525511
Malta,MLT,2011,37740.8473665429
Malta,MLT,2012,38937.1487755674
Malta,MLT,2013,40921.3167795062
Malta,MLT,2014,43163.1473000396
Malta,MLT,2015,46171.8893420758
Malta,MLT,2016,46967.3486291212
Malta,MLT,2017,51628.2677400365
Malta,MLT,2018,53419.0022708322
Malta,MLT,2019,53393.4231642463
Malta,MLT,2020,50389.6963309289
Malta,MLT,2021,56823.9958525022
Malta,MLT,2022,56874.4339327368
Malta,MLT,2023,60459.7655182644
Malta,MLT,2024,62398.4892388947
Myanmar,MMR,1960,
Myanmar,MMR,1961,
Myanmar,MMR,1962,
Myanmar,MMR,1963,
Myanmar,MMR,1964,
Myanmar,MMR,1965,
Myanmar,MMR,1966,
Myanmar,MMR,1967,
Myanmar,MMR,1968,
Myanmar,MMR,1969,
Myanmar,MMR,1970,
Myanmar,MMR,1971,
Myanmar,MMR,1972,
Myanmar,MMR,1973,
Myanmar,MMR,1974,
Myanmar,MMR,1975,
Myanmar,MMR,1976,
Myanmar,MMR,1977,
Myanmar,MMR,1978,
Myanmar,MMR,1979,
Myanmar,MMR,1980,
Myanmar,MMR,1981,
Myanmar,MMR,1982,
Myanmar,MMR,1983,
Myanmar,MMR,1984,
Myanmar,MMR,1985,
Myanmar,MMR,1986,
Myanmar,MMR,1987,
Myanmar,MMR,1988,
Myanmar,MMR,1989,
Myanmar,MMR,1990,775.328254381998
Myanmar,MMR,1991,759.282764169726
Myanmar,MMR,1992,821.327755047125
Myanmar,MMR,1993,859.345526733596
Myanmar,MMR,1994,911.468427954616
Myanmar,MMR,1995,962.209421824521
Myanmar,MMR,1996,1011.15993423274
Myanmar,MMR,1997,1054.76742791265
Myanmar,MMR,1998,1102.79096369399
Myanmar,MMR,1999,1209.01642809997
Myanmar,MMR,2000,1359.93038778036
Myanmar,MMR,2001,1498.31163236525
Myanmar,MMR,2002,1661.73588517132
Myanmar,MMR,2003,1874.17128269389
Myanmar,MMR,2004,2110.23728495831
Myanmar,MMR,2005,2377.90258162976
Myanmar,MMR,2006,2669.32700379999
Myanmar,MMR,2007,2968.3033151236
Myanmar,MMR,2008,3254.738978881
Myanmar,MMR,2009,3578.17424704515
Myanmar,MMR,2010,3893.79030665874
Myanmar,MMR,2011,4078.61220919965
Myanmar,MMR,2012,4340.99945069174
Myanmar,MMR,2013,4666.95376141392
Myanmar,MMR,2014,5006.50667149767
Myanmar,MMR,2015,5313.88615901476
Myanmar,MMR,2016,5580.98977273232
Myanmar,MMR,2017,5877.87465558175
Myanmar,MMR,2018,6201.26341429803
Myanmar,MMR,2019,6562.98898478625
Myanmar,MMR,2020,5926.83450206681
Myanmar,MMR,2021,5178.44718217164
Myanmar,MMR,2022,5350.47666899931
Myanmar,MMR,2023,5364.13797034429
Myanmar,MMR,2024,5276.29433987853
"Middle East, North Africa, Afghanistan & Pakistan (excluding high income)",MNA,1960,
"Middle East, North Africa, Afghanistan & Pakistan (excluding high income)",MNA,1961,
"Middle East, North Africa, Afghanistan & Pakistan (excluding high income)",MNA,1962,
"Middle East, North Africa, Afghanistan & Pakistan (excluding high income)",MNA,1963,
"Middle East, North Africa, Afghanistan & Pakistan (excluding high income)",MNA,1964,
"Middle East, North Africa, Afghanistan & Pakistan (excluding high income)",MNA,1965,
"Middle East, North Africa, Afghanistan & Pakistan (excluding high income)",MNA,1966,
"Middle East, North Africa, Afghanistan & Pakistan (excluding high income)",MNA,1967,
"Middle East, North Africa, Afghanistan & Pakistan (excluding high income)",MNA,1968,
"Middle East, North Africa, Afghanistan & Pakistan (excluding high income)",MNA,1969,
"Middle East, North Africa, Afghanistan & Pakistan (excluding high income)",MNA,1970,
"Middle East, North Africa, Afghanistan & Pakistan (excluding high income)",MNA,1971,
"Middle East, North Africa, Afghanistan & Pakistan (excluding high income)",MNA,1972,
"Middle East, North Africa, Afghanistan & Pakistan (excluding high income)",MNA,1973,
"Middle East, North Africa, Afghanistan & Pakistan (excluding high income)",MNA,1974,
"Middle East, North Africa, Afghanistan & Pakistan (excluding high income)",MNA,1975,
"Middle East, North Africa, Afghanistan & Pakistan (excluding high income)",MNA,1976,
"Middle East, North Africa, Afghanistan & Pakistan (excluding high income)",MNA,1977,
"Middle East, North Africa, Afghanistan & Pakistan (excluding high income)",MNA,1978,
"Middle East, North Africa, Afghanistan & Pakistan (excluding high income)",MNA,1979,
"Middle East, North Africa, Afghanistan & Pakistan (excluding high income)",MNA,1980,
"Middle East, North Africa, Afghanistan & Pakistan (excluding high income)",MNA,1981,
"Middle East, North Africa, Afghanistan & Pakistan (excluding high income)",MNA,1982,
"Middle East, North Africa, Afghanistan & Pakistan (excluding high income)",MNA,1983,
"Middle East, North Africa, Afghanistan & Pakistan (excluding high income)",MNA,1984,
"Middle East, North Africa, Afghanistan & Pakistan (excluding high income)",MNA,1985,
"Middle East, North Africa, Afghanistan & Pakistan (excluding high income)",MNA,1986,
"Middle East, North Africa, Afghanistan & Pakistan (excluding high income)",MNA,1987,
"Middle East, North Africa, Afghanistan & Pakistan (excluding high income)",MNA,1988,
"Middle East, North Africa, Afghanistan & Pakistan (excluding high income)",MNA,1989,
"Middle East, North Africa, Afghanistan & Pakistan (excluding high income)",MNA,1990,6460.15430040162
"Middle East, North Africa, Afghanistan & Pakistan (excluding high income)",MNA,1991,6308.17792595976
"Middle East, North Africa, Afghanistan & Pakistan (excluding high income)",MNA,1992,6457.88712751725
"Middle East, North Africa, Afghanistan & Pakistan (excluding high income)",MNA,1993,6394.88694570012
"Middle East, North Africa, Afghanistan & Pakistan (excluding high income)",MNA,1994,6374.46813239502
"Middle East, North Africa, Afghanistan & Pakistan (excluding high income)",MNA,1995,6422.97697967729
"Middle East, North Africa, Afghanistan & Pakistan (excluding high income)",MNA,1996,6651.3884649242
"Middle East, North Africa, Afghanistan & Pakistan (excluding high income)",MNA,1997,6724.19615178702
"Middle East, North Africa, Afghanistan & Pakistan (excluding high income)",MNA,1998,6940.76365209991
"Middle East, North Africa, Afghanistan & Pakistan (excluding high income)",MNA,1999,7073.21431976136
"Middle East, North Africa, Afghanistan & Pakistan (excluding high income)",MNA,2000,7317.26035832222
"Middle East, North Africa, Afghanistan & Pakistan (excluding high income)",MNA,2001,7371.3767408889
"Middle East, North Africa, Afghanistan & Pakistan (excluding high income)",MNA,2002,7465.73272422958
"Middle East, North Africa, Afghanistan & Pakistan (excluding high income)",MNA,2003,7478.85875079651
"Middle East, North Africa, Afghanistan & Pakistan (excluding high income)",MNA,2004,7872.21759398132
"Middle East, North Africa, Afghanistan & Pakistan (excluding high income)",MNA,2005,8068.28257623881
"Middle East, North Africa, Afghanistan & Pakistan (excluding high income)",MNA,2006,8323.68223524681
"Middle East, North Africa, Afghanistan & Pakistan (excluding high income)",MNA,2007,8627.73711127116
"Middle East, North Africa, Afghanistan & Pakistan (excluding high income)",MNA,2008,8753.13707659614
"Middle East, North Africa, Afghanistan & Pakistan (excluding high income)",MNA,2009,8831.71489382729
"Middle East, North Africa, Afghanistan & Pakistan (excluding high income)",MNA,2010,9052.10818995059
"Middle East, North Africa, Afghanistan & Pakistan (excluding high income)",MNA,2011,8988.59983471501
"Middle East, North Africa, Afghanistan & Pakistan (excluding high income)",MNA,2012,8984.93510074166
"Middle East, North Africa, Afghanistan & Pakistan (excluding high income)",MNA,2013,8907.44506975348
"Middle East, North Africa, Afghanistan & Pakistan (excluding high income)",MNA,2014,8991.33075661477
"Middle East, North Africa, Afghanistan & Pakistan (excluding high income)",MNA,2015,9038.56259409523
"Middle East, North Africa, Afghanistan & Pakistan (excluding high income)",MNA,2016,9412.5084550993
"Middle East, North Africa, Afghanistan & Pakistan (excluding high income)",MNA,2017,9558.34316749669
"Middle East, North Africa, Afghanistan & Pakistan (excluding high income)",MNA,2018,9610.53590554892
"Middle East, North Africa, Afghanistan & Pakistan (excluding high income)",MNA,2019,9622.70742842857
"Middle East, North Africa, Afghanistan & Pakistan (excluding high income)",MNA,2020,9308.58068497712
"Middle East, North Africa, Afghanistan & Pakistan (excluding high income)",MNA,2021,9516.64668717139
"Middle East, North Africa, Afghanistan & Pakistan (excluding high income)",MNA,2022,9789.57382056453
"Middle East, North Africa, Afghanistan & Pakistan (excluding high income)",MNA,2023,9902.17620602616
"Middle East, North Africa, Afghanistan & Pakistan (excluding high income)",MNA,2024,9972.93614849708
Montenegro,MNE,1960,
Montenegro,MNE,1961,
Montenegro,MNE,1962,
Montenegro,MNE,1963,
Montenegro,MNE,1964,
Montenegro,MNE,1965,
Montenegro,MNE,1966,
Montenegro,MNE,1967,
Montenegro,MNE,1968,
Montenegro,MNE,1969,
Montenegro,MNE,1970,
Montenegro,MNE,1971,
Montenegro,MNE,1972,
Montenegro,MNE,1973,
Montenegro,MNE,1974,
Montenegro,MNE,1975,
Montenegro,MNE,1976,
Montenegro,MNE,1977,
Montenegro,MNE,1978,
Montenegro,MNE,1979,
Montenegro,MNE,1980,
Montenegro,MNE,1981,
Montenegro,MNE,1982,
Montenegro,MNE,1983,
Montenegro,MNE,1984,
Montenegro,MNE,1985,
Montenegro,MNE,1986,
Montenegro,MNE,1987,
Montenegro,MNE,1988,
Montenegro,MNE,1989,
Montenegro,MNE,1990,
Montenegro,MNE,1991,
Montenegro,MNE,1992,
Montenegro,MNE,1993,
Montenegro,MNE,1994,
Montenegro,MNE,1995,
Montenegro,MNE,1996,
Montenegro,MNE,1997,14638.7363489702
Montenegro,MNE,1998,15402.9879966714
Montenegro,MNE,1999,13993.3577435418
Montenegro,MNE,2000,14452.2161423496
Montenegro,MNE,2001,14552.4956785923
Montenegro,MNE,2002,14770.255224547
Montenegro,MNE,2003,15076.6513903781
Montenegro,MNE,2004,15716.0755725572
Montenegro,MNE,2005,16348.8994494652
Montenegro,MNE,2006,17727.3660449403
Montenegro,MNE,2007,18966.4529580465
Montenegro,MNE,2008,20238.9216459135
Montenegro,MNE,2009,18984.9379136097
Montenegro,MNE,2010,19476.1626179487
Montenegro,MNE,2011,20110.4869725048
Montenegro,MNE,2012,19576.412051459
Montenegro,MNE,2013,20201.2916344369
Montenegro,MNE,2014,20641.7645176561
Montenegro,MNE,2015,21131.8410316247
Montenegro,MNE,2016,21834.0918741924
Montenegro,MNE,2017,22513.7807637171
Montenegro,MNE,2018,23562.1762558957
Montenegro,MNE,2019,24585.1159529158
Montenegro,MNE,2020,20904.5999314513
Montenegro,MNE,2021,23689.9791090651
Montenegro,MNE,2022,25583.3155690619
Montenegro,MNE,2023,27243.404228981
Montenegro,MNE,2024,28105.5927726624
Mongolia,MNG,1960,
Mongolia,MNG,1961,
Mongolia,MNG,1962,
Mongolia,MNG,1963,
Mongolia,MNG,1964,
Mongolia,MNG,1965,
Mongolia,MNG,1966,
Mongolia,MNG,1967,
Mongolia,MNG,1968,
Mongolia,MNG,1969,
Mongolia,MNG,1970,
Mongolia,MNG,1971,
Mongolia,MNG,1972,
Mongolia,MNG,1973,
Mongolia,MNG,1974,
Mongolia,MNG,1975,
Mongolia,MNG,1976,
Mongolia,MNG,1977,
Mongolia,MNG,1978,
Mongolia,MNG,1979,
Mongolia,MNG,1980,
Mongolia,MNG,1981,
Mongolia,MNG,1982,
Mongolia,MNG,1983,
Mongolia,MNG,1984,
Mongolia,MNG,1985,
Mongolia,MNG,1986,
Mongolia,MNG,1987,
Mongolia,MNG,1988,
Mongolia,MNG,1989,
Mongolia,MNG,1990,6637.81926731198
Mongolia,MNG,1991,5874.25558231388
Mongolia,MNG,1992,5324.48759689987
Mongolia,MNG,1993,5162.0998701038
Mongolia,MNG,1994,5213.84632608076
Mongolia,MNG,1995,5457.68501570005
Mongolia,MNG,1996,5494.32133981897
Mongolia,MNG,1997,5628.10663484223
Mongolia,MNG,1998,5735.84383645771
Mongolia,MNG,1999,5829.16641455929
Mongolia,MNG,2000,5818.24307842901
Mongolia,MNG,2001,5917.07088396343
Mongolia,MNG,2002,6117.9824222592
Mongolia,MNG,2003,6463.78966651762
Mongolia,MNG,2004,7070.667158451
Mongolia,MNG,2005,7499.84803935428
Mongolia,MNG,2006,8043.99678108557
Mongolia,MNG,2007,8750.13407442299
Mongolia,MNG,2008,9379.85489687765
Mongolia,MNG,2009,9095.9769892529
Mongolia,MNG,2010,9507.118823625
Mongolia,MNG,2011,10960.0959283864
Mongolia,MNG,2012,12078.9185320062
Mongolia,MNG,2013,13210.0945665668
Mongolia,MNG,2014,13943.4277148653
Mongolia,MNG,2015,13974.5967260365
Mongolia,MNG,2016,13898.1456953585
Mongolia,MNG,2017,14401.5375067562
Mongolia,MNG,2018,15230.2408828847
Mongolia,MNG,2019,15790.6961126441
Mongolia,MNG,2020,14801.3420829185
Mongolia,MNG,2021,14792.2509086422
Mongolia,MNG,2022,15310.4349469163
Mongolia,MNG,2023,16222.8638898529
Mongolia,MNG,2024,16842.6505873797
Northern Mariana Islands,MNP,1960,
Northern Mariana Islands,MNP,1961,
Northern Mariana Islands,MNP,1962,
Northern Mariana Islands,MNP,1963,
Northern Mariana Islands,MNP,1964,
Northern Mariana Islands,MNP,1965,
Northern Mariana Islands,MNP,1966,
Northern Mariana Islands,MNP,1967,
Northern Mariana Islands,MNP,1968,
Northern Mariana Islands,MNP,1969,
Northern Mariana Islands,MNP,1970,
Northern Mariana Islands,MNP,1971,
Northern Mariana Islands,MNP,1972,
Northern Mariana Islands,MNP,1973,
Northern Mariana Islands,MNP,1974,
Northern Mariana Islands,MNP,1975,
Northern Mariana Islands,MNP,1976,
Northern Mariana Islands,MNP,1977,
Northern Mariana Islands,MNP,1978,
Northern Mariana Islands,MNP,1979,
Northern Mariana Islands,MNP,1980,
Northern Mariana Islands,MNP,1981,
Northern Mariana Islands,MNP,1982,
Northern Mariana Islands,MNP,1983,
Northern Mariana Islands,MNP,1984,
Northern Mariana Islands,MNP,1985,
Northern Mariana Islands,MNP,1986,
Northern Mariana Islands,MNP,1987,
Northern Mariana Islands,MNP,1988,
Northern Mariana Islands,MNP,1989,
Northern Mariana Islands,MNP,1990,
Northern Mariana Islands,MNP,1991,
Northern Mariana Islands,MNP,1992,
Northern Mariana Islands,MNP,1993,
Northern Mariana Islands,MNP,1994,
Northern Mariana Islands,MNP,1995,
Northern Mariana Islands,MNP,1996,
Northern Mariana Islands,MNP,1997,
Northern Mariana Islands,MNP,1998,
Northern Mariana Islands,MNP,1999,
Northern Mariana Islands,MNP,2000,
Northern Mariana Islands,MNP,2001,
Northern Mariana Islands,MNP,2002,
Northern Mariana Islands,MNP,2003,
Northern Mariana Islands,MNP,2004,
Northern Mariana Islands,MNP,2005,
Northern Mariana Islands,MNP,2006,
Northern Mariana Islands,MNP,2007,
Northern Mariana Islands,MNP,2008,
Northern Mariana Islands,MNP,2009,
Northern Mariana Islands,MNP,2010,
Northern Mariana Islands,MNP,2011,
Northern Mariana Islands,MNP,2012,
Northern Mariana Islands,MNP,2013,
Northern Mariana Islands,MNP,2014,
Northern Mariana Islands,MNP,2015,
Northern Mariana Islands,MNP,2016,
Northern Mariana Islands,MNP,2017,
Northern Mariana Islands,MNP,2018,
Northern Mariana Islands,MNP,2019,
Northern Mariana Islands,MNP,2020,
Northern Mariana Islands,MNP,2021,
Northern Mariana Islands,MNP,2022,
Northern Mariana Islands,MNP,2023,
Northern Mariana Islands,MNP,2024,
Mozambique,MOZ,1960,
Mozambique,MOZ,1961,
Mozambique,MOZ,1962,
Mozambique,MOZ,1963,
Mozambique,MOZ,1964,
Mozambique,MOZ,1965,
Mozambique,MOZ,1966,
Mozambique,MOZ,1967,
Mozambique,MOZ,1968,
Mozambique,MOZ,1969,
Mozambique,MOZ,1970,
Mozambique,MOZ,1971,
Mozambique,MOZ,1972,
Mozambique,MOZ,1973,
Mozambique,MOZ,1974,
Mozambique,MOZ,1975,
Mozambique,MOZ,1976,
Mozambique,MOZ,1977,
Mozambique,MOZ,1978,
Mozambique,MOZ,1979,
Mozambique,MOZ,1980,
Mozambique,MOZ,1981,
Mozambique,MOZ,1982,
Mozambique,MOZ,1983,
Mozambique,MOZ,1984,
Mozambique,MOZ,1985,
Mozambique,MOZ,1986,
Mozambique,MOZ,1987,
Mozambique,MOZ,1988,
Mozambique,MOZ,1989,
Mozambique,MOZ,1990,547.622781432196
Mozambique,MOZ,1991,563.512103416232
Mozambique,MOZ,1992,510.82282292831
Mozambique,MOZ,1993,549.048759770955
Mozambique,MOZ,1994,546.209688164263
Mozambique,MOZ,1995,525.418671837499
Mozambique,MOZ,1996,562.857456341656
Mozambique,MOZ,1997,612.371551265915
Mozambique,MOZ,1998,660.650177820748
Mozambique,MOZ,1999,722.305561379979
Mozambique,MOZ,2000,711.976393527396
Mozambique,MOZ,2001,785.790173616246
Mozambique,MOZ,2002,842.645266172761
Mozambique,MOZ,2003,883.239121472194
Mozambique,MOZ,2004,934.133964844421
Mozambique,MOZ,2005,970.38995609863
Mozambique,MOZ,2006,1041.80471709595
Mozambique,MOZ,2007,1095.12568701598
Mozambique,MOZ,2008,1141.94256161019
Mozambique,MOZ,2009,1178.70909947834
Mozambique,MOZ,2010,1224.23020471309
Mozambique,MOZ,2011,1275.52959822581
Mozambique,MOZ,2012,1338.51594866104
Mozambique,MOZ,2013,1385.83254864214
Mozambique,MOZ,2014,1449.92926632722
Mozambique,MOZ,2015,1512.5997455554
Mozambique,MOZ,2016,1537.90853271216
Mozambique,MOZ,2017,1532.0073576114
Mozambique,MOZ,2018,1538.83512127022
Mozambique,MOZ,2019,1528.88988354373
Mozambique,MOZ,2020,1466.12476474476
Mozambique,MOZ,2021,1457.23540930922
Mozambique,MOZ,2022,1476.73432917026
Mozambique,MOZ,2023,1512.66729609671
Mozambique,MOZ,2024,1500.70758504856
Mauritania,MRT,1960,
Mauritania,MRT,1961,
Mauritania,MRT,1962,
Mauritania,MRT,1963,
Mauritania,MRT,1964,
Mauritania,MRT,1965,
Mauritania,MRT,1966,
Mauritania,MRT,1967,
Mauritania,MRT,1968,
Mauritania,MRT,1969,
Mauritania,MRT,1970,
Mauritania,MRT,1971,
Mauritania,MRT,1972,
Mauritania,MRT,1973,
Mauritania,MRT,1974,
Mauritania,MRT,1975,
Mauritania,MRT,1976,
Mauritania,MRT,1977,
Mauritania,MRT,1978,
Mauritania,MRT,1979,
Mauritania,MRT,1980,
Mauritania,MRT,1981,
Mauritania,MRT,1982,
Mauritania,MRT,1983,
Mauritania,MRT,1984,
Mauritania,MRT,1985,
Mauritania,MRT,1986,
Mauritania,MRT,1987,
Mauritania,MRT,1988,
Mauritania,MRT,1989,
Mauritania,MRT,1990,5519.61033558343
Mauritania,MRT,1991,5456.55575948293
Mauritania,MRT,1992,5350.11803590657
Mauritania,MRT,1993,5439.82228683144
Mauritania,MRT,1994,5097.20838953702
Mauritania,MRT,1995,5446.26956021532
Mauritania,MRT,1996,5650.34118025632
Mauritania,MRT,1997,5302.36663255523
Mauritania,MRT,1998,5310.15819056524
Mauritania,MRT,1999,5359.98881964397
Mauritania,MRT,2000,5008.60806518774
Mauritania,MRT,2001,4847.41085992453
Mauritania,MRT,2002,4806.89853329148
Mauritania,MRT,2003,5023.65213216804
Mauritania,MRT,2004,5139.22552032468
Mauritania,MRT,2005,5445.82950903243
Mauritania,MRT,2006,6284.70209004217
Mauritania,MRT,2007,6002.77832134488
Mauritania,MRT,2008,5813.35608502791
Mauritania,MRT,2009,5639.78744910419
Mauritania,MRT,2010,5605.76388862715
Mauritania,MRT,2011,5653.21720092427
Mauritania,MRT,2012,5716.25195414285
Mauritania,MRT,2013,5769.72870902318
Mauritania,MRT,2014,5837.85203095508
Mauritania,MRT,2015,5969.54239289516
Mauritania,MRT,2016,5866.28144674129
Mauritania,MRT,2017,6050.62180325299
Mauritania,MRT,2018,6153.63790241704
Mauritania,MRT,2019,6162.21044455969
Mauritania,MRT,2020,5963.23549724988
Mauritania,MRT,2021,5836.56580821897
Mauritania,MRT,2022,6053.26178124768
Mauritania,MRT,2023,6276.47521075653
Mauritania,MRT,2024,6482.69016635936
Mauritius,MUS,1960,
Mauritius,MUS,1961,
Mauritius,MUS,1962,
Mauritius,MUS,1963,
Mauritius,MUS,1964,
Mauritius,MUS,1965,
Mauritius,MUS,1966,
Mauritius,MUS,1967,
Mauritius,MUS,1968,
Mauritius,MUS,1969,
Mauritius,MUS,1970,
Mauritius,MUS,1971,
Mauritius,MUS,1972,
Mauritius,MUS,1973,
Mauritius,MUS,1974,
Mauritius,MUS,1975,
Mauritius,MUS,1976,
Mauritius,MUS,1977,
Mauritius,MUS,1978,
Mauritius,MUS,1979,
Mauritius,MUS,1980,
Mauritius,MUS,1981,
Mauritius,MUS,1982,
Mauritius,MUS,1983,
Mauritius,MUS,1984,
Mauritius,MUS,1985,
Mauritius,MUS,1986,
Mauritius,MUS,1987,
Mauritius,MUS,1988,
Mauritius,MUS,1989,
Mauritius,MUS,1990,8986.03307171492
Mauritius,MUS,1991,9283.84516043242
Mauritius,MUS,1992,9759.21929141358
Mauritius,MUS,1993,10134.3273767613
Mauritius,MUS,1994,10406.771389602
Mauritius,MUS,1995,10760.058004935
Mauritius,MUS,1996,11245.7059722003
Mauritius,MUS,1997,11737.4151476327
Mauritius,MUS,1998,12319.8866544456
Mauritius,MUS,1999,12481.8622000201
Mauritius,MUS,2000,13373.655799097
Mauritius,MUS,2001,13712.5793901042
Mauritius,MUS,2002,13837.6258025605
Mauritius,MUS,2003,14551.8784442579
Mauritius,MUS,2004,15087.0687832797
Mauritius,MUS,2005,15264.5981839157
Mauritius,MUS,2006,15932.8192222795
Mauritius,MUS,2007,16774.5685137565
Mauritius,MUS,2008,17627.1121948078
Mauritius,MUS,2009,18171.6870025783
Mauritius,MUS,2010,18925.5713852829
Mauritius,MUS,2011,19678.6022639733
Mauritius,MUS,2012,20313.0328941469
Mauritius,MUS,2013,20952.3775734986
Mauritius,MUS,2014,21721.3096444788
Mauritius,MUS,2015,22499.0254570551
Mauritius,MUS,2016,23357.230006621
Mauritius,MUS,2017,24258.988821567
Mauritius,MUS,2018,25243.886462031
Mauritius,MUS,2019,25958.4900281465
Mauritius,MUS,2020,22272.5398696677
Mauritius,MUS,2021,23010.2013826906
Mauritius,MUS,2022,25005.0666145723
Mauritius,MUS,2023,26471.0351422892
Mauritius,MUS,2024,27844.8956114831
Malawi,MWI,1960,
Malawi,MWI,1961,
Malawi,MWI,1962,
Malawi,MWI,1963,
Malawi,MWI,1964,
Malawi,MWI,1965,
Malawi,MWI,1966,
Malawi,MWI,1967,
Malawi,MWI,1968,
Malawi,MWI,1969,
Malawi,MWI,1970,
Malawi,MWI,1971,
Malawi,MWI,1972,
Malawi,MWI,1973,
Malawi,MWI,1974,
Malawi,MWI,1975,
Malawi,MWI,1976,
Malawi,MWI,1977,
Malawi,MWI,1978,
Malawi,MWI,1979,
Malawi,MWI,1980,
Malawi,MWI,1981,
Malawi,MWI,1982,
Malawi,MWI,1983,
Malawi,MWI,1984,
Malawi,MWI,1985,
Malawi,MWI,1986,
Malawi,MWI,1987,
Malawi,MWI,1988,
Malawi,MWI,1989,
Malawi,MWI,1990,1047.46436351132
Malawi,MWI,1991,1104.3904622212
Malawi,MWI,1992,994.036504790471
Malawi,MWI,1993,1074.58485213269
Malawi,MWI,1994,975.849640143399
Malawi,MWI,1995,1140.75609365079
Malawi,MWI,1996,1200.32058232422
Malawi,MWI,1997,1221.09404555353
Malawi,MWI,1998,1241.52433181826
Malawi,MWI,1999,1249.77523298871
Malawi,MWI,2000,1239.39174838676
Malawi,MWI,2001,1149.58039601898
Malawi,MWI,2002,1140.84274642418
Malawi,MWI,2003,1176.12385998737
Malawi,MWI,2004,1208.2196975075
Malawi,MWI,2005,1214.7426419188
Malawi,MWI,2006,1237.27386519947
Malawi,MWI,2007,1318.33196397214
Malawi,MWI,2008,1378.42886690465
Malawi,MWI,2009,1449.72601522136
Malawi,MWI,2010,1504.37514113215
Malawi,MWI,2011,1533.22889572405
Malawi,MWI,2012,1518.14803849238
Malawi,MWI,2013,1555.50607410511
Malawi,MWI,2014,1597.56484331405
Malawi,MWI,2015,1597.69145324855
Malawi,MWI,2016,1593.59549264808
Malawi,MWI,2017,1613.0593571462
Malawi,MWI,2018,1638.91665761076
Malawi,MWI,2019,1687.28944917892
Malawi,MWI,2020,1656.43985192533
Malawi,MWI,2021,1687.59358179651
Malawi,MWI,2022,1659.95933825168
Malawi,MWI,2023,1649.29873234551
Malawi,MWI,2024,1634.24660266597
Malaysia,MYS,1960,
Malaysia,MYS,1961,
Malaysia,MYS,1962,
Malaysia,MYS,1963,
Malaysia,MYS,1964,
Malaysia,MYS,1965,
Malaysia,MYS,1966,
Malaysia,MYS,1967,
Malaysia,MYS,1968,
Malaysia,MYS,1969,
Malaysia,MYS,1970,
Malaysia,MYS,1971,
Malaysia,MYS,1972,
Malaysia,MYS,1973,
Malaysia,MYS,1974,
Malaysia,MYS,1975,
Malaysia,MYS,1976,
Malaysia,MYS,1977,
Malaysia,MYS,1978,
Malaysia,MYS,1979,
Malaysia,MYS,1980,
Malaysia,MYS,1981,
Malaysia,MYS,1982,
Malaysia,MYS,1983,
Malaysia,MYS,1984,
Malaysia,MYS,1985,
Malaysia,MYS,1986,
Malaysia,MYS,1987,
Malaysia,MYS,1988,
Malaysia,MYS,1989,
Malaysia,MYS,1990,12013.6969483112
Malaysia,MYS,1991,12795.0498964228
Malaysia,MYS,1992,13567.8936121181
Malaysia,MYS,1993,14533.790397007
Malaysia,MYS,1994,15474.0144648307
Malaysia,MYS,1995,16568.5160590209
Malaysia,MYS,1996,17771.7118795056
Malaysia,MYS,1997,18604.514527465
Malaysia,MYS,1998,16817.1719190401
Malaysia,MYS,1999,17428.6256563043
Malaysia,MYS,2000,18532.9096706227
Malaysia,MYS,2001,18186.4411330146
Malaysia,MYS,2002,18708.8694877279
Malaysia,MYS,2003,19329.0062757538
Malaysia,MYS,2004,20168.5062099425
Malaysia,MYS,2005,20767.5857243346
Malaysia,MYS,2006,21444.4857715028
Malaysia,MYS,2007,22305.118263117
Malaysia,MYS,2008,22898.0027575442
Malaysia,MYS,2009,22106.6417311801
Malaysia,MYS,2010,23307.9698543785
Malaysia,MYS,2011,24115.8181203958
Malaysia,MYS,2012,25006.3587781537
Malaysia,MYS,2013,25736.3525554142
Malaysia,MYS,2014,26818.4317281659
Malaysia,MYS,2015,27699.6278860387
Malaysia,MYS,2016,28425.3707609412
Malaysia,MYS,2017,29551.5457597197
Malaysia,MYS,2018,30459.9655338061
Malaysia,MYS,2019,31300.5086554849
Malaysia,MYS,2020,29200.452632127
Malaysia,MYS,2021,29822.8491831618
Malaysia,MYS,2022,32129.2217820113
Malaysia,MYS,2023,32857.6676600774
Malaysia,MYS,2024,34116.2317848885
North America,NAC,1960,
North America,NAC,1961,
North America,NAC,1962,
North America,NAC,1963,
North America,NAC,1964,
North America,NAC,1965,
North America,NAC,1966,
North America,NAC,1967,
North America,NAC,1968,
North America,NAC,1969,
North America,NAC,1970,
North America,NAC,1971,
North America,NAC,1972,
North America,NAC,1973,
North America,NAC,1974,
North America,NAC,1975,
North America,NAC,1976,
North America,NAC,1977,
North America,NAC,1978,
North America,NAC,1979,
North America,NAC,1980,
North America,NAC,1981,
North America,NAC,1982,
North America,NAC,1983,
North America,NAC,1984,
North America,NAC,1985,
North America,NAC,1986,
North America,NAC,1987,
North America,NAC,1988,
North America,NAC,1989,
North America,NAC,1990,44001.2866962696
North America,NAC,1991,43294.678029107
North America,NAC,1992,44109.5160995159
North America,NAC,1993,44735.8394519389
North America,NAC,1994,45994.6361911594
North America,NAC,1995,46677.7284439811
North America,NAC,1996,47799.0041600258
North America,NAC,1997,49330.7151815117
North America,NAC,1998,50936.8171803254
North America,NAC,1999,52798.9751017311
North America,NAC,2000,54402.3453045356
North America,NAC,2001,54420.5866049262
North America,NAC,2002,54887.4019899778
North America,NAC,2003,55889.0635834998
North America,NAC,2004,57467.3638694953
North America,NAC,2005,58908.2584676373
North America,NAC,2006,59957.8206045602
North America,NAC,2007,60581.9753282087
North America,NAC,2008,60117.4818737471
North America,NAC,2009,58023.6383008921
North America,NAC,2010,59088.9185210479
North America,NAC,2011,59609.0873919323
North America,NAC,2012,60442.1261871716
North America,NAC,2013,61249.6479379237
North America,NAC,2014,62302.7654278932
North America,NAC,2015,63503.57678579
North America,NAC,2016,64087.4542421837
North America,NAC,2017,65208.2856615564
North America,NAC,2018,66679.8386372116
North America,NAC,2019,67946.3411183071
North America,NAC,2020,66040.8731205658
North America,NAC,2021,69953.4846892959
North America,NAC,2022,71345.564015877
North America,NAC,2023,72628.1971323768
North America,NAC,2024,73737.55979381
Namibia,NAM,1960,
Namibia,NAM,1961,
Namibia,NAM,1962,
Namibia,NAM,1963,
Namibia,NAM,1964,
Namibia,NAM,1965,
Namibia,NAM,1966,
Namibia,NAM,1967,
Namibia,NAM,1968,
Namibia,NAM,1969,
Namibia,NAM,1970,
Namibia,NAM,1971,
Namibia,NAM,1972,
Namibia,NAM,1973,
Namibia,NAM,1974,
Namibia,NAM,1975,
Namibia,NAM,1976,
Namibia,NAM,1977,
Namibia,NAM,1978,
Namibia,NAM,1979,
Namibia,NAM,1980,
Namibia,NAM,1981,
Namibia,NAM,1982,
Namibia,NAM,1983,
Namibia,NAM,1984,
Namibia,NAM,1985,
Namibia,NAM,1986,
Namibia,NAM,1987,
Namibia,NAM,1988,
Namibia,NAM,1989,
Namibia,NAM,1990,7281.77892577888
Namibia,NAM,1991,7618.33278184449
Namibia,NAM,1992,7911.01025804281
Namibia,NAM,1993,7541.56081791845
Namibia,NAM,1994,7437.33529036109
Namibia,NAM,1995,7506.10484034086
Namibia,NAM,1996,7538.92462342201
Namibia,NAM,1997,7656.32512542986
Namibia,NAM,1998,7709.89004370134
Namibia,NAM,1999,7773.94354148714
Namibia,NAM,2000,7858.38789521253
Namibia,NAM,2001,7786.54169496761
Namibia,NAM,2002,8017.28134128559
Namibia,NAM,2003,8237.36597245597
Namibia,NAM,2004,9130.82442337694
Namibia,NAM,2005,9245.1365329555
Namibia,NAM,2006,9773.29833199798
Namibia,NAM,2007,10162.2400708746
Namibia,NAM,2008,10286.5124067605
Namibia,NAM,2009,10166.2899453939
Namibia,NAM,2010,10614.6201576671
Namibia,NAM,2011,10965.2729759535
Namibia,NAM,2012,11266.6089486464
Namibia,NAM,2013,11593.5753768689
Namibia,NAM,2014,11982.6963648348
Namibia,NAM,2015,12166.5658392058
Namibia,NAM,2016,11846.7880832757
Namibia,NAM,2017,11408.7253099967
Namibia,NAM,2018,11214.38604306
Namibia,NAM,2019,10813.3044681944
Namibia,NAM,2020,9652.24827219463
Namibia,NAM,2021,9709.09930646771
Namibia,NAM,2022,9953.09752403491
Namibia,NAM,2023,10126.2359555611
Namibia,NAM,2024,10276.3686426386
New Caledonia,NCL,1960,
New Caledonia,NCL,1961,
New Caledonia,NCL,1962,
New Caledonia,NCL,1963,
New Caledonia,NCL,1964,
New Caledonia,NCL,1965,
New Caledonia,NCL,1966,
New Caledonia,NCL,1967,
New Caledonia,NCL,1968,
New Caledonia,NCL,1969,
New Caledonia,NCL,1970,
New Caledonia,NCL,1971,
New Caledonia,NCL,1972,
New Caledonia,NCL,1973,
New Caledonia,NCL,1974,
New Caledonia,NCL,1975,
New Caledonia,NCL,1976,
New Caledonia,NCL,1977,
New Caledonia,NCL,1978,
New Caledonia,NCL,1979,
New Caledonia,NCL,1980,
New Caledonia,NCL,1981,
New Caledonia,NCL,1982,
New Caledonia,NCL,1983,
New Caledonia,NCL,1984,
New Caledonia,NCL,1985,
New Caledonia,NCL,1986,
New Caledonia,NCL,1987,
New Caledonia,NCL,1988,
New Caledonia,NCL,1989,
New Caledonia,NCL,1990,
New Caledonia,NCL,1991,
New Caledonia,NCL,1992,
New Caledonia,NCL,1993,
New Caledonia,NCL,1994,
New Caledonia,NCL,1995,
New Caledonia,NCL,1996,
New Caledonia,NCL,1997,
New Caledonia,NCL,1998,
New Caledonia,NCL,1999,
New Caledonia,NCL,2000,
New Caledonia,NCL,2001,
New Caledonia,NCL,2002,
New Caledonia,NCL,2003,
New Caledonia,NCL,2004,
New Caledonia,NCL,2005,
New Caledonia,NCL,2006,
New Caledonia,NCL,2007,
New Caledonia,NCL,2008,
New Caledonia,NCL,2009,
New Caledonia,NCL,2010,
New Caledonia,NCL,2011,
New Caledonia,NCL,2012,
New Caledonia,NCL,2013,
New Caledonia,NCL,2014,
New Caledonia,NCL,2015,
New Caledonia,NCL,2016,
New Caledonia,NCL,2017,
New Caledonia,NCL,2018,
New Caledonia,NCL,2019,
New Caledonia,NCL,2020,
New Caledonia,NCL,2021,
New Caledonia,NCL,2022,
New Caledonia,NCL,2023,
New Caledonia,NCL,2024,
Niger,NER,1960,
Niger,NER,1961,
Niger,NER,1962,
Niger,NER,1963,
Niger,NER,1964,
Niger,NER,1965,
Niger,NER,1966,
Niger,NER,1967,
Niger,NER,1968,
Niger,NER,1969,
Niger,NER,1970,
Niger,NER,1971,
Niger,NER,1972,
Niger,NER,1973,
Niger,NER,1974,
Niger,NER,1975,
Niger,NER,1976,
Niger,NER,1977,
Niger,NER,1978,
Niger,NER,1979,
Niger,NER,1980,
Niger,NER,1981,
Niger,NER,1982,
Niger,NER,1983,
Niger,NER,1984,
Niger,NER,1985,
Niger,NER,1986,
Niger,NER,1987,
Niger,NER,1988,
Niger,NER,1989,
Niger,NER,1990,1420.23063248259
Niger,NER,1991,1370.83565180587
Niger,NER,1992,1355.33099264922
Niger,NER,1993,1317.38596790337
Niger,NER,1994,1299.34992459816
Niger,NER,1995,1287.93637668331
Niger,NER,1996,1246.83503070085
Niger,NER,1997,1224.5393437877
Niger,NER,1998,1301.84495065524
Niger,NER,1999,1255.05402413613
Niger,NER,2000,1197.63477205432
Niger,NER,2001,1240.385444402
Niger,NER,2002,1256.23701340852
Niger,NER,2003,1238.58780880353
Niger,NER,2004,1199.15937505794
Niger,NER,2005,1241.20064789059
Niger,NER,2006,1267.601412271
Niger,NER,2007,1260.18545165015
Niger,NER,2008,1308.2751730424
Niger,NER,2009,1285.27757373191
Niger,NER,2010,1344.4988701596
Niger,NER,2011,1325.92646987416
Niger,NER,2012,1411.52001409831
Niger,NER,2013,1431.71115490341
Niger,NER,2014,1471.50554729559
Niger,NER,2015,1480.39815168147
Niger,NER,2016,1488.08648074655
Niger,NER,2017,1515.48307317618
Niger,NER,2018,1565.01970005142
Niger,NER,2019,1605.19476569029
Niger,NER,2020,1622.27873602911
Niger,NER,2021,1587.84784907329
Niger,NER,2022,1724.89699425215
Niger,NER,2023,1712.97031726521
Niger,NER,2024,1795.65266888022
Nigeria,NGA,1960,
Nigeria,NGA,1961,
Nigeria,NGA,1962,
Nigeria,NGA,1963,
Nigeria,NGA,1964,
Nigeria,NGA,1965,
Nigeria,NGA,1966,
Nigeria,NGA,1967,
Nigeria,NGA,1968,
Nigeria,NGA,1969,
Nigeria,NGA,1970,
Nigeria,NGA,1971,
Nigeria,NGA,1972,
Nigeria,NGA,1973,
Nigeria,NGA,1974,
Nigeria,NGA,1975,
Nigeria,NGA,1976,
Nigeria,NGA,1977,
Nigeria,NGA,1978,
Nigeria,NGA,1979,
Nigeria,NGA,1980,
Nigeria,NGA,1981,
Nigeria,NGA,1982,
Nigeria,NGA,1983,
Nigeria,NGA,1984,
Nigeria,NGA,1985,
Nigeria,NGA,1986,
Nigeria,NGA,1987,
Nigeria,NGA,1988,
Nigeria,NGA,1989,
Nigeria,NGA,1990,5423.80689586993
Nigeria,NGA,1991,5301.3634227925
Nigeria,NGA,1992,5403.15311796788
Nigeria,NGA,1993,5154.7575789977
Nigeria,NGA,1994,4929.26827912601
Nigeria,NGA,1995,4797.5115213682
Nigeria,NGA,1996,4869.82113323478
Nigeria,NGA,1997,4884.0474326173
Nigeria,NGA,1998,4880.87997109799
Nigeria,NGA,1999,4781.67310983975
Nigeria,NGA,2000,4889.00321921229
Nigeria,NGA,2001,5039.54869754112
Nigeria,NGA,2002,5654.89706044216
Nigeria,NGA,2003,5905.31482781101
Nigeria,NGA,2004,6275.29894506434
Nigeria,NGA,2005,6496.93228175977
Nigeria,NGA,2006,6702.94533333874
Nigeria,NGA,2007,6949.42650711567
Nigeria,NGA,2008,7215.76946195762
Nigeria,NGA,2009,7581.40572089092
Nigeria,NGA,2010,7962.63957281031
Nigeria,NGA,2011,8153.53178650271
Nigeria,NGA,2012,8265.90551181051
Nigeria,NGA,2013,8581.20782264031
Nigeria,NGA,2014,8884.77428628672
Nigeria,NGA,2015,8892.05798673631
Nigeria,NGA,2016,8534.69281482375
Nigeria,NGA,2017,8396.78452243227
Nigeria,NGA,2018,8362.62330860296
Nigeria,NGA,2019,8361.78664836
Nigeria,NGA,2020,7664.21099575168
Nigeria,NGA,2021,7588.47885587002
Nigeria,NGA,2022,7752.26206495247
Nigeria,NGA,2023,7843.00399007675
Nigeria,NGA,2024,7994.03754470824
Nicaragua,NIC,1960,
Nicaragua,NIC,1961,
Nicaragua,NIC,1962,
Nicaragua,NIC,1963,
Nicaragua,NIC,1964,
Nicaragua,NIC,1965,
Nicaragua,NIC,1966,
Nicaragua,NIC,1967,
Nicaragua,NIC,1968,
Nicaragua,NIC,1969,
Nicaragua,NIC,1970,
Nicaragua,NIC,1971,
Nicaragua,NIC,1972,
Nicaragua,NIC,1973,
Nicaragua,NIC,1974,
Nicaragua,NIC,1975,
Nicaragua,NIC,1976,
Nicaragua,NIC,1977,
Nicaragua,NIC,1978,
Nicaragua,NIC,1979,
Nicaragua,NIC,1980,
Nicaragua,NIC,1981,
Nicaragua,NIC,1982,
Nicaragua,NIC,1983,
Nicaragua,NIC,1984,
Nicaragua,NIC,1985,
Nicaragua,NIC,1986,
Nicaragua,NIC,1987,
Nicaragua,NIC,1988,
Nicaragua,NIC,1989,
Nicaragua,NIC,1990,4217.60862404171
Nicaragua,NIC,1991,4113.68724441326
Nicaragua,NIC,1992,4037.27523925249
Nicaragua,NIC,1993,3934.09251375615
Nicaragua,NIC,1994,3979.9850907218
Nicaragua,NIC,1995,4130.28587120845
Nicaragua,NIC,1996,4311.49290177286
Nicaragua,NIC,1997,4408.32862712595
Nicaragua,NIC,1998,4502.59808761279
Nicaragua,NIC,1999,4750.94857427409
Nicaragua,NIC,2000,4878.2474679883
Nicaragua,NIC,2001,4958.32740448527
Nicaragua,NIC,2002,4935.48508468148
Nicaragua,NIC,2003,5000.61145616409
Nicaragua,NIC,2004,5204.38170601052
Nicaragua,NIC,2005,5356.95817825808
Nicaragua,NIC,2006,5500.40543544526
Nicaragua,NIC,2007,5697.2107429964
Nicaragua,NIC,2008,5809.09928522386
Nicaragua,NIC,2009,5538.36555049931
Nicaragua,NIC,2010,5701.12754906379
Nicaragua,NIC,2011,5976.25247519395
Nicaragua,NIC,2012,6275.78730248003
Nicaragua,NIC,2013,6494.14920922407
Nicaragua,NIC,2014,6712.21708286288
Nicaragua,NIC,2015,6939.03243274344
Nicaragua,NIC,2016,7158.75755467501
Nicaragua,NIC,2017,7391.19638215265
Nicaragua,NIC,2018,7049.02709828403
Nicaragua,NIC,2019,6756.59334024487
Nicaragua,NIC,2020,6523.36944661195
Nicaragua,NIC,2021,7119.16874782601
Nicaragua,NIC,2022,7277.82041652584
Nicaragua,NIC,2023,7496.53056557505
Nicaragua,NIC,2024,7661.09410113202
Netherlands,NLD,1960,
Netherlands,NLD,1961,
Netherlands,NLD,1962,
Netherlands,NLD,1963,
Netherlands,NLD,1964,
Netherlands,NLD,1965,
Netherlands,NLD,1966,
Netherlands,NLD,1967,
Netherlands,NLD,1968,
Netherlands,NLD,1969,
Netherlands,NLD,1970,
Netherlands,NLD,1971,
Netherlands,NLD,1972,
Netherlands,NLD,1973,
Netherlands,NLD,1974,
Netherlands,NLD,1975,
Netherlands,NLD,1976,
Netherlands,NLD,1977,
Netherlands,NLD,1978,
Netherlands,NLD,1979,
Netherlands,NLD,1980,
Netherlands,NLD,1981,
Netherlands,NLD,1982,
Netherlands,NLD,1983,
Netherlands,NLD,1984,
Netherlands,NLD,1985,
Netherlands,NLD,1986,
Netherlands,NLD,1987,
Netherlands,NLD,1988,
Netherlands,NLD,1989,
Netherlands,NLD,1990,43128.3071656086
Netherlands,NLD,1991,43833.4785051351
Netherlands,NLD,1992,44245.5198247957
Netherlands,NLD,1993,44490.7504466441
Netherlands,NLD,1994,45532.7986659915
Netherlands,NLD,1995,46720.2819318959
Netherlands,NLD,1996,48095.986838021
Netherlands,NLD,1997,49881.8947516083
Netherlands,NLD,1998,51879.3596710206
Netherlands,NLD,1999,54134.3514543153
Netherlands,NLD,2000,56016.8327946434
Netherlands,NLD,2001,56887.3976406444
Netherlands,NLD,2002,56664.4027354437
Netherlands,NLD,2003,56452.8695506734
Netherlands,NLD,2004,57391.3516342059
Netherlands,NLD,2005,58422.0304069674
Netherlands,NLD,2006,60391.5155033324
Netherlands,NLD,2007,62601.6612832425
Netherlands,NLD,2008,63678.4005491428
Netherlands,NLD,2009,61029.7329801783
Netherlands,NLD,2010,61518.5768954231
Netherlands,NLD,2011,62318.1391154389
Netherlands,NLD,2012,61480.8416416324
Netherlands,NLD,2013,61281.3125686741
Netherlands,NLD,2014,62045.849197561
Netherlands,NLD,2015,63081.4083495966
Netherlands,NLD,2016,64267.7476553623
Netherlands,NLD,2017,65665.9910229578
Netherlands,NLD,2018,66758.2454283317
Netherlands,NLD,2019,67847.8818461095
Netherlands,NLD,2020,64862.1890353474
Netherlands,NLD,2021,68573.5648786447
Netherlands,NLD,2022,71324.0360229425
Netherlands,NLD,2023,70198.9546022361
Netherlands,NLD,2024,70493.9051219267
Norway,NOR,1960,
Norway,NOR,1961,
Norway,NOR,1962,
Norway,NOR,1963,
Norway,NOR,1964,
Norway,NOR,1965,
Norway,NOR,1966,
Norway,NOR,1967,
Norway,NOR,1968,
Norway,NOR,1969,
Norway,NOR,1970,
Norway,NOR,1971,
Norway,NOR,1972,
Norway,NOR,1973,
Norway,NOR,1974,
Norway,NOR,1975,
Norway,NOR,1976,
Norway,NOR,1977,
Norway,NOR,1978,
Norway,NOR,1979,
Norway,NOR,1980,
Norway,NOR,1981,
Norway,NOR,1982,
Norway,NOR,1983,
Norway,NOR,1984,
Norway,NOR,1985,
Norway,NOR,1986,
Norway,NOR,1987,
Norway,NOR,1988,
Norway,NOR,1989,
Norway,NOR,1990,56608.2547514372
Norway,NOR,1991,57949.698676313
Norway,NOR,1992,59669.7590202519
Norway,NOR,1993,61019.8161031696
Norway,NOR,1994,63730.8964637618
Norway,NOR,1995,66033.8837831197
Norway,NOR,1996,68964.9756218258
Norway,NOR,1997,72084.8139194678
Norway,NOR,1998,73610.1896687065
Norway,NOR,1999,74703.5199133097
Norway,NOR,2000,76775.9420600924
Norway,NOR,2001,78041.0146260585
Norway,NOR,2002,78752.5931631095
Norway,NOR,2003,79150.3962863661
Norway,NOR,2004,82091.1935035949
Norway,NOR,2005,83955.3365007578
Norway,NOR,2006,85653.1367825864
Norway,NOR,2007,87670.8617980792
Norway,NOR,2008,87297.3980291813
Norway,NOR,2009,84812.6851277638
Norway,NOR,2010,84604.5143891947
Norway,NOR,2011,84670.8344398355
Norway,NOR,2012,85925.8723352057
Norway,NOR,2013,85973.7694976801
Norway,NOR,2014,86790.7924625691
Norway,NOR,2015,87688.1196708993
Norway,NOR,2016,88041.6414808956
Norway,NOR,2017,89664.9086415829
Norway,NOR,2018,90064.0687974358
Norway,NOR,2019,90772.9017041865
Norway,NOR,2020,89012.2723804504
Norway,NOR,2021,92205.7698636049
Norway,NOR,2022,95109.8201605729
Norway,NOR,2023,94364.9641754336
Norway,NOR,2024,94803.6704931641
Nepal,NPL,1960,
Nepal,NPL,1961,
Nepal,NPL,1962,
Nepal,NPL,1963,
Nepal,NPL,1964,
Nepal,NPL,1965,
Nepal,NPL,1966,
Nepal,NPL,1967,
Nepal,NPL,1968,
Nepal,NPL,1969,
Nepal,NPL,1970,
Nepal,NPL,1971,
Nepal,NPL,1972,
Nepal,NPL,1973,
Nepal,NPL,1974,
Nepal,NPL,1975,
Nepal,NPL,1976,
Nepal,NPL,1977,
Nepal,NPL,1978,
Nepal,NPL,1979,
Nepal,NPL,1980,
Nepal,NPL,1981,
Nepal,NPL,1982,
Nepal,NPL,1983,
Nepal,NPL,1984,
Nepal,NPL,1985,
Nepal,NPL,1986,
Nepal,NPL,1987,
Nepal,NPL,1988,
Nepal,NPL,1989,
Nepal,NPL,1990,1808.26490041654
Nepal,NPL,1991,1874.27513595212
Nepal,NPL,1992,1896.97166297747
Nepal,NPL,1993,1916.94352666156
Nepal,NPL,1994,2023.11519682155
Nepal,NPL,1995,2043.60517160069
Nepal,NPL,1996,2105.50832713857
Nepal,NPL,1997,2166.3126334505
Nepal,NPL,1998,2188.2220157023
Nepal,NPL,1999,2242.65011822095
Nepal,NPL,2000,2340.81563141298
Nepal,NPL,2001,2413.8142127556
Nepal,NPL,2002,2380.24424587571
Nepal,NPL,2003,2439.49479601556
Nepal,NPL,2004,2521.54105171428
Nepal,NPL,2005,2580.23106308364
Nepal,NPL,2006,2641.34799494749
Nepal,NPL,2007,2708.7143922589
Nepal,NPL,2008,2852.60983167965
Nepal,NPL,2009,2961.83900365912
Nepal,NPL,2010,3085.31407004502
Nepal,NPL,2011,3176.65040602417
Nepal,NPL,2012,3316.50073452021
Nepal,NPL,2013,3426.5579593796
Nepal,NPL,2014,3621.73168937112
Nepal,NPL,2015,3745.26182249477
Nepal,NPL,2016,3743.7445783578
Nepal,NPL,2017,4071.70431755798
Nepal,NPL,2018,4371.38571771897
Nepal,NPL,2019,4607.52454717112
Nepal,NPL,2020,4412.5420439395
Nepal,NPL,2021,4546.22970006289
Nepal,NPL,2022,4763.38751073946
Nepal,NPL,2023,4861.230303797
Nepal,NPL,2024,5047.42449022702
Naoero,NRU,1960,
Naoero,NRU,1961,
Naoero,NRU,1962,
Naoero,NRU,1963,
Naoero,NRU,1964,
Naoero,NRU,1965,
Naoero,NRU,1966,
Naoero,NRU,1967,
Naoero,NRU,1968,
Naoero,NRU,1969,
Naoero,NRU,1970,
Naoero,NRU,1971,
Naoero,NRU,1972,
Naoero,NRU,1973,
Naoero,NRU,1974,
Naoero,NRU,1975,
Naoero,NRU,1976,
Naoero,NRU,1977,
Naoero,NRU,1978,
Naoero,NRU,1979,
Naoero,NRU,1980,
Naoero,NRU,1981,
Naoero,NRU,1982,
Naoero,NRU,1983,
Naoero,NRU,1984,
Naoero,NRU,1985,
Naoero,NRU,1986,
Naoero,NRU,1987,
Naoero,NRU,1988,
Naoero,NRU,1989,
Naoero,NRU,1990,30127.2258767039
Naoero,NRU,1991,23840.0138998462
Naoero,NRU,1992,19622.902992555
Naoero,NRU,1993,16328.2267186109
Naoero,NRU,1994,15642.761261834
Naoero,NRU,1995,14363.6403386489
Naoero,NRU,1996,12637.7953328118
Naoero,NRU,1997,11490.4622972958
Naoero,NRU,1998,10134.9731859484
Naoero,NRU,1999,9479.51290136533
Naoero,NRU,2000,8846.08124781221
Naoero,NRU,2001,8278.92548134223
Naoero,NRU,2002,7488.89152702519
Naoero,NRU,2003,7527.37549326971
Naoero,NRU,2004,7201.87093721601
Naoero,NRU,2005,7209.75436644373
Naoero,NRU,2006,7830.71818547398
Naoero,NRU,2007,6110.38387689914
Naoero,NRU,2008,7340.51910638777
Naoero,NRU,2009,6927.86734285808
Naoero,NRU,2010,6909.24218919312
Naoero,NRU,2011,7882.14105570292
Naoero,NRU,2012,9640.80144364362
Naoero,NRU,2013,9799.7380290632
Naoero,NRU,2014,11114.3912279587
Naoero,NRU,2015,11271.9122695363
Naoero,NRU,2016,11531.3630078665
Naoero,NRU,2017,10633.2766406018
Naoero,NRU,2018,10402.6131019197
Naoero,NRU,2019,11184.5284927206
Naoero,NRU,2020,11306.0207729999
Naoero,NRU,2021,12113.787764494
Naoero,NRU,2022,12019.3492868791
Naoero,NRU,2023,11858.5184696436
Naoero,NRU,2024,11957.8785504229
New Zealand,NZL,1960,
New Zealand,NZL,1961,
New Zealand,NZL,1962,
New Zealand,NZL,1963,
New Zealand,NZL,1964,
New Zealand,NZL,1965,
New Zealand,NZL,1966,
New Zealand,NZL,1967,
New Zealand,NZL,1968,
New Zealand,NZL,1969,
New Zealand,NZL,1970,
New Zealand,NZL,1971,
New Zealand,NZL,1972,
New Zealand,NZL,1973,
New Zealand,NZL,1974,
New Zealand,NZL,1975,
New Zealand,NZL,1976,
New Zealand,NZL,1977,
New Zealand,NZL,1978,
New Zealand,NZL,1979,
New Zealand,NZL,1980,
New Zealand,NZL,1981,
New Zealand,NZL,1982,
New Zealand,NZL,1983,
New Zealand,NZL,1984,
New Zealand,NZL,1985,
New Zealand,NZL,1986,
New Zealand,NZL,1987,
New Zealand,NZL,1988,
New Zealand,NZL,1989,
New Zealand,NZL,1990,30785.701752556
New Zealand,NZL,1991,29014.1499420181
New Zealand,NZL,1992,29029.5811361611
New Zealand,NZL,1993,30532.5880166798
New Zealand,NZL,1994,31669.5406509196
New Zealand,NZL,1995,32687.4657703706
New Zealand,NZL,1996,33329.5301011769
New Zealand,NZL,1997,33577.7254994905
New Zealand,NZL,1998,33565.7312220905
New Zealand,NZL,1999,35187.2357200331
New Zealand,NZL,2000,35984.6288016116
New Zealand,NZL,2001,36995.0603198774
New Zealand,NZL,2002,38072.2713835052
New Zealand,NZL,2003,39092.3455202712
New Zealand,NZL,2004,40091.1399487332
New Zealand,NZL,2005,40970.295838255
New Zealand,NZL,2006,41596.8311289998
New Zealand,NZL,2007,42473.1182614499
New Zealand,NZL,2008,41682.2459069155
New Zealand,NZL,2009,41250.9985717425
New Zealand,NZL,2010,41395.370375582
New Zealand,NZL,2011,41961.9202263641
New Zealand,NZL,2012,42693.4234516571
New Zealand,NZL,2013,43453.2814172317
New Zealand,NZL,2014,44369.7664241859
New Zealand,NZL,2015,45097.016468387
New Zealand,NZL,2016,45746.135981069
New Zealand,NZL,2017,46285.9810980642
New Zealand,NZL,2018,46974.6818400482
New Zealand,NZL,2019,47392.1933135172
New Zealand,NZL,2020,46326.3804672976
New Zealand,NZL,2021,48202.0913368233
New Zealand,NZL,2022,49842.9845334162
New Zealand,NZL,2023,49592.5875512098
New Zealand,NZL,2024,48325.3650985684
OECD members,OED,1960,
OECD members,OED,1961,
OECD members,OED,1962,
OECD members,OED,1963,
OECD members,OED,1964,
OECD members,OED,1965,
OECD members,OED,1966,
OECD members,OED,1967,
OECD members,OED,1968,
OECD members,OED,1969,
OECD members,OED,1970,
OECD members,OED,1971,
OECD members,OED,1972,
OECD members,OED,1973,
OECD members,OED,1974,
OECD members,OED,1975,
OECD members,OED,1976,
OECD members,OED,1977,
OECD members,OED,1978,
OECD members,OED,1979,
OECD members,OED,1980,
OECD members,OED,1981,
OECD members,OED,1982,
OECD members,OED,1983,
OECD members,OED,1984,
OECD members,OED,1985,
OECD members,OED,1986,
OECD members,OED,1987,
OECD members,OED,1988,
OECD members,OED,1989,
OECD members,OED,1990,33168.2298311981
OECD members,OED,1991,33242.6352659394
OECD members,OED,1992,33616.3121971947
OECD members,OED,1993,33779.8396070497
OECD members,OED,1994,34580.6901712668
OECD members,OED,1995,35240.9990035223
OECD members,OED,1996,36072.5872423758
OECD members,OED,1997,37129.6562248437
OECD members,OED,1998,37920.9012868331
OECD members,OED,1999,38877.180707839
OECD members,OED,2000,40219.7068164739
OECD members,OED,2001,40475.8813871568
OECD members,OED,2002,40811.3471480594
OECD members,OED,2003,41333.2324314448
OECD members,OED,2004,42397.8667348579
OECD members,OED,2005,43314.4668519001
OECD members,OED,2006,44393.8812932118
OECD members,OED,2007,45303.2152816216
OECD members,OED,2008,45165.4822304847
OECD members,OED,2009,43274.1924719738
OECD members,OED,2010,44296.3842287079
OECD members,OED,2011,44960.672133865
OECD members,OED,2012,45281.102496489
OECD members,OED,2013,45741.9859886325
OECD members,OED,2014,46491.7899829914
OECD members,OED,2015,47398.5562028596
OECD members,OED,2016,47990.2203158456
OECD members,OED,2017,49000.2450341257
OECD members,OED,2018,49885.2296815603
OECD members,OED,2019,50499.1828634038
OECD members,OED,2020,48279.8578743016
OECD members,OED,2021,51208.8336430486
OECD members,OED,2022,52633.5158572918
OECD members,OED,2023,53203.8203533137
OECD members,OED,2024,53798.0599443819
Oman,OMN,1960,
Oman,OMN,1961,
Oman,OMN,1962,
Oman,OMN,1963,
Oman,OMN,1964,
Oman,OMN,1965,
Oman,OMN,1966,
Oman,OMN,1967,
Oman,OMN,1968,
Oman,OMN,1969,
Oman,OMN,1970,
Oman,OMN,1971,
Oman,OMN,1972,
Oman,OMN,1973,
Oman,OMN,1974,
Oman,OMN,1975,
Oman,OMN,1976,
Oman,OMN,1977,
Oman,OMN,1978,
Oman,OMN,1979,
Oman,OMN,1980,
Oman,OMN,1981,
Oman,OMN,1982,
Oman,OMN,1983,
Oman,OMN,1984,
Oman,OMN,1985,
Oman,OMN,1986,
Oman,OMN,1987,
Oman,OMN,1988,
Oman,OMN,1989,
Oman,OMN,1990,35201.5524871089
Oman,OMN,1991,35574.6761369599
Oman,OMN,1992,36841.4011555658
Oman,OMN,1993,37455.340258395
Oman,OMN,1994,37782.723828978
Oman,OMN,1995,38946.7742715175
Oman,OMN,1996,39455.8264119985
Oman,OMN,1997,41191.0312402444
Oman,OMN,1998,40574.674486189
Oman,OMN,1999,40145.9312841691
Oman,OMN,2000,42086.0431536301
Oman,OMN,2001,43492.2863754557
Oman,OMN,2002,42654.1482671623
Oman,OMN,2003,41247.5873733105
Oman,OMN,2004,41351.7687385072
Oman,OMN,2005,41551.1413844552
Oman,OMN,2006,42540.4398485334
Oman,OMN,2007,43696.9691440917
Oman,OMN,2008,46586.3955926767
Oman,OMN,2009,48304.1178923167
Oman,OMN,2010,48191.6145135737
Oman,OMN,2011,44440.3092616125
Oman,OMN,2012,41964.0828578552
Oman,OMN,2013,40854.4853548905
Oman,OMN,2014,39639.9870514802
Oman,OMN,2015,39813.7887054675
Oman,OMN,2016,39860.9893909688
Oman,OMN,2017,38691.1077105097
Oman,OMN,2018,38673.6045360857
Oman,OMN,2019,38292.3859682752
Oman,OMN,2020,37560.5998714953
Oman,OMN,2021,38719.4587682049
Oman,OMN,2022,39780.2122774985
Oman,OMN,2023,37793.6163957515
Oman,OMN,2024,36721.0804548374
Other small states,OSS,1960,
Other small states,OSS,1961,
Other small states,OSS,1962,
Other small states,OSS,1963,
Other small states,OSS,1964,
Other small states,OSS,1965,
Other small states,OSS,1966,
Other small states,OSS,1967,
Other small states,OSS,1968,
Other small states,OSS,1969,
Other small states,OSS,1970,
Other small states,OSS,1971,
Other small states,OSS,1972,
Other small states,OSS,1973,
Other small states,OSS,1974,
Other small states,OSS,1975,
Other small states,OSS,1976,
Other small states,OSS,1977,
Other small states,OSS,1978,
Other small states,OSS,1979,
Other small states,OSS,1980,
Other small states,OSS,1981,
Other small states,OSS,1982,
Other small states,OSS,1983,
Other small states,OSS,1984,
Other small states,OSS,1985,
Other small states,OSS,1986,
Other small states,OSS,1987,
Other small states,OSS,1988,
Other small states,OSS,1989,
Other small states,OSS,1990,14423.3468603592
Other small states,OSS,1991,14091.5376279518
Other small states,OSS,1992,13520.1132843319
Other small states,OSS,1993,13497.7360767486
Other small states,OSS,1994,13728.8105704333
Other small states,OSS,1995,14229.3530959369
Other small states,OSS,1996,14515.944591082
Other small states,OSS,1997,15253.3468311571
Other small states,OSS,1998,15436.1925254732
Other small states,OSS,1999,15713.3051451393
Other small states,OSS,2000,16811.3428576562
Other small states,OSS,2001,17039.3162165268
Other small states,OSS,2002,17362.7308684968
Other small states,OSS,2003,17897.0165687635
Other small states,OSS,2004,18438.7138473718
Other small states,OSS,2005,19025.7152123296
Other small states,OSS,2006,19972.170220709
Other small states,OSS,2007,20725.0165004664
Other small states,OSS,2008,20642.7124569961
Other small states,OSS,2009,19493.3000281391
Other small states,OSS,2010,19867.3807612748
Other small states,OSS,2011,20400.5925129711
Other small states,OSS,2012,20484.2211190429
Other small states,OSS,2013,20455.8345932464
Other small states,OSS,2014,20672.6945499764
Other small states,OSS,2015,21083.6921175309
Other small states,OSS,2016,21627.6861621069
Other small states,OSS,2017,22394.7899889508
Other small states,OSS,2018,23016.1225593731
Other small states,OSS,2019,23776.9773929696
Other small states,OSS,2020,22204.358146968
Other small states,OSS,2021,23632.4052569572
Other small states,OSS,2022,24168.7876712146
Other small states,OSS,2023,24612.8870286862
Other small states,OSS,2024,25138.8563350085
Pakistan,PAK,1960,
Pakistan,PAK,1961,
Pakistan,PAK,1962,
Pakistan,PAK,1963,
Pakistan,PAK,1964,
Pakistan,PAK,1965,
Pakistan,PAK,1966,
Pakistan,PAK,1967,
Pakistan,PAK,1968,
Pakistan,PAK,1969,
Pakistan,PAK,1970,
Pakistan,PAK,1971,
Pakistan,PAK,1972,
Pakistan,PAK,1973,
Pakistan,PAK,1974,
Pakistan,PAK,1975,
Pakistan,PAK,1976,
Pakistan,PAK,1977,
Pakistan,PAK,1978,
Pakistan,PAK,1979,
Pakistan,PAK,1980,
Pakistan,PAK,1981,
Pakistan,PAK,1982,
Pakistan,PAK,1983,
Pakistan,PAK,1984,
Pakistan,PAK,1985,
Pakistan,PAK,1986,
Pakistan,PAK,1987,
Pakistan,PAK,1988,
Pakistan,PAK,1989,
Pakistan,PAK,1990,3199.72962609833
Pakistan,PAK,1991,3252.35104026309
Pakistan,PAK,1992,3404.12138406329
Pakistan,PAK,1993,3369.23795906028
Pakistan,PAK,1994,3395.50432067539
Pakistan,PAK,1995,3462.47336165841
Pakistan,PAK,1996,3526.14160875155
Pakistan,PAK,1997,3462.58145605889
Pakistan,PAK,1998,3454.17665330544
Pakistan,PAK,1999,3484.45678319813
Pakistan,PAK,2000,3531.71291531612
Pakistan,PAK,2001,3559.72784658715
Pakistan,PAK,2002,3563.67846926558
Pakistan,PAK,2003,3668.77938852508
Pakistan,PAK,2004,3859.64601808903
Pakistan,PAK,2005,4042.15457513378
Pakistan,PAK,2006,4185.86655659206
Pakistan,PAK,2007,4257.92556870432
Pakistan,PAK,2008,4233.34830715497
Pakistan,PAK,2009,4270.43882264229
Pakistan,PAK,2010,4228.7817715945
Pakistan,PAK,2011,4246.06710882497
Pakistan,PAK,2012,4292.02110293486
Pakistan,PAK,2013,4407.14705841377
Pakistan,PAK,2014,4520.23463399286
Pakistan,PAK,2015,4645.28631071145
Pakistan,PAK,2016,4886.61212115378
Pakistan,PAK,2017,5031.56060738433
Pakistan,PAK,2018,5255.06350681272
Pakistan,PAK,2019,5295.95295138203
Pakistan,PAK,2020,5135.01459288839
Pakistan,PAK,2021,5367.27364714762
Pakistan,PAK,2022,5526.27928310213
Pakistan,PAK,2023,5418.7693189297
Pakistan,PAK,2024,5502.0736120186
Panama,PAN,1960,
Panama,PAN,1961,
Panama,PAN,1962,
Panama,PAN,1963,
Panama,PAN,1964,
Panama,PAN,1965,
Panama,PAN,1966,
Panama,PAN,1967,
Panama,PAN,1968,
Panama,PAN,1969,
Panama,PAN,1970,
Panama,PAN,1971,
Panama,PAN,1972,
Panama,PAN,1973,
Panama,PAN,1974,
Panama,PAN,1975,
Panama,PAN,1976,
Panama,PAN,1977,
Panama,PAN,1978,
Panama,PAN,1979,
Panama,PAN,1980,
Panama,PAN,1981,
Panama,PAN,1982,
Panama,PAN,1983,
Panama,PAN,1984,
Panama,PAN,1985,
Panama,PAN,1986,
Panama,PAN,1987,
Panama,PAN,1988,
Panama,PAN,1989,
Panama,PAN,1990,10263.6928426466
Panama,PAN,1991,10994.5538811637
Panama,PAN,1992,11649.8002384174
Panama,PAN,1993,12032.8122579156
Panama,PAN,1994,12123.3539257861
Panama,PAN,1995,12086.6481153656
Panama,PAN,1996,12327.8562890077
Panama,PAN,1997,13013.8959932208
Panama,PAN,1998,13826.5376778781
Panama,PAN,1999,14261.7464595428
Panama,PAN,2000,14572.9808700068
Panama,PAN,2001,14427.8355424862
Panama,PAN,2002,14507.1494232714
Panama,PAN,2003,14957.5590503323
Panama,PAN,2004,15875.1188201453
Panama,PAN,2005,16867.9674513124
Panama,PAN,2006,18190.281154717
Panama,PAN,2007,20208.8293911964
Panama,PAN,2008,21867.8272186787
Panama,PAN,2009,21822.996136155
Panama,PAN,2010,22739.1194141341
Panama,PAN,2011,24999.4702655482
Panama,PAN,2012,26926.8956928065
Panama,PAN,2013,28135.3387835383
Panama,PAN,2014,28931.8156401199
Panama,PAN,2015,29933.1671530011
Panama,PAN,2016,30765.2490653506
Panama,PAN,2017,31979.8246437748
Panama,PAN,2018,32681.4729886331
Panama,PAN,2019,33163.7172814857
Panama,PAN,2020,26881.8277221689
Panama,PAN,2021,30932.7627780514
Panama,PAN,2022,33915.1693306309
Panama,PAN,2023,35872.9719200069
Panama,PAN,2024,36394.9235366316
Peru,PER,1960,
Peru,PER,1961,
Peru,PER,1962,
Peru,PER,1963,
Peru,PER,1964,
Peru,PER,1965,
Peru,PER,1966,
Peru,PER,1967,
Peru,PER,1968,
Peru,PER,1969,
Peru,PER,1970,
Peru,PER,1971,
Peru,PER,1972,
Peru,PER,1973,
Peru,PER,1974,
Peru,PER,1975,
Peru,PER,1976,
Peru,PER,1977,
Peru,PER,1978,
Peru,PER,1979,
Peru,PER,1980,
Peru,PER,1981,
Peru,PER,1982,
Peru,PER,1983,
Peru,PER,1984,
Peru,PER,1985,
Peru,PER,1986,
Peru,PER,1987,
Peru,PER,1988,
Peru,PER,1989,
Peru,PER,1990,6316.2269138715
Peru,PER,1991,6321.7220102527
Peru,PER,1992,6160.80456813974
Peru,PER,1993,6354.40466195469
Peru,PER,1994,6996.76185617847
Peru,PER,1995,7371.04799020402
Peru,PER,1996,7436.18931908276
Peru,PER,1997,7772.77834225556
Peru,PER,1998,7602.78356076635
Peru,PER,1999,7584.30465257181
Peru,PER,2000,7668.06078201131
Peru,PER,2001,7610.63949294843
Peru,PER,2002,7930.50980631714
Peru,PER,2003,8173.27672987692
Peru,PER,2004,8494.84031217202
Peru,PER,2005,8948.74710742664
Peru,PER,2006,9546.62529545456
Peru,PER,2007,10284.9672238506
Peru,PER,2008,11150.0262166889
Peru,PER,2009,11202.8654418496
Peru,PER,2010,12057.3912963716
Peru,PER,2011,12724.8832049429
Peru,PER,2012,13393.5923851679
Peru,PER,2013,14050.2420319137
Peru,PER,2014,14242.6444760801
Peru,PER,2015,14540.8313160635
Peru,PER,2016,14915.4366324454
Peru,PER,2017,15067.489279382
Peru,PER,2018,15384.1846082423
Peru,PER,2019,15461.4572585466
Peru,PER,2020,13607.7640705828
Peru,PER,2021,15285.7706852395
Peru,PER,2022,15566.5242612563
Peru,PER,2023,15342.2741359642
Peru,PER,2024,15708.8329440963
Philippines,PHL,1960,
Philippines,PHL,1961,
Philippines,PHL,1962,
Philippines,PHL,1963,
Philippines,PHL,1964,
Philippines,PHL,1965,
Philippines,PHL,1966,
Philippines,PHL,1967,
Philippines,PHL,1968,
Philippines,PHL,1969,
Philippines,PHL,1970,
Philippines,PHL,1971,
Philippines,PHL,1972,
Philippines,PHL,1973,
Philippines,PHL,1974,
Philippines,PHL,1975,
Philippines,PHL,1976,
Philippines,PHL,1977,
Philippines,PHL,1978,
Philippines,PHL,1979,
Philippines,PHL,1980,
Philippines,PHL,1981,
Philippines,PHL,1982,
Philippines,PHL,1983,
Philippines,PHL,1984,
Philippines,PHL,1985,
Philippines,PHL,1986,
Philippines,PHL,1987,
Philippines,PHL,1988,
Philippines,PHL,1989,
Philippines,PHL,1990,4504.46230383567
Philippines,PHL,1991,4378.39532090518
Philippines,PHL,1992,4293.71810131081
Philippines,PHL,1993,4283.15967786629
Philippines,PHL,1994,4374.06721651165
Philippines,PHL,1995,4477.32317711022
Philippines,PHL,1996,4631.77197705972
Philippines,PHL,1997,4758.70845808515
Philippines,PHL,1998,4616.67292900617
Philippines,PHL,1999,4650.75926947589
Philippines,PHL,2000,4740.43891694569
Philippines,PHL,2001,4778.4008437474
Philippines,PHL,2002,4856.49948429567
Philippines,PHL,2003,5003.38317718716
Philippines,PHL,2004,5229.45080700165
Philippines,PHL,2005,5386.81653712891
Philippines,PHL,2006,5578.57225112139
Philippines,PHL,2007,5840.06810169965
Philippines,PHL,2008,5987.03757861835
Philippines,PHL,2009,5965.30730902221
Philippines,PHL,2010,6273.03927731515
Philippines,PHL,2011,6388.31296959977
Philippines,PHL,2012,6697.55620962768
Philippines,PHL,2013,7016.53846470436
Philippines,PHL,2014,7340.361585912
Philippines,PHL,2015,7691.76308685047
Philippines,PHL,2016,8131.82537948653
Philippines,PHL,2017,8584.13622709699
Philippines,PHL,2018,9016.28659637608
Philippines,PHL,2019,9452.2939715981
Philippines,PHL,2020,8455.18457134106
Philippines,PHL,2021,8857.78995115514
Philippines,PHL,2022,9457.10395402883
Philippines,PHL,2023,9898.53294588106
Philippines,PHL,2024,10378.1717703535
Palau,PLW,1960,
Palau,PLW,1961,
Palau,PLW,1962,
Palau,PLW,1963,
Palau,PLW,1964,
Palau,PLW,1965,
Palau,PLW,1966,
Palau,PLW,1967,
Palau,PLW,1968,
Palau,PLW,1969,
Palau,PLW,1970,
Palau,PLW,1971,
Palau,PLW,1972,
Palau,PLW,1973,
Palau,PLW,1974,
Palau,PLW,1975,
Palau,PLW,1976,
Palau,PLW,1977,
Palau,PLW,1978,
Palau,PLW,1979,
Palau,PLW,1980,
Palau,PLW,1981,
Palau,PLW,1982,
Palau,PLW,1983,
Palau,PLW,1984,
Palau,PLW,1985,
Palau,PLW,1986,
Palau,PLW,1987,
Palau,PLW,1988,
Palau,PLW,1989,
Palau,PLW,1990,17807.5300818664
Palau,PLW,1991,18256.2992047553
Palau,PLW,1992,16687.1163206872
Palau,PLW,1993,14292.2383036506
Palau,PLW,1994,14971.6205907545
Palau,PLW,1995,16193.1449208057
Palau,PLW,1996,17412.4278443017
Palau,PLW,1997,17366.3122783479
Palau,PLW,1998,17315.8341787596
Palau,PLW,1999,16054.0503540764
Palau,PLW,2000,15410.1740281683
Palau,PLW,2001,16393.4521014909
Palau,PLW,2002,17033.490272996
Palau,PLW,2003,16538.7688424505
Palau,PLW,2004,16974.0682933412
Palau,PLW,2005,17464.6208167636
Palau,PLW,2006,17706.3673621904
Palau,PLW,2007,18096.7989531775
Palau,PLW,2008,17355.2423019079
Palau,PLW,2009,16541.1206311875
Palau,PLW,2010,16313.4287679398
Palau,PLW,2011,17354.9336767951
Palau,PLW,2012,18024.7540996872
Palau,PLW,2013,17891.3784371353
Palau,PLW,2014,18574.7889489655
Palau,PLW,2015,20104.2315379069
Palau,PLW,2016,20408.2613269723
Palau,PLW,2017,19693.4082379382
Palau,PLW,2018,19608.9617027822
Palau,PLW,2019,19685.6037989273
Palau,PLW,2020,18509.2491855913
Palau,PLW,2021,16312.190220013
Palau,PLW,2022,16258.6271292912
Palau,PLW,2023,16487.15375427
Palau,PLW,2024,18499.9921921281
Papua New Guinea,PNG,1960,
Papua New Guinea,PNG,1961,
Papua New Guinea,PNG,1962,
Papua New Guinea,PNG,1963,
Papua New Guinea,PNG,1964,
Papua New Guinea,PNG,1965,
Papua New Guinea,PNG,1966,
Papua New Guinea,PNG,1967,
Papua New Guinea,PNG,1968,
Papua New Guinea,PNG,1969,
Papua New Guinea,PNG,1970,
Papua New Guinea,PNG,1971,
Papua New Guinea,PNG,1972,
Papua New Guinea,PNG,1973,
Papua New Guinea,PNG,1974,
Papua New Guinea,PNG,1975,
Papua New Guinea,PNG,1976,
Papua New Guinea,PNG,1977,
Papua New Guinea,PNG,1978,
Papua New Guinea,PNG,1979,
Papua New Guinea,PNG,1980,
Papua New Guinea,PNG,1981,
Papua New Guinea,PNG,1982,
Papua New Guinea,PNG,1983,
Papua New Guinea,PNG,1984,
Papua New Guinea,PNG,1985,
Papua New Guinea,PNG,1986,
Papua New Guinea,PNG,1987,
Papua New Guinea,PNG,1988,
Papua New Guinea,PNG,1989,
Papua New Guinea,PNG,1990,3164.55429204087
Papua New Guinea,PNG,1991,3358.61893269232
Papua New Guinea,PNG,1992,3690.81786572429
Papua New Guinea,PNG,1993,4206.96808195882
Papua New Guinea,PNG,1994,4298.44184540518
Papua New Guinea,PNG,1995,4009.23567052359
Papua New Guinea,PNG,1996,4167.57013807001
Papua New Guinea,PNG,1997,3864.72542324923
Papua New Guinea,PNG,1998,3590.56011797751
Papua New Guinea,PNG,1999,3532.1120397137
Papua New Guinea,PNG,2000,3327.22485837041
Papua New Guinea,PNG,2001,3212.17084845522
Papua New Guinea,PNG,2002,3101.1924006365
Papua New Guinea,PNG,2003,3064.83667344612
Papua New Guinea,PNG,2004,3046.72321896172
Papua New Guinea,PNG,2005,3136.98756942536
Papua New Guinea,PNG,2006,3202.89763507367
Papua New Guinea,PNG,2007,3346.27900337124
Papua New Guinea,PNG,2008,3234.33247673
Papua New Guinea,PNG,2009,3350.07263964739
Papua New Guinea,PNG,2010,3579.63000710983
Papua New Guinea,PNG,2011,3515.28312517363
Papua New Guinea,PNG,2012,3577.91014722774
Papua New Guinea,PNG,2013,3615.74646029074
Papua New Guinea,PNG,2014,3999.13038811865
Papua New Guinea,PNG,2015,4155.05563962107
Papua New Guinea,PNG,2016,4276.29643263164
Papua New Guinea,PNG,2017,4322.77662200998
Papua New Guinea,PNG,2018,4211.68504310327
Papua New Guinea,PNG,2019,4302.16255230002
Papua New Guinea,PNG,2020,4078.15378358566
Papua New Guinea,PNG,2021,3977.44297360749
Papua New Guinea,PNG,2022,4126.03032145403
Papua New Guinea,PNG,2023,4206.37834691367
Papua New Guinea,PNG,2024,4292.71205430013
Poland,POL,1960,
Poland,POL,1961,
Poland,POL,1962,
Poland,POL,1963,
Poland,POL,1964,
Poland,POL,1965,
Poland,POL,1966,
Poland,POL,1967,
Poland,POL,1968,
Poland,POL,1969,
Poland,POL,1970,
Poland,POL,1971,
Poland,POL,1972,
Poland,POL,1973,
Poland,POL,1974,
Poland,POL,1975,
Poland,POL,1976,
Poland,POL,1977,
Poland,POL,1978,
Poland,POL,1979,
Poland,POL,1980,
Poland,POL,1981,
Poland,POL,1982,
Poland,POL,1983,
Poland,POL,1984,
Poland,POL,1985,
Poland,POL,1986,
Poland,POL,1987,
Poland,POL,1988,
Poland,POL,1989,
Poland,POL,1990,12821.4636316574
Poland,POL,1991,11879.7539252619
Poland,POL,1992,12141.2351323725
Poland,POL,1993,12563.1045363124
Poland,POL,1994,13200.1614164951
Poland,POL,1995,14227.5663687798
Poland,POL,1996,15083.09812162
Poland,POL,1997,16031.7211485265
Poland,POL,1998,16766.6492883267
Poland,POL,1999,17556.0026927987
Poland,POL,2000,18566.3546288772
Poland,POL,2001,18800.6018648402
Poland,POL,2002,19166.9137058143
Poland,POL,2003,19855.6317989181
Poland,POL,2004,20878.6545002534
Poland,POL,2005,21568.9476594356
Poland,POL,2006,22921.1975887696
Poland,POL,2007,24484.0656663756
Poland,POL,2008,25553.9058406534
Poland,POL,2009,26204.410367111
Poland,POL,2010,27112.1333797381
Poland,POL,2011,28521.6612623568
Poland,POL,2012,28952.9157305301
Poland,POL,2013,29168.624211075
Poland,POL,2014,30334.8786569618
Poland,POL,2015,31700.3682364154
Poland,POL,2016,32675.3052259954
Poland,POL,2017,34354.5987616319
Poland,POL,2018,36500.4114282584
Poland,POL,2019,38181.6230334689
Poland,POL,2020,37852.8021313639
Poland,POL,2021,41059.5847829682
Poland,POL,2022,43405.0215797441
Poland,POL,2023,43672.7668014946
Poland,POL,2024,45153.0439773281
Pre-demographic dividend,PRE,1960,
Pre-demographic dividend,PRE,1961,
Pre-demographic dividend,PRE,1962,
Pre-demographic dividend,PRE,1963,
Pre-demographic dividend,PRE,1964,
Pre-demographic dividend,PRE,1965,
Pre-demographic dividend,PRE,1966,
Pre-demographic dividend,PRE,1967,
Pre-demographic dividend,PRE,1968,
Pre-demographic dividend,PRE,1969,
Pre-demographic dividend,PRE,1970,
Pre-demographic dividend,PRE,1971,
Pre-demographic dividend,PRE,1972,
Pre-demographic dividend,PRE,1973,
Pre-demographic dividend,PRE,1974,
Pre-demographic dividend,PRE,1975,
Pre-demographic dividend,PRE,1976,
Pre-demographic dividend,PRE,1977,
Pre-demographic dividend,PRE,1978,
Pre-demographic dividend,PRE,1979,
Pre-demographic dividend,PRE,1980,
Pre-demographic dividend,PRE,1981,
Pre-demographic dividend,PRE,1982,
Pre-demographic dividend,PRE,1983,
Pre-demographic dividend,PRE,1984,
Pre-demographic dividend,PRE,1985,
Pre-demographic dividend,PRE,1986,
Pre-demographic dividend,PRE,1987,
Pre-demographic dividend,PRE,1988,
Pre-demographic dividend,PRE,1989,
Pre-demographic dividend,PRE,1990,3606.54398991268
Pre-demographic dividend,PRE,1991,3248.59839417835
Pre-demographic dividend,PRE,1992,3233.3324028651
Pre-demographic dividend,PRE,1993,3110.53977591151
Pre-demographic dividend,PRE,1994,3007.41310613781
Pre-demographic dividend,PRE,1995,3002.29249935504
Pre-demographic dividend,PRE,1996,3085.46952197498
Pre-demographic dividend,PRE,1997,3188.36652614713
Pre-demographic dividend,PRE,1998,3308.60839607551
Pre-demographic dividend,PRE,1999,3345.85404324636
Pre-demographic dividend,PRE,2000,3431.99058523226
Pre-demographic dividend,PRE,2001,3480.90890614231
Pre-demographic dividend,PRE,2002,3596.88399002625
Pre-demographic dividend,PRE,2003,3488.33290730793
Pre-demographic dividend,PRE,2004,3785.58312127129
Pre-demographic dividend,PRE,2005,3897.99424559981
Pre-demographic dividend,PRE,2006,4024.27616541647
Pre-demographic dividend,PRE,2007,4156.31275431464
Pre-demographic dividend,PRE,2008,4296.51657824143
Pre-demographic dividend,PRE,2009,4380.77455783827
Pre-demographic dividend,PRE,2010,4542.96699291196
Pre-demographic dividend,PRE,2011,4601.80263323492
Pre-demographic dividend,PRE,2012,4699.8157799984
Pre-demographic dividend,PRE,2013,4836.16367046518
Pre-demographic dividend,PRE,2014,4943.93909593226
Pre-demographic dividend,PRE,2015,4955.04368705216
Pre-demographic dividend,PRE,2016,4937.98687866513
Pre-demographic dividend,PRE,2017,4883.51888202169
Pre-demographic dividend,PRE,2018,4877.52526198822
Pre-demographic dividend,PRE,2019,4894.86910665179
Pre-demographic dividend,PRE,2020,4560.44774666763
Pre-demographic dividend,PRE,2021,4534.67817255594
Pre-demographic dividend,PRE,2022,4622.84662154362
Pre-demographic dividend,PRE,2023,4616.90450089091
Pre-demographic dividend,PRE,2024,4654.29644706482
Puerto Rico (US),PRI,1960,
Puerto Rico (US),PRI,1961,
Puerto Rico (US),PRI,1962,
Puerto Rico (US),PRI,1963,
Puerto Rico (US),PRI,1964,
Puerto Rico (US),PRI,1965,
Puerto Rico (US),PRI,1966,
Puerto Rico (US),PRI,1967,
Puerto Rico (US),PRI,1968,
Puerto Rico (US),PRI,1969,
Puerto Rico (US),PRI,1970,
Puerto Rico (US),PRI,1971,
Puerto Rico (US),PRI,1972,
Puerto Rico (US),PRI,1973,
Puerto Rico (US),PRI,1974,
Puerto Rico (US),PRI,1975,
Puerto Rico (US),PRI,1976,
Puerto Rico (US),PRI,1977,
Puerto Rico (US),PRI,1978,
Puerto Rico (US),PRI,1979,
Puerto Rico (US),PRI,1980,
Puerto Rico (US),PRI,1981,
Puerto Rico (US),PRI,1982,
Puerto Rico (US),PRI,1983,
Puerto Rico (US),PRI,1984,
Puerto Rico (US),PRI,1985,
Puerto Rico (US),PRI,1986,
Puerto Rico (US),PRI,1987,
Puerto Rico (US),PRI,1988,
Puerto Rico (US),PRI,1989,
Puerto Rico (US),PRI,1990,26738.8144405273
Puerto Rico (US),PRI,1991,27162.1507880615
Puerto Rico (US),PRI,1992,28219.1160498293
Puerto Rico (US),PRI,1993,29282.1121792431
Puerto Rico (US),PRI,1994,30225.7807602628
Puerto Rico (US),PRI,1995,31310.1801642693
Puerto Rico (US),PRI,1996,31677.2302541644
Puerto Rico (US),PRI,1997,32915.7905705568
Puerto Rico (US),PRI,1998,34537.1851859472
Puerto Rico (US),PRI,1999,36216.8380896225
Puerto Rico (US),PRI,2000,37298.5450447133
Puerto Rico (US),PRI,2001,39568.5528383032
Puerto Rico (US),PRI,2002,39879.7295566967
Puerto Rico (US),PRI,2003,39876.0670237773
Puerto Rico (US),PRI,2004,43355.8226365269
Puerto Rico (US),PRI,2005,42555.7081189669
Puerto Rico (US),PRI,2006,42133.9682748773
Puerto Rico (US),PRI,2007,41888.6232716478
Puerto Rico (US),PRI,2008,41358.0689136668
Puerto Rico (US),PRI,2009,40772.3514249612
Puerto Rico (US),PRI,2010,40777.6892825687
Puerto Rico (US),PRI,2011,40972.5364074959
Puerto Rico (US),PRI,2012,41347.4542013586
Puerto Rico (US),PRI,2013,41556.7852350074
Puerto Rico (US),PRI,2014,41593.6798280708
Puerto Rico (US),PRI,2015,41737.6068571153
Puerto Rico (US),PRI,2016,41858.2626698462
Puerto Rico (US),PRI,2017,41479.9977732034
Puerto Rico (US),PRI,2018,41119.3088051648
Puerto Rico (US),PRI,2019,41656.3291581369
Puerto Rico (US),PRI,2020,40171.3744461738
Puerto Rico (US),PRI,2021,40559.226188957
Puerto Rico (US),PRI,2022,42310.8139725719
Puerto Rico (US),PRI,2023,42837.872737145
Puerto Rico (US),PRI,2024,44216.4333367133
"Korea, Dem. People's Rep.",PRK,1960,
"Korea, Dem. People's Rep.",PRK,1961,
"Korea, Dem. People's Rep.",PRK,1962,
"Korea, Dem. People's Rep.",PRK,1963,
"Korea, Dem. People's Rep.",PRK,1964,
"Korea, Dem. People's Rep.",PRK,1965,
"Korea, Dem. People's Rep.",PRK,1966,
"Korea, Dem. People's Rep.",PRK,1967,
"Korea, Dem. People's Rep.",PRK,1968,
"Korea, Dem. People's Rep.",PRK,1969,
"Korea, Dem. People's Rep.",PRK,1970,
"Korea, Dem. People's Rep.",PRK,1971,
"Korea, Dem. People's Rep.",PRK,1972,
"Korea, Dem. People's Rep.",PRK,1973,
"Korea, Dem. People's Rep.",PRK,1974,
"Korea, Dem. People's Rep.",PRK,1975,
"Korea, Dem. People's Rep.",PRK,1976,
"Korea, Dem. People's Rep.",PRK,1977,
"Korea, Dem. People's Rep.",PRK,1978,
"Korea, Dem. People's Rep.",PRK,1979,
"Korea, Dem. People's Rep.",PRK,1980,
"Korea, Dem. People's Rep.",PRK,1981,
"Korea, Dem. People's Rep.",PRK,1982,
"Korea, Dem. People's Rep.",PRK,1983,
"Korea, Dem. People's Rep.",PRK,1984,
"Korea, Dem. People's Rep.",PRK,1985,
"Korea, Dem. People's Rep.",PRK,1986,
"Korea, Dem. People's Rep.",PRK,1987,
"Korea, Dem. People's Rep.",PRK,1988,
"Korea, Dem. People's Rep.",PRK,1989,
"Korea, Dem. People's Rep.",PRK,1990,
"Korea, Dem. People's Rep.",PRK,1991,
"Korea, Dem. People's Rep.",PRK,1992,
"Korea, Dem. People's Rep.",PRK,1993,
"Korea, Dem. People's Rep.",PRK,1994,
"Korea, Dem. People's Rep.",PRK,1995,
"Korea, Dem. People's Rep.",PRK,1996,
"Korea, Dem. People's Rep.",PRK,1997,
"Korea, Dem. People's Rep.",PRK,1998,
"Korea, Dem. People's Rep.",PRK,1999,
"Korea, Dem. People's Rep.",PRK,2000,
"Korea, Dem. People's Rep.",PRK,2001,
"Korea, Dem. People's Rep.",PRK,2002,
"Korea, Dem. People's Rep.",PRK,2003,
"Korea, Dem. People's Rep.",PRK,2004,
"Korea, Dem. People's Rep.",PRK,2005,
"Korea, Dem. People's Rep.",PRK,2006,
"Korea, Dem. People's Rep.",PRK,2007,
"Korea, Dem. People's Rep.",PRK,2008,
"Korea, Dem. People's Rep.",PRK,2009,
"Korea, Dem. People's Rep.",PRK,2010,
"Korea, Dem. People's Rep.",PRK,2011,
"Korea, Dem. People's Rep.",PRK,2012,
"Korea, Dem. People's Rep.",PRK,2013,
"Korea, Dem. People's Rep.",PRK,2014,
"Korea, Dem. People's Rep.",PRK,2015,
"Korea, Dem. People's Rep.",PRK,2016,
"Korea, Dem. People's Rep.",PRK,2017,
"Korea, Dem. People's Rep.",PRK,2018,
"Korea, Dem. People's Rep.",PRK,2019,
"Korea, Dem. People's Rep.",PRK,2020,
"Korea, Dem. People's Rep.",PRK,2021,
"Korea, Dem. People's Rep.",PRK,2022,
"Korea, Dem. People's Rep.",PRK,2023,
"Korea, Dem. People's Rep.",PRK,2024,
Portugal,PRT,1960,
Portugal,PRT,1961,
Portugal,PRT,1962,
Portugal,PRT,1963,
Portugal,PRT,1964,
Portugal,PRT,1965,
Portugal,PRT,1966,
Portugal,PRT,1967,
Portugal,PRT,1968,
Portugal,PRT,1969,
Portugal,PRT,1970,
Portugal,PRT,1971,
Portugal,PRT,1972,
Portugal,PRT,1973,
Portugal,PRT,1974,
Portugal,PRT,1975,
Portugal,PRT,1976,
Portugal,PRT,1977,
Portugal,PRT,1978,
Portugal,PRT,1979,
Portugal,PRT,1980,
Portugal,PRT,1981,
Portugal,PRT,1982,
Portugal,PRT,1983,
Portugal,PRT,1984,
Portugal,PRT,1985,
Portugal,PRT,1986,
Portugal,PRT,1987,
Portugal,PRT,1988,
Portugal,PRT,1989,
Portugal,PRT,1990,27190.5720267046
Portugal,PRT,1991,28443.7945360375
Portugal,PRT,1992,28776.0475772622
Portugal,PRT,1993,28153.6155177218
Portugal,PRT,1994,28348.8658386375
Portugal,PRT,1995,29460.8141864854
Portugal,PRT,1996,30378.7557756391
Portugal,PRT,1997,31574.4021979124
Portugal,PRT,1998,32925.6638725861
Portugal,PRT,1999,34018.9637066508
Portugal,PRT,2000,35069.8275705133
Portugal,PRT,2001,35500.2266804093
Portugal,PRT,2002,35578.5200309
Portugal,PRT,2003,35115.379514413
Portugal,PRT,2004,35658.1298257507
Portugal,PRT,2005,35870.3092741502
Portugal,PRT,2006,36387.5367379523
Portugal,PRT,2007,37226.4702626704
Portugal,PRT,2008,37291.5048969664
Portugal,PRT,2009,36092.8109314688
Portugal,PRT,2010,36703.1141882825
Portugal,PRT,2011,36127.2949766157
Portugal,PRT,2012,34804.6333340484
Portugal,PRT,2013,34651.7719455059
Portugal,PRT,2014,35097.4098263232
Portugal,PRT,2015,35803.3575649772
Portugal,PRT,2016,36636.2978441636
Portugal,PRT,2017,37943.1150505677
Portugal,PRT,2018,39123.6151282575
Portugal,PRT,2019,40188.2868799223
Portugal,PRT,2020,36852.2287338103
Portugal,PRT,2021,38657.6677223429
Portugal,PRT,2022,41070.8611529744
Portugal,PRT,2023,41768.2583096874
Portugal,PRT,2024,42228.1580446502
Paraguay,PRY,1960,
Paraguay,PRY,1961,
Paraguay,PRY,1962,
Paraguay,PRY,1963,
Paraguay,PRY,1964,
Paraguay,PRY,1965,
Paraguay,PRY,1966,
Paraguay,PRY,1967,
Paraguay,PRY,1968,
Paraguay,PRY,1969,
Paraguay,PRY,1970,
Paraguay,PRY,1971,
Paraguay,PRY,1972,
Paraguay,PRY,1973,
Paraguay,PRY,1974,
Paraguay,PRY,1975,
Paraguay,PRY,1976,
Paraguay,PRY,1977,
Paraguay,PRY,1978,
Paraguay,PRY,1979,
Paraguay,PRY,1980,
Paraguay,PRY,1981,
Paraguay,PRY,1982,
Paraguay,PRY,1983,
Paraguay,PRY,1984,
Paraguay,PRY,1985,
Paraguay,PRY,1986,
Paraguay,PRY,1987,
Paraguay,PRY,1988,
Paraguay,PRY,1989,
Paraguay,PRY,1990,9961.22171124749
Paraguay,PRY,1991,10039.0438461622
Paraguay,PRY,1992,9947.16439036842
Paraguay,PRY,1993,10177.1689434494
Paraguay,PRY,1994,10457.768545827
Paraguay,PRY,1995,10906.894612986
Paraguay,PRY,1996,10823.9199218797
Paraguay,PRY,1997,11031.6219154476
Paraguay,PRY,1998,10801.1950460495
Paraguay,PRY,1999,10434.0803694109
Paraguay,PRY,2000,9997.3297251405
Paraguay,PRY,2001,9748.02702767691
Paraguay,PRY,2002,9609.53364585336
Paraguay,PRY,2003,9902.19918003817
Paraguay,PRY,2004,10185.9074387779
Paraguay,PRY,2005,10288.800866577
Paraguay,PRY,2006,10671.6449984385
Paraguay,PRY,2007,11140.4629098064
Paraguay,PRY,2008,11749.6546354418
Paraguay,PRY,2009,11599.8198579092
Paraguay,PRY,2010,12736.9672867807
Paraguay,PRY,2011,13107.8104435989
Paraguay,PRY,2012,12833.1801619413
Paraguay,PRY,2013,13698.9722320262
Paraguay,PRY,2014,14217.5580896983
Paraguay,PRY,2015,14425.777586033
Paraguay,PRY,2016,14824.7906280812
Paraguay,PRY,2017,15318.4012187276
Paraguay,PRY,2018,15591.0142663085
Paraguay,PRY,2019,15319.3889991221
Paraguay,PRY,2020,14989.7667130162
Paraguay,PRY,2021,15400.9446332428
Paraguay,PRY,2022,15222.8920228598
Paraguay,PRY,2023,15831.5849831308
Paraguay,PRY,2024,16367.4940166481
West Bank and Gaza,PSE,1960,
West Bank and Gaza,PSE,1961,
West Bank and Gaza,PSE,1962,
West Bank and Gaza,PSE,1963,
West Bank and Gaza,PSE,1964,
West Bank and Gaza,PSE,1965,
West Bank and Gaza,PSE,1966,
West Bank and Gaza,PSE,1967,
West Bank and Gaza,PSE,1968,
West Bank and Gaza,PSE,1969,
West Bank and Gaza,PSE,1970,
West Bank and Gaza,PSE,1971,
West Bank and Gaza,PSE,1972,
West Bank and Gaza,PSE,1973,
West Bank and Gaza,PSE,1974,
West Bank and Gaza,PSE,1975,
West Bank and Gaza,PSE,1976,
West Bank and Gaza,PSE,1977,
West Bank and Gaza,PSE,1978,
West Bank and Gaza,PSE,1979,
West Bank and Gaza,PSE,1980,
West Bank and Gaza,PSE,1981,
West Bank and Gaza,PSE,1982,
West Bank and Gaza,PSE,1983,
West Bank and Gaza,PSE,1984,
West Bank and Gaza,PSE,1985,
West Bank and Gaza,PSE,1986,
West Bank and Gaza,PSE,1987,
West Bank and Gaza,PSE,1988,
West Bank and Gaza,PSE,1989,
West Bank and Gaza,PSE,1990,
West Bank and Gaza,PSE,1991,
West Bank and Gaza,PSE,1992,
West Bank and Gaza,PSE,1993,
West Bank and Gaza,PSE,1994,3966.68875052152
West Bank and Gaza,PSE,1995,4062.96290335877
West Bank and Gaza,PSE,1996,3932.22694732854
West Bank and Gaza,PSE,1997,4311.53876740636
West Bank and Gaza,PSE,1998,4805.19156878644
West Bank and Gaza,PSE,1999,5071.82121719043
West Bank and Gaza,PSE,2000,4520.88992531975
West Bank and Gaza,PSE,2001,3996.50878001821
West Bank and Gaza,PSE,2002,3409.17287422698
West Bank and Gaza,PSE,2003,3788.92652721128
West Bank and Gaza,PSE,2004,4503.08034061409
West Bank and Gaza,PSE,2005,4885.07252184444
West Bank and Gaza,PSE,2006,4714.37331793342
West Bank and Gaza,PSE,2007,4769.52328096801
West Bank and Gaza,PSE,2008,4984.80579890695
West Bank and Gaza,PSE,2009,5270.66331643219
West Bank and Gaza,PSE,2010,5432.24363072522
West Bank and Gaza,PSE,2011,5805.32115329251
West Bank and Gaza,PSE,2012,6009.10925822042
West Bank and Gaza,PSE,2013,6142.20204342591
West Bank and Gaza,PSE,2014,5990.42661523778
West Bank and Gaza,PSE,2015,6072.65031768549
West Bank and Gaza,PSE,2016,6464.13352537371
West Bank and Gaza,PSE,2017,6426.79521615335
West Bank and Gaza,PSE,2018,6342.9374800852
West Bank and Gaza,PSE,2019,6269.89134527985
West Bank and Gaza,PSE,2020,5423.68254653126
West Bank and Gaza,PSE,2021,5663.12160743584
West Bank and Gaza,PSE,2022,5753.08395899307
West Bank and Gaza,PSE,2023,5562.42442563953
West Bank and Gaza,PSE,2024,4190.90911333626
Pacific island small states,PSS,1960,
Pacific island small states,PSS,1961,
Pacific island small states,PSS,1962,
Pacific island small states,PSS,1963,
Pacific island small states,PSS,1964,
Pacific island small states,PSS,1965,
Pacific island small states,PSS,1966,
Pacific island small states,PSS,1967,
Pacific island small states,PSS,1968,
Pacific island small states,PSS,1969,
Pacific island small states,PSS,1970,
Pacific island small states,PSS,1971,
Pacific island small states,PSS,1972,
Pacific island small states,PSS,1973,
Pacific island small states,PSS,1974,
Pacific island small states,PSS,1975,
Pacific island small states,PSS,1976,
Pacific island small states,PSS,1977,
Pacific island small states,PSS,1978,
Pacific island small states,PSS,1979,
Pacific island small states,PSS,1980,
Pacific island small states,PSS,1981,
Pacific island small states,PSS,1982,
Pacific island small states,PSS,1983,
Pacific island small states,PSS,1984,
Pacific island small states,PSS,1985,
Pacific island small states,PSS,1986,
Pacific island small states,PSS,1987,
Pacific island small states,PSS,1988,
Pacific island small states,PSS,1989,
Pacific island small states,PSS,1990,5472.29610727272
Pacific island small states,PSS,1991,5330.58675721246
Pacific island small states,PSS,1992,5520.87344527551
Pacific island small states,PSS,1993,5549.63856144096
Pacific island small states,PSS,1994,5736.46620206534
Pacific island small states,PSS,1995,5884.83214446907
Pacific island small states,PSS,1996,6010.66699919422
Pacific island small states,PSS,1997,5835.05607310425
Pacific island small states,PSS,1998,5826.61645152408
Pacific island small states,PSS,1999,6050.7249525707
Pacific island small states,PSS,2000,5881.81676747283
Pacific island small states,PSS,2001,5877.75118308161
Pacific island small states,PSS,2002,5941.54718486772
Pacific island small states,PSS,2003,5969.03144612377
Pacific island small states,PSS,2004,6151.76388674443
Pacific island small states,PSS,2005,6203.63940608642
Pacific island small states,PSS,2006,6270.20561026621
Pacific island small states,PSS,2007,6191.93685021462
Pacific island small states,PSS,2008,6237.22081249056
Pacific island small states,PSS,2009,6128.78865472213
Pacific island small states,PSS,2010,6266.69938542944
Pacific island small states,PSS,2011,6402.09924410503
Pacific island small states,PSS,2012,6386.94052753522
Pacific island small states,PSS,2013,6531.90012102663
Pacific island small states,PSS,2014,6710.09392298631
Pacific island small states,PSS,2015,6896.50177083272
Pacific island small states,PSS,2016,7044.71064474168
Pacific island small states,PSS,2017,7249.20252559116
Pacific island small states,PSS,2018,7370.26163890891
Pacific island small states,PSS,2019,7345.58196205993
Pacific island small states,PSS,2020,6398.88980378789
Pacific island small states,PSS,2021,6133.27337662878
Pacific island small states,PSS,2022,6703.99054222771
Pacific island small states,PSS,2023,7145.20419623831
Pacific island small states,PSS,2024,7314.41647178348
Post-demographic dividend,PST,1960,
Post-demographic dividend,PST,1961,
Post-demographic dividend,PST,1962,
Post-demographic dividend,PST,1963,
Post-demographic dividend,PST,1964,
Post-demographic dividend,PST,1965,
Post-demographic dividend,PST,1966,
Post-demographic dividend,PST,1967,
Post-demographic dividend,PST,1968,
Post-demographic dividend,PST,1969,
Post-demographic dividend,PST,1970,
Post-demographic dividend,PST,1971,
Post-demographic dividend,PST,1972,
Post-demographic dividend,PST,1973,
Post-demographic dividend,PST,1974,
Post-demographic dividend,PST,1975,
Post-demographic dividend,PST,1976,
Post-demographic dividend,PST,1977,
Post-demographic dividend,PST,1978,
Post-demographic dividend,PST,1979,
Post-demographic dividend,PST,1980,
Post-demographic dividend,PST,1981,
Post-demographic dividend,PST,1982,
Post-demographic dividend,PST,1983,
Post-demographic dividend,PST,1984,
Post-demographic dividend,PST,1985,
Post-demographic dividend,PST,1986,
Post-demographic dividend,PST,1987,
Post-demographic dividend,PST,1988,
Post-demographic dividend,PST,1989,
Post-demographic dividend,PST,1990,36519.9455134056
Post-demographic dividend,PST,1991,36552.2289298025
Post-demographic dividend,PST,1992,36849.6200126583
Post-demographic dividend,PST,1993,36865.5991971415
Post-demographic dividend,PST,1994,37634.8163211918
Post-demographic dividend,PST,1995,38400.0230487946
Post-demographic dividend,PST,1996,39231.8438928608
Post-demographic dividend,PST,1997,40326.9427257722
Post-demographic dividend,PST,1998,41168.2559180044
Post-demographic dividend,PST,1999,42376.7168957967
Post-demographic dividend,PST,2000,43905.492095485
Post-demographic dividend,PST,2001,44417.508802848
Post-demographic dividend,PST,2002,44901.6600902881
Post-demographic dividend,PST,2003,45591.7759389496
Post-demographic dividend,PST,2004,46849.0191927991
Post-demographic dividend,PST,2005,47910.7270616016
Post-demographic dividend,PST,2006,49124.6017545878
Post-demographic dividend,PST,2007,50178.5292615153
Post-demographic dividend,PST,2008,50097.1139120419
Post-demographic dividend,PST,2009,48022.2819554498
Post-demographic dividend,PST,2010,49202.4977605287
Post-demographic dividend,PST,2011,49888.7882058408
Post-demographic dividend,PST,2012,50202.3862277536
Post-demographic dividend,PST,2013,50706.4050971727
Post-demographic dividend,PST,2014,51441.7405935107
Post-demographic dividend,PST,2015,52274.7981957443
Post-demographic dividend,PST,2016,52980.6671692557
Post-demographic dividend,PST,2017,54108.2407867178
Post-demographic dividend,PST,2018,55143.3332401636
Post-demographic dividend,PST,2019,55954.6056964726
Post-demographic dividend,PST,2020,53484.386473395
Post-demographic dividend,PST,2021,56629.4428654399
Post-demographic dividend,PST,2022,58044.4953903551
Post-demographic dividend,PST,2023,58864.5073143586
Post-demographic dividend,PST,2024,59533.8945611197
French Polynesia,PYF,1960,
French Polynesia,PYF,1961,
French Polynesia,PYF,1962,
French Polynesia,PYF,1963,
French Polynesia,PYF,1964,
French Polynesia,PYF,1965,
French Polynesia,PYF,1966,
French Polynesia,PYF,1967,
French Polynesia,PYF,1968,
French Polynesia,PYF,1969,
French Polynesia,PYF,1970,
French Polynesia,PYF,1971,
French Polynesia,PYF,1972,
French Polynesia,PYF,1973,
French Polynesia,PYF,1974,
French Polynesia,PYF,1975,
French Polynesia,PYF,1976,
French Polynesia,PYF,1977,
French Polynesia,PYF,1978,
French Polynesia,PYF,1979,
French Polynesia,PYF,1980,
French Polynesia,PYF,1981,
French Polynesia,PYF,1982,
French Polynesia,PYF,1983,
French Polynesia,PYF,1984,
French Polynesia,PYF,1985,
French Polynesia,PYF,1986,
French Polynesia,PYF,1987,
French Polynesia,PYF,1988,
French Polynesia,PYF,1989,
French Polynesia,PYF,1990,
French Polynesia,PYF,1991,
French Polynesia,PYF,1992,
French Polynesia,PYF,1993,
French Polynesia,PYF,1994,
French Polynesia,PYF,1995,
French Polynesia,PYF,1996,
French Polynesia,PYF,1997,
French Polynesia,PYF,1998,
French Polynesia,PYF,1999,
French Polynesia,PYF,2000,
French Polynesia,PYF,2001,
French Polynesia,PYF,2002,
French Polynesia,PYF,2003,
French Polynesia,PYF,2004,
French Polynesia,PYF,2005,
French Polynesia,PYF,2006,
French Polynesia,PYF,2007,
French Polynesia,PYF,2008,
French Polynesia,PYF,2009,
French Polynesia,PYF,2010,
French Polynesia,PYF,2011,
French Polynesia,PYF,2012,
French Polynesia,PYF,2013,
French Polynesia,PYF,2014,
French Polynesia,PYF,2015,
French Polynesia,PYF,2016,
French Polynesia,PYF,2017,
French Polynesia,PYF,2018,
French Polynesia,PYF,2019,
French Polynesia,PYF,2020,
French Polynesia,PYF,2021,
French Polynesia,PYF,2022,
French Polynesia,PYF,2023,
French Polynesia,PYF,2024,
Qatar,QAT,1960,
Qatar,QAT,1961,
Qatar,QAT,1962,
Qatar,QAT,1963,
Qatar,QAT,1964,
Qatar,QAT,1965,
Qatar,QAT,1966,
Qatar,QAT,1967,
Qatar,QAT,1968,
Qatar,QAT,1969,
Qatar,QAT,1970,
Qatar,QAT,1971,
Qatar,QAT,1972,
Qatar,QAT,1973,
Qatar,QAT,1974,
Qatar,QAT,1975,
Qatar,QAT,1976,
Qatar,QAT,1977,
Qatar,QAT,1978,
Qatar,QAT,1979,
Qatar,QAT,1980,
Qatar,QAT,1981,
Qatar,QAT,1982,
Qatar,QAT,1983,
Qatar,QAT,1984,
Qatar,QAT,1985,
Qatar,QAT,1986,
Qatar,QAT,1987,
Qatar,QAT,1988,
Qatar,QAT,1989,
Qatar,QAT,1990,75303.560170822
Qatar,QAT,1991,71662.2042981946
Qatar,QAT,1992,77267.1145459223
Qatar,QAT,1993,73900.5913615776
Qatar,QAT,1994,72711.0242088213
Qatar,QAT,1995,72303.4779620852
Qatar,QAT,1996,73369.8292439364
Qatar,QAT,1997,91667.4239830935
Qatar,QAT,1998,96675.8124711663
Qatar,QAT,1999,95556.8522490874
Qatar,QAT,2000,98028.5232918526
Qatar,QAT,2001,96901.5943725606
Qatar,QAT,2002,99001.4939977461
Qatar,QAT,2003,98068.1232492499
Qatar,QAT,2004,112583.929924606
Qatar,QAT,2005,113384.267001706
Qatar,QAT,2006,121378.43895737
Qatar,QAT,2007,115272.510003238
Qatar,QAT,2008,114879.221727674
Qatar,QAT,2009,114069.652335284
Qatar,QAT,2010,132502.281828313
Qatar,QAT,2011,149025.116325024
Qatar,QAT,2012,147077.406092637
Qatar,QAT,2013,138046.596315458
Qatar,QAT,2014,128013.987050891
Qatar,QAT,2015,123070.887876565
Qatar,QAT,2016,120054.408736518
Qatar,QAT,2017,115064.943662853
Qatar,QAT,2018,114909.945485127
Qatar,QAT,2019,113160.973779334
Qatar,QAT,2020,103061.913422502
Qatar,QAT,2021,116832.570294098
Qatar,QAT,2022,114740.12361423
Qatar,QAT,2023,116159.142564088
Qatar,QAT,2024,111314.250355891
Romania,ROU,1960,
Romania,ROU,1961,
Romania,ROU,1962,
Romania,ROU,1963,
Romania,ROU,1964,
Romania,ROU,1965,
Romania,ROU,1966,
Romania,ROU,1967,
Romania,ROU,1968,
Romania,ROU,1969,
Romania,ROU,1970,
Romania,ROU,1971,
Romania,ROU,1972,
Romania,ROU,1973,
Romania,ROU,1974,
Romania,ROU,1975,
Romania,ROU,1976,
Romania,ROU,1977,
Romania,ROU,1978,
Romania,ROU,1979,
Romania,ROU,1980,
Romania,ROU,1981,
Romania,ROU,1982,
Romania,ROU,1983,
Romania,ROU,1984,
Romania,ROU,1985,
Romania,ROU,1986,
Romania,ROU,1987,
Romania,ROU,1988,
Romania,ROU,1989,
Romania,ROU,1990,16316.8446680419
Romania,ROU,1991,14332.9706803349
Romania,ROU,1992,13195.0418065067
Romania,ROU,1993,13415.0188040185
Romania,ROU,1994,13962.7738625239
Romania,ROU,1995,14863.1855937298
Romania,ROU,1996,15488.557478307
Romania,ROU,1997,14779.9977262321
Romania,ROU,1998,14509.9931843509
Romania,ROU,1999,14478.0493538392
Romania,ROU,2000,14853.6063681531
Romania,ROU,2001,15848.3039143162
Romania,ROU,2002,17061.6293695412
Romania,ROU,2003,17587.462617764
Romania,ROU,2004,19532.4800205184
Romania,ROU,2005,20570.925514681
Romania,ROU,2006,22354.5637860053
Romania,ROU,2007,24328.3931332788
Romania,ROU,2008,27039.6000864291
Romania,ROU,2009,25761.6305517205
Romania,ROU,2010,24902.9044891466
Romania,ROU,2011,26150.7476231736
Romania,ROU,2012,26767.4556487181
Romania,ROU,2013,26941.9318849595
Romania,ROU,2014,28156.1307843293
Romania,ROU,2015,29181.8781722441
Romania,ROU,2016,30189.147723024
Romania,ROU,2017,32852.6355672255
Romania,ROU,2018,34828.8958637884
Romania,ROU,2019,36399.4746080793
Romania,ROU,2020,35283.6060358241
Romania,ROU,2021,37534.0002643549
Romania,ROU,2022,39256.8260854977
Romania,ROU,2023,40116.6891416904
Romania,ROU,2024,40503.8323253789
Russian Federation,RUS,1960,
Russian Federation,RUS,1961,
Russian Federation,RUS,1962,
Russian Federation,RUS,1963,
Russian Federation,RUS,1964,
Russian Federation,RUS,1965,
Russian Federation,RUS,1966,
Russian Federation,RUS,1967,
Russian Federation,RUS,1968,
Russian Federation,RUS,1969,
Russian Federation,RUS,1970,
Russian Federation,RUS,1971,
Russian Federation,RUS,1972,
Russian Federation,RUS,1973,
Russian Federation,RUS,1974,
Russian Federation,RUS,1975,
Russian Federation,RUS,1976,
Russian Federation,RUS,1977,
Russian Federation,RUS,1978,
Russian Federation,RUS,1979,
Russian Federation,RUS,1980,
Russian Federation,RUS,1981,
Russian Federation,RUS,1982,
Russian Federation,RUS,1983,
Russian Federation,RUS,1984,
Russian Federation,RUS,1985,
Russian Federation,RUS,1986,
Russian Federation,RUS,1987,
Russian Federation,RUS,1988,
Russian Federation,RUS,1989,
Russian Federation,RUS,1990,29643.595703125
Russian Federation,RUS,1991,28066.921875
Russian Federation,RUS,1992,23965.244140625
Russian Federation,RUS,1993,21899.517578125
Russian Federation,RUS,1994,19153.36328125
Russian Federation,RUS,1995,18363.712890625
Russian Federation,RUS,1996,17699.869140625
Russian Federation,RUS,1997,17977.3515625
Russian Federation,RUS,1998,17052.755859375
Russian Federation,RUS,1999,18200.3203125
Russian Federation,RUS,2000,20104.75
Russian Federation,RUS,2001,21219.904296875
Russian Federation,RUS,2002,22319.677734375
Russian Federation,RUS,2003,24057.927734375
Russian Federation,RUS,2004,25894.146484375
Russian Federation,RUS,2005,27656.658203125
Russian Federation,RUS,2006,30022.671875
Russian Federation,RUS,2007,32630.369140625
Russian Federation,RUS,2008,34342.2265625
Russian Federation,RUS,2009,31654.00390625
Russian Federation,RUS,2010,33063.5859375
Russian Federation,RUS,2011,34444.64453125
Russian Federation,RUS,2012,35740.69921875
Russian Federation,RUS,2013,36260.06640625
Russian Federation,RUS,2014,35853.24609375
Russian Federation,RUS,2015,35037.15234375
Russian Federation,RUS,2016,35005.4453125
Russian Federation,RUS,2017,35570.703125
Russian Federation,RUS,2018,36536.6953125
Russian Federation,RUS,2019,37319.3203125
Russian Federation,RUS,2020,36376.3359375
Russian Federation,RUS,2021,38638.4296875
Russian Federation,RUS,2022,38214.69140625
Russian Federation,RUS,2023,39881.44921875
Russian Federation,RUS,2024,41891.171875
Rwanda,RWA,1960,
Rwanda,RWA,1961,
Rwanda,RWA,1962,
Rwanda,RWA,1963,
Rwanda,RWA,1964,
Rwanda,RWA,1965,
Rwanda,RWA,1966,
Rwanda,RWA,1967,
Rwanda,RWA,1968,
Rwanda,RWA,1969,
Rwanda,RWA,1970,
Rwanda,RWA,1971,
Rwanda,RWA,1972,
Rwanda,RWA,1973,
Rwanda,RWA,1974,
Rwanda,RWA,1975,
Rwanda,RWA,1976,
Rwanda,RWA,1977,
Rwanda,RWA,1978,
Rwanda,RWA,1979,
Rwanda,RWA,1980,
Rwanda,RWA,1981,
Rwanda,RWA,1982,
Rwanda,RWA,1983,
Rwanda,RWA,1984,
Rwanda,RWA,1985,
Rwanda,RWA,1986,
Rwanda,RWA,1987,
Rwanda,RWA,1988,
Rwanda,RWA,1989,
Rwanda,RWA,1990,1165.72605253503
Rwanda,RWA,1991,1113.51791998185
Rwanda,RWA,1992,1154.92927021895
Rwanda,RWA,1993,1021.6713088588
Rwanda,RWA,1994,597.262798593604
Rwanda,RWA,1995,966.810405419343
Rwanda,RWA,1996,921.92827675502
Rwanda,RWA,1997,907.980685925245
Rwanda,RWA,1998,948.490660501395
Rwanda,RWA,1999,981.722501554685
Rwanda,RWA,2000,1055.35042339776
Rwanda,RWA,2001,1134.78453153468
Rwanda,RWA,2002,1267.19396540218
Rwanda,RWA,2003,1266.94449487196
Rwanda,RWA,2004,1325.79557312503
Rwanda,RWA,2005,1412.06107949967
Rwanda,RWA,2006,1501.7646218593
Rwanda,RWA,2007,1573.96811218011
Rwanda,RWA,2008,1704.25449057727
Rwanda,RWA,2009,1764.63484961094
Rwanda,RWA,2010,1846.86326840066
Rwanda,RWA,2011,1945.53705383878
Rwanda,RWA,2012,2063.66474823031
Rwanda,RWA,2013,2109.74668811567
Rwanda,RWA,2014,2176.09492014666
Rwanda,RWA,2015,2313.09716940962
Rwanda,RWA,2016,2386.74841002826
Rwanda,RWA,2017,2441.08540816509
Rwanda,RWA,2018,2577.69730366075
Rwanda,RWA,2019,2753.53959810856
Rwanda,RWA,2020,2617.70706034364
Rwanda,RWA,2021,2776.39276387923
Rwanda,RWA,2022,2983.10774007304
Rwanda,RWA,2023,3168.03075281515
Rwanda,RWA,2024,3325.00769683815
South Asia,SAS,1960,
South Asia,SAS,1961,
South Asia,SAS,1962,
South Asia,SAS,1963,
South Asia,SAS,1964,
South Asia,SAS,1965,
South Asia,SAS,1966,
South Asia,SAS,1967,
South Asia,SAS,1968,
South Asia,SAS,1969,
South Asia,SAS,1970,
South Asia,SAS,1971,
South Asia,SAS,1972,
South Asia,SAS,1973,
South Asia,SAS,1974,
South Asia,SAS,1975,
South Asia,SAS,1976,
South Asia,SAS,1977,
South Asia,SAS,1978,
South Asia,SAS,1979,
South Asia,SAS,1980,
South Asia,SAS,1981,
South Asia,SAS,1982,
South Asia,SAS,1983,
South Asia,SAS,1984,
South Asia,SAS,1985,
South Asia,SAS,1986,
South Asia,SAS,1987,
South Asia,SAS,1988,
South Asia,SAS,1989,
South Asia,SAS,1990,2167.05307825032
South Asia,SAS,1991,2153.67851336539
South Asia,SAS,1992,2223.06499275144
South Asia,SAS,1993,2281.98365680147
South Asia,SAS,1994,2378.29855614022
South Asia,SAS,1995,2498.68327723447
South Asia,SAS,1996,2622.89612404834
South Asia,SAS,1997,2679.99154602438
South Asia,SAS,1998,2786.01550520478
South Asia,SAS,1999,2957.79775686178
South Asia,SAS,2000,3021.63279439044
South Asia,SAS,2001,3103.92321367445
South Asia,SAS,2002,3164.42111189042
South Asia,SAS,2003,3343.17936577198
South Asia,SAS,2004,3536.63492979436
South Asia,SAS,2005,3748.35844477212
South Asia,SAS,2006,3983.25023893144
South Asia,SAS,2007,4222.24103901725
South Asia,SAS,2008,4309.94806835076
South Asia,SAS,2009,4566.50695762565
South Asia,SAS,2010,4872.71064899734
South Asia,SAS,2011,5069.45396503048
South Asia,SAS,2012,5285.90684170559
South Asia,SAS,2013,5548.16105526486
South Asia,SAS,2014,5878.67479791218
South Asia,SAS,2015,6259.31717310526
South Asia,SAS,2016,6681.44601575684
South Asia,SAS,2017,7055.83469512198
South Asia,SAS,2018,7430.46384287571
South Asia,SAS,2019,7660.41899011306
South Asia,SAS,2020,7215.20736191888
South Asia,SAS,2021,7815.21278442871
South Asia,SAS,2022,8308.38014181846
South Asia,SAS,2023,8796.72942063676
South Asia,SAS,2024,9307.06752508413
Saudi Arabia,SAU,1960,
Saudi Arabia,SAU,1961,
Saudi Arabia,SAU,1962,
Saudi Arabia,SAU,1963,
Saudi Arabia,SAU,1964,
Saudi Arabia,SAU,1965,
Saudi Arabia,SAU,1966,
Saudi Arabia,SAU,1967,
Saudi Arabia,SAU,1968,
Saudi Arabia,SAU,1969,
Saudi Arabia,SAU,1970,
Saudi Arabia,SAU,1971,
Saudi Arabia,SAU,1972,
Saudi Arabia,SAU,1973,
Saudi Arabia,SAU,1974,
Saudi Arabia,SAU,1975,
Saudi Arabia,SAU,1976,
Saudi Arabia,SAU,1977,
Saudi Arabia,SAU,1978,
Saudi Arabia,SAU,1979,
Saudi Arabia,SAU,1980,
Saudi Arabia,SAU,1981,
Saudi Arabia,SAU,1982,
Saudi Arabia,SAU,1983,
Saudi Arabia,SAU,1984,
Saudi Arabia,SAU,1985,
Saudi Arabia,SAU,1986,
Saudi Arabia,SAU,1987,
Saudi Arabia,SAU,1988,
Saudi Arabia,SAU,1989,
Saudi Arabia,SAU,1990,65196.573386053
Saudi Arabia,SAU,1991,67268.5518488763
Saudi Arabia,SAU,1992,67183.9100290945
Saudi Arabia,SAU,1993,64517.6652891052
Saudi Arabia,SAU,1994,62403.6937320122
Saudi Arabia,SAU,1995,60058.3174503511
Saudi Arabia,SAU,1996,59612.8125993665
Saudi Arabia,SAU,1997,58875.5473738828
Saudi Arabia,SAU,1998,58306.622809723
Saudi Arabia,SAU,1999,55878.1736494426
Saudi Arabia,SAU,2000,55962.2661342789
Saudi Arabia,SAU,2001,53309.111388544
Saudi Arabia,SAU,2002,50371.9783079834
Saudi Arabia,SAU,2003,52234.649280791
Saudi Arabia,SAU,2004,54196.5514152953
Saudi Arabia,SAU,2005,54931.7942450845
Saudi Arabia,SAU,2006,54373.737695386
Saudi Arabia,SAU,2007,53318.4191601834
Saudi Arabia,SAU,2008,54407.7081673247
Saudi Arabia,SAU,2009,51760.7643987566
Saudi Arabia,SAU,2010,54911.547517012
Saudi Arabia,SAU,2011,58645.4459416531
Saudi Arabia,SAU,2012,59471.7001909394
Saudi Arabia,SAU,2013,57998.4644619155
Saudi Arabia,SAU,2014,58872.2671400126
Saudi Arabia,SAU,2015,58498.5399040699
Saudi Arabia,SAU,2016,57308.4484127497
Saudi Arabia,SAU,2017,57942.5484983044
Saudi Arabia,SAU,2018,61359.4653740388
Saudi Arabia,SAU,2019,62647.7299487842
Saudi Arabia,SAU,2020,57420.7335736424
Saudi Arabia,SAU,2021,62690.4966645929
Saudi Arabia,SAU,2022,67178.5902274906
Saudi Arabia,SAU,2023,64481.8441927288
Saudi Arabia,SAU,2024,63194.4332528832
Sudan,SDN,1960,
Sudan,SDN,1961,
Sudan,SDN,1962,
Sudan,SDN,1963,
Sudan,SDN,1964,
Sudan,SDN,1965,
Sudan,SDN,1966,
Sudan,SDN,1967,
Sudan,SDN,1968,
Sudan,SDN,1969,
Sudan,SDN,1970,
Sudan,SDN,1971,
Sudan,SDN,1972,
Sudan,SDN,1973,
Sudan,SDN,1974,
Sudan,SDN,1975,
Sudan,SDN,1976,
Sudan,SDN,1977,
Sudan,SDN,1978,
Sudan,SDN,1979,
Sudan,SDN,1980,
Sudan,SDN,1981,
Sudan,SDN,1982,
Sudan,SDN,1983,
Sudan,SDN,1984,
Sudan,SDN,1985,
Sudan,SDN,1986,
Sudan,SDN,1987,
Sudan,SDN,1988,
Sudan,SDN,1989,
Sudan,SDN,1990,2460.18872070313
Sudan,SDN,1991,2591.869140625
Sudan,SDN,1992,2709.7900390625
Sudan,SDN,1993,2777.27490234375
Sudan,SDN,1994,2736.47192382813
Sudan,SDN,1995,2824.63208007813
Sudan,SDN,1996,2924.29077148438
Sudan,SDN,1997,3380.18676757813
Sudan,SDN,1998,3441.17919921875
Sudan,SDN,1999,3459.22998046875
Sudan,SDN,2000,3575.85205078125
Sudan,SDN,2001,3701.548828125
Sudan,SDN,2002,3814.31323242188
Sudan,SDN,2003,3946.92260742188
Sudan,SDN,2004,4041.05712890625
Sudan,SDN,2005,4152.32275390625
Sudan,SDN,2006,4299.97412109375
Sudan,SDN,2007,4415.78515625
Sudan,SDN,2008,4446.40966796875
Sudan,SDN,2009,4188.0546875
Sudan,SDN,2010,4219.8369140625
Sudan,SDN,2011,4467.6259765625
Sudan,SDN,2012,4145.931640625
Sudan,SDN,2013,4130.48583984375
Sudan,SDN,2014,4207.50048828125
Sudan,SDN,2015,4159.1943359375
Sudan,SDN,2016,4174.56103515625
Sudan,SDN,2017,4061.01831054688
Sudan,SDN,2018,3816.65991210938
Sudan,SDN,2019,3625.52319335938
Sudan,SDN,2020,3401.24975585938
Sudan,SDN,2021,3248.9755859375
Sudan,SDN,2022,3132.0771484375
Sudan,SDN,2023,2181.0791015625
Sudan,SDN,2024,1861.39794921875
Senegal,SEN,1960,
Senegal,SEN,1961,
Senegal,SEN,1962,
Senegal,SEN,1963,
Senegal,SEN,1964,
Senegal,SEN,1965,
Senegal,SEN,1966,
Senegal,SEN,1967,
Senegal,SEN,1968,
Senegal,SEN,1969,
Senegal,SEN,1970,
Senegal,SEN,1971,
Senegal,SEN,1972,
Senegal,SEN,1973,
Senegal,SEN,1974,
Senegal,SEN,1975,
Senegal,SEN,1976,
Senegal,SEN,1977,
Senegal,SEN,1978,
Senegal,SEN,1979,
Senegal,SEN,1980,
Senegal,SEN,1981,
Senegal,SEN,1982,
Senegal,SEN,1983,
Senegal,SEN,1984,
Senegal,SEN,1985,
Senegal,SEN,1986,
Senegal,SEN,1987,
Senegal,SEN,1988,
Senegal,SEN,1989,
Senegal,SEN,1990,2923.34412470397
Senegal,SEN,1991,2917.01427785749
Senegal,SEN,1992,2874.00297967023
Senegal,SEN,1993,2834.02797282021
Senegal,SEN,1994,2757.86087514528
Senegal,SEN,1995,2835.03272875198
Senegal,SEN,1996,2822.46837324556
Senegal,SEN,1997,2840.60808860536
Senegal,SEN,1998,2938.69162552253
Senegal,SEN,1999,3050.17800999452
Senegal,SEN,2000,3093.28791603382
Senegal,SEN,2001,3149.33113704283
Senegal,SEN,2002,3075.23157503874
Senegal,SEN,2003,3170.03494689265
Senegal,SEN,2004,3240.30201670643
Senegal,SEN,2005,3301.82076161633
Senegal,SEN,2006,3301.03152415011
Senegal,SEN,2007,3316.42037835596
Senegal,SEN,2008,3359.70567091144
Senegal,SEN,2009,3371.46166689451
Senegal,SEN,2010,3403.56707166762
Senegal,SEN,2011,3362.87940538165
Senegal,SEN,2012,3405.10864461668
Senegal,SEN,2013,3385.425906874
Senegal,SEN,2014,3484.01219750661
Senegal,SEN,2015,3593.79477121279
Senegal,SEN,2016,3710.05531591559
Senegal,SEN,2017,3871.45146786374
Senegal,SEN,2018,3998.28635303867
Senegal,SEN,2019,4070.6122705955
Senegal,SEN,2020,4018.04129279044
Senegal,SEN,2021,4173.67741399617
Senegal,SEN,2022,4228.73382643662
Senegal,SEN,2023,4304.76148721773
Senegal,SEN,2024,4477.81736836258
Singapore,SGP,1960,
Singapore,SGP,1961,
Singapore,SGP,1962,
Singapore,SGP,1963,
Singapore,SGP,1964,
Singapore,SGP,1965,
Singapore,SGP,1966,
Singapore,SGP,1967,
Singapore,SGP,1968,
Singapore,SGP,1969,
Singapore,SGP,1970,
Singapore,SGP,1971,
Singapore,SGP,1972,
Singapore,SGP,1973,
Singapore,SGP,1974,
Singapore,SGP,1975,
Singapore,SGP,1976,
Singapore,SGP,1977,
Singapore,SGP,1978,
Singapore,SGP,1979,
Singapore,SGP,1980,
Singapore,SGP,1981,
Singapore,SGP,1982,
Singapore,SGP,1983,
Singapore,SGP,1984,
Singapore,SGP,1985,
Singapore,SGP,1986,
Singapore,SGP,1987,
Singapore,SGP,1988,
Singapore,SGP,1989,
Singapore,SGP,1990,45961.0598271094
Singapore,SGP,1991,47659.4966886953
Singapore,SGP,1992,49319.8192699525
Singapore,SGP,1993,53598.4639619519
Singapore,SGP,1994,57706.871164823
Singapore,SGP,1995,59997.0074442828
Singapore,SGP,1996,61911.5030358083
Singapore,SGP,1997,64846.0629277791
Singapore,SGP,1998,61306.7734542676
Singapore,SGP,1999,64296.6384874384
Singapore,SGP,2000,68904.1280154511
Singapore,SGP,2001,66352.1492865891
Singapore,SGP,2002,68328.932172058
Singapore,SGP,2003,72497.86860121
Singapore,SGP,2004,78712.5347297388
Singapore,SGP,2005,82547.482835778
Singapore,SGP,2006,87210.0480467646
Singapore,SGP,2007,91198.1515708456
Singapore,SGP,2008,88083.2853664583
Singapore,SGP,2009,85575.755106675
Singapore,SGP,2010,96280.0168756448
Singapore,SGP,2011,100153.729405945
Singapore,SGP,2012,102061.11936105
Singapore,SGP,2013,105259.693561054
Singapore,SGP,2014,107990.891202625
Singapore,SGP,2015,109894.041337341
Singapore,SGP,2016,112719.947951111
Singapore,SGP,2017,117492.967994526
Singapore,SGP,2018,120668.888726158
Singapore,SGP,2019,120678.341978557
Singapore,SGP,2020,116684.213596572
Singapore,SGP,2021,133990.186782104
Singapore,SGP,2022,134828.001392614
Singapore,SGP,2023,130296.843789261
Singapore,SGP,2024,134548.764138482
Solomon Islands,SLB,1960,
Solomon Islands,SLB,1961,
Solomon Islands,SLB,1962,
Solomon Islands,SLB,1963,
Solomon Islands,SLB,1964,
Solomon Islands,SLB,1965,
Solomon Islands,SLB,1966,
Solomon Islands,SLB,1967,
Solomon Islands,SLB,1968,
Solomon Islands,SLB,1969,
Solomon Islands,SLB,1970,
Solomon Islands,SLB,1971,
Solomon Islands,SLB,1972,
Solomon Islands,SLB,1973,
Solomon Islands,SLB,1974,
Solomon Islands,SLB,1975,
Solomon Islands,SLB,1976,
Solomon Islands,SLB,1977,
Solomon Islands,SLB,1978,
Solomon Islands,SLB,1979,
Solomon Islands,SLB,1980,
Solomon Islands,SLB,1981,
Solomon Islands,SLB,1982,
Solomon Islands,SLB,1983,
Solomon Islands,SLB,1984,
Solomon Islands,SLB,1985,
Solomon Islands,SLB,1986,
Solomon Islands,SLB,1987,
Solomon Islands,SLB,1988,
Solomon Islands,SLB,1989,
Solomon Islands,SLB,1990,2352.7006203652
Solomon Islands,SLB,1991,2418.67567698408
Solomon Islands,SLB,1992,2644.83937124875
Solomon Islands,SLB,1993,2670.0180332596
Solomon Islands,SLB,1994,2802.59157122531
Solomon Islands,SLB,1995,2996.65555261122
Solomon Islands,SLB,1996,2958.19818046832
Solomon Islands,SLB,1997,2848.68465606706
Solomon Islands,SLB,1998,2805.62563248922
Solomon Islands,SLB,1999,2717.8753397965
Solomon Islands,SLB,2000,2277.11363831224
Solomon Islands,SLB,2001,2055.53771375159
Solomon Islands,SLB,2002,1960.67504793326
Solomon Islands,SLB,2003,2050.57140389822
Solomon Islands,SLB,2004,2168.78371648018
Solomon Islands,SLB,2005,2287.56668822715
Solomon Islands,SLB,2006,2340.95143662493
Solomon Islands,SLB,2007,2384.62333040945
Solomon Islands,SLB,2008,2490.10207495758
Solomon Islands,SLB,2009,2515.21324036507
Solomon Islands,SLB,2010,2682.62900140516
Solomon Islands,SLB,2011,2777.83439007893
Solomon Islands,SLB,2012,2743.8100151451
Solomon Islands,SLB,2013,2783.94856666363
Solomon Islands,SLB,2014,2716.77005403122
Solomon Islands,SLB,2015,2665.06620679799
Solomon Islands,SLB,2016,2715.58152252659
Solomon Islands,SLB,2017,2704.00988015555
Solomon Islands,SLB,2018,2686.46317027984
Solomon Islands,SLB,2019,2661.95770893588
Solomon Islands,SLB,2020,2515.46369413305
Solomon Islands,SLB,2021,2450.18399709553
Solomon Islands,SLB,2022,2330.40164523401
Solomon Islands,SLB,2023,2339.87469992347
Solomon Islands,SLB,2024,2353.54960111186
Sierra Leone,SLE,1960,
Sierra Leone,SLE,1961,
Sierra Leone,SLE,1962,
Sierra Leone,SLE,1963,
Sierra Leone,SLE,1964,
Sierra Leone,SLE,1965,
Sierra Leone,SLE,1966,
Sierra Leone,SLE,1967,
Sierra Leone,SLE,1968,
Sierra Leone,SLE,1969,
Sierra Leone,SLE,1970,
Sierra Leone,SLE,1971,
Sierra Leone,SLE,1972,
Sierra Leone,SLE,1973,
Sierra Leone,SLE,1974,
Sierra Leone,SLE,1975,
Sierra Leone,SLE,1976,
Sierra Leone,SLE,1977,
Sierra Leone,SLE,1978,
Sierra Leone,SLE,1979,
Sierra Leone,SLE,1980,
Sierra Leone,SLE,1981,
Sierra Leone,SLE,1982,
Sierra Leone,SLE,1983,
Sierra Leone,SLE,1984,
Sierra Leone,SLE,1985,
Sierra Leone,SLE,1986,
Sierra Leone,SLE,1987,
Sierra Leone,SLE,1988,
Sierra Leone,SLE,1989,
Sierra Leone,SLE,1990,2703.59918629871
Sierra Leone,SLE,1991,2734.96862464111
Sierra Leone,SLE,1992,2257.44939799545
Sierra Leone,SLE,1993,2293.56353968674
Sierra Leone,SLE,1994,2240.29005030091
Sierra Leone,SLE,1995,2058.07683254999
Sierra Leone,SLE,1996,2084.18222586052
Sierra Leone,SLE,1997,1936.55653047839
Sierra Leone,SLE,1998,1951.82091057926
Sierra Leone,SLE,1999,1903.32696049411
Sierra Leone,SLE,2000,1981.5060863596
Sierra Leone,SLE,2001,1749.35086270429
Sierra Leone,SLE,2002,2089.26152672652
Sierra Leone,SLE,2003,2196.28134480717
Sierra Leone,SLE,2004,2260.83818892177
Sierra Leone,SLE,2005,2296.65767816581
Sierra Leone,SLE,2006,2342.75461064658
Sierra Leone,SLE,2007,2377.80530040404
Sierra Leone,SLE,2008,2404.65198710572
Sierra Leone,SLE,2009,2376.58254446039
Sierra Leone,SLE,2010,2459.76814343236
Sierra Leone,SLE,2011,2590.52839404167
Sierra Leone,SLE,2012,2792.92626459232
Sierra Leone,SLE,2013,3124.72832355066
Sierra Leone,SLE,2014,2812.5283210882
Sierra Leone,SLE,2015,2628.17058065746
Sierra Leone,SLE,2016,2732.26093913215
Sierra Leone,SLE,2017,2753.42719762222
Sierra Leone,SLE,2018,2767.38003296688
Sierra Leone,SLE,2019,2852.66269829967
Sierra Leone,SLE,2020,2752.62615355663
Sierra Leone,SLE,2021,2849.38865839009
Sierra Leone,SLE,2022,2934.7332634039
Sierra Leone,SLE,2023,3034.94608192505
Sierra Leone,SLE,2024,3098.76290446676
El Salvador,SLV,1960,
El Salvador,SLV,1961,
El Salvador,SLV,1962,
El Salvador,SLV,1963,
El Salvador,SLV,1964,
El Salvador,SLV,1965,
El Salvador,SLV,1966,
El Salvador,SLV,1967,
El Salvador,SLV,1968,
El Salvador,SLV,1969,
El Salvador,SLV,1970,
El Salvador,SLV,1971,
El Salvador,SLV,1972,
El Salvador,SLV,1973,
El Salvador,SLV,1974,
El Salvador,SLV,1975,
El Salvador,SLV,1976,
El Salvador,SLV,1977,
El Salvador,SLV,1978,
El Salvador,SLV,1979,
El Salvador,SLV,1980,
El Salvador,SLV,1981,
El Salvador,SLV,1982,
El Salvador,SLV,1983,
El Salvador,SLV,1984,
El Salvador,SLV,1985,
El Salvador,SLV,1986,
El Salvador,SLV,1987,
El Salvador,SLV,1988,
El Salvador,SLV,1989,
El Salvador,SLV,1990,5976.01762522026
El Salvador,SLV,1991,5960.05892897788
El Salvador,SLV,1992,6275.18767116905
El Salvador,SLV,1993,6553.07234073841
El Salvador,SLV,1994,6795.50608897192
El Salvador,SLV,1995,7057.92025248354
El Salvador,SLV,1996,7062.30007824136
El Salvador,SLV,1997,7234.94456228435
El Salvador,SLV,1998,7381.114604175
El Salvador,SLV,1999,7498.46741097206
El Salvador,SLV,2000,7545.44796218991
El Salvador,SLV,2001,7580.32338410159
El Salvador,SLV,2002,7675.67106195114
El Salvador,SLV,2003,7780.27177685599
El Salvador,SLV,2004,7841.53237886842
El Salvador,SLV,2005,8050.5345128919
El Salvador,SLV,2006,8404.24674903143
El Salvador,SLV,2007,8548.83476118605
El Salvador,SLV,2008,8704.80584632591
El Salvador,SLV,2009,8494.49847423621
El Salvador,SLV,2010,8648.92982717672
El Salvador,SLV,2011,8945.93132970006
El Salvador,SLV,2012,9162.56212613508
El Salvador,SLV,2013,9329.46202222861
El Salvador,SLV,2014,9451.744607867
El Salvador,SLV,2015,9646.15432339854
El Salvador,SLV,2016,9863.76121214453
El Salvador,SLV,2017,10064.7934942601
El Salvador,SLV,2018,10297.203612692
El Salvador,SLV,2019,10543.9383291317
El Salvador,SLV,2020,9692.44931605799
El Salvador,SLV,2021,10809.713399518
El Salvador,SLV,2022,11085.6166169553
El Salvador,SLV,2023,11404.3342262685
El Salvador,SLV,2024,11647.0234480127
San Marino,SMR,1960,
San Marino,SMR,1961,
San Marino,SMR,1962,
San Marino,SMR,1963,
San Marino,SMR,1964,
San Marino,SMR,1965,
San Marino,SMR,1966,
San Marino,SMR,1967,
San Marino,SMR,1968,
San Marino,SMR,1969,
San Marino,SMR,1970,
San Marino,SMR,1971,
San Marino,SMR,1972,
San Marino,SMR,1973,
San Marino,SMR,1974,
San Marino,SMR,1975,
San Marino,SMR,1976,
San Marino,SMR,1977,
San Marino,SMR,1978,
San Marino,SMR,1979,
San Marino,SMR,1980,
San Marino,SMR,1981,
San Marino,SMR,1982,
San Marino,SMR,1983,
San Marino,SMR,1984,
San Marino,SMR,1985,
San Marino,SMR,1986,
San Marino,SMR,1987,
San Marino,SMR,1988,
San Marino,SMR,1989,
San Marino,SMR,1990,
San Marino,SMR,1991,
San Marino,SMR,1992,
San Marino,SMR,1993,
San Marino,SMR,1994,
San Marino,SMR,1995,
San Marino,SMR,1996,
San Marino,SMR,1997,66923.0325833928
San Marino,SMR,1998,71024.5618775074
San Marino,SMR,1999,76474.1322767635
San Marino,SMR,2000,77149.4185798293
San Marino,SMR,2001,80420.7725451516
San Marino,SMR,2002,79649.5350498753
San Marino,SMR,2003,81688.3814188309
San Marino,SMR,2004,80724.8114711728
San Marino,SMR,2005,81632.1776324722
San Marino,SMR,2006,83781.550199101
San Marino,SMR,2007,86785.0210208274
San Marino,SMR,2008,85120.2897275883
San Marino,SMR,2009,73093.8341489444
San Marino,SMR,2010,68669.2549485757
San Marino,SMR,2011,64214.120906595
San Marino,SMR,2012,58176.3797454761
San Marino,SMR,2013,58467.9789128485
San Marino,SMR,2014,58743.5863890151
San Marino,SMR,2015,59647.6600146934
San Marino,SMR,2016,60669.8228947966
San Marino,SMR,2017,59524.5606827202
San Marino,SMR,2018,59194.04440794
San Marino,SMR,2019,60171.0506033928
San Marino,SMR,2020,55998.0734625278
San Marino,SMR,2021,64745.1322795901
San Marino,SMR,2022,70887.5780565982
San Marino,SMR,2023,70951.7919690715
San Marino,SMR,2024,
"Somalia, Fed. Rep.",SOM,1960,
"Somalia, Fed. Rep.",SOM,1961,
"Somalia, Fed. Rep.",SOM,1962,
"Somalia, Fed. Rep.",SOM,1963,
"Somalia, Fed. Rep.",SOM,1964,
"Somalia, Fed. Rep.",SOM,1965,
"Somalia, Fed. Rep.",SOM,1966,
"Somalia, Fed. Rep.",SOM,1967,
"Somalia, Fed. Rep.",SOM,1968,
"Somalia, Fed. Rep.",SOM,1969,
"Somalia, Fed. Rep.",SOM,1970,
"Somalia, Fed. Rep.",SOM,1971,
"Somalia, Fed. Rep.",SOM,1972,
"Somalia, Fed. Rep.",SOM,1973,
"Somalia, Fed. Rep.",SOM,1974,
"Somalia, Fed. Rep.",SOM,1975,
"Somalia, Fed. Rep.",SOM,1976,
"Somalia, Fed. Rep.",SOM,1977,
"Somalia, Fed. Rep.",SOM,1978,
"Somalia, Fed. Rep.",SOM,1979,
"Somalia, Fed. Rep.",SOM,1980,
"Somalia, Fed. Rep.",SOM,1981,
"Somalia, Fed. Rep.",SOM,1982,
"Somalia, Fed. Rep.",SOM,1983,
"Somalia, Fed. Rep.",SOM,1984,
"Somalia, Fed. Rep.",SOM,1985,
"Somalia, Fed. Rep.",SOM,1986,
"Somalia, Fed. Rep.",SOM,1987,
"Somalia, Fed. Rep.",SOM,1988,
"Somalia, Fed. Rep.",SOM,1989,
"Somalia, Fed. Rep.",SOM,1990,
"Somalia, Fed. Rep.",SOM,1991,837.267022794963
"Somalia, Fed. Rep.",SOM,1992,803.787078571081
"Somalia, Fed. Rep.",SOM,1993,812.557291159654
"Somalia, Fed. Rep.",SOM,1994,634.727734129305
"Somalia, Fed. Rep.",SOM,1995,636.662071308104
"Somalia, Fed. Rep.",SOM,1996,663.3511315489
"Somalia, Fed. Rep.",SOM,1997,648.017163550687
"Somalia, Fed. Rep.",SOM,1998,662.674857185983
"Somalia, Fed. Rep.",SOM,1999,682.979123343615
"Somalia, Fed. Rep.",SOM,2000,702.850071117661
"Somalia, Fed. Rep.",SOM,2001,723.37973295059
"Somalia, Fed. Rep.",SOM,2002,749.913550912524
"Somalia, Fed. Rep.",SOM,2003,777.884552733128
"Somalia, Fed. Rep.",SOM,2004,803.059780580226
"Somalia, Fed. Rep.",SOM,2005,830.807245939502
"Somalia, Fed. Rep.",SOM,2006,857.993655902122
"Somalia, Fed. Rep.",SOM,2007,887.369352235607
"Somalia, Fed. Rep.",SOM,2008,919.132083453107
"Somalia, Fed. Rep.",SOM,2009,956.220325392593
"Somalia, Fed. Rep.",SOM,2010,995.225555512017
"Somalia, Fed. Rep.",SOM,2011,1054.36214979093
"Somalia, Fed. Rep.",SOM,2012,1114.8041489283
"Somalia, Fed. Rep.",SOM,2013,1197.72166459722
"Somalia, Fed. Rep.",SOM,2014,1259.27432882605
"Somalia, Fed. Rep.",SOM,2015,1343.92517439594
"Somalia, Fed. Rep.",SOM,2016,1384.15517410124
"Somalia, Fed. Rep.",SOM,2017,1527.66029071648
"Somalia, Fed. Rep.",SOM,2018,1504.97908203481
"Somalia, Fed. Rep.",SOM,2019,1491.29493918405
"Somalia, Fed. Rep.",SOM,2020,1396.05544674978
"Somalia, Fed. Rep.",SOM,2021,1392.31782053371
"Somalia, Fed. Rep.",SOM,2022,1387.54753732191
"Somalia, Fed. Rep.",SOM,2023,1401.64735228455
"Somalia, Fed. Rep.",SOM,2024,1409.33492233283
Serbia,SRB,1960,
Serbia,SRB,1961,
Serbia,SRB,1962,
Serbia,SRB,1963,
Serbia,SRB,1964,
Serbia,SRB,1965,
Serbia,SRB,1966,
Serbia,SRB,1967,
Serbia,SRB,1968,
Serbia,SRB,1969,
Serbia,SRB,1970,
Serbia,SRB,1971,
Serbia,SRB,1972,
Serbia,SRB,1973,
Serbia,SRB,1974,
Serbia,SRB,1975,
Serbia,SRB,1976,
Serbia,SRB,1977,
Serbia,SRB,1978,
Serbia,SRB,1979,
Serbia,SRB,1980,
Serbia,SRB,1981,
Serbia,SRB,1982,
Serbia,SRB,1983,
Serbia,SRB,1984,
Serbia,SRB,1985,
Serbia,SRB,1986,
Serbia,SRB,1987,
Serbia,SRB,1988,
Serbia,SRB,1989,
Serbia,SRB,1990,
Serbia,SRB,1991,
Serbia,SRB,1992,
Serbia,SRB,1993,
Serbia,SRB,1994,
Serbia,SRB,1995,9444.75162494749
Serbia,SRB,1996,10035.0139750021
Serbia,SRB,1997,10965.4824117527
Serbia,SRB,1998,11598.330749239
Serbia,SRB,1999,10438.4610153954
Serbia,SRB,2000,11105.9488237331
Serbia,SRB,2001,11879.1763909711
Serbia,SRB,2002,12661.9396115325
Serbia,SRB,2003,13273.6900656327
Serbia,SRB,2004,14194.3651317933
Serbia,SRB,2005,15077.5586462578
Serbia,SRB,2006,15727.4033683685
Serbia,SRB,2007,17028.0866985832
Serbia,SRB,2008,17983.2811855695
Serbia,SRB,2009,17488.1227241581
Serbia,SRB,2010,17841.4312599018
Serbia,SRB,2011,17986.5840283539
Serbia,SRB,2012,17993.8147169993
Serbia,SRB,2013,18163.2047330246
Serbia,SRB,2014,17922.4357685757
Serbia,SRB,2015,18247.8091057968
Serbia,SRB,2016,18889.3816415548
Serbia,SRB,2017,19438.9917129776
Serbia,SRB,2018,20454.225884367
Serbia,SRB,2019,21541.1264037184
Serbia,SRB,2020,21479.0788553347
Serbia,SRB,2021,23406.3065657117
Serbia,SRB,2022,24651.8478183529
Serbia,SRB,2023,25735.1334774195
Serbia,SRB,2024,26900.7415340646
Sub-Saharan Africa (excluding high income),SSA,1960,
Sub-Saharan Africa (excluding high income),SSA,1961,
Sub-Saharan Africa (excluding high income),SSA,1962,
Sub-Saharan Africa (excluding high income),SSA,1963,
Sub-Saharan Africa (excluding high income),SSA,1964,
Sub-Saharan Africa (excluding high income),SSA,1965,
Sub-Saharan Africa (excluding high income),SSA,1966,
Sub-Saharan Africa (excluding high income),SSA,1967,
Sub-Saharan Africa (excluding high income),SSA,1968,
Sub-Saharan Africa (excluding high income),SSA,1969,
Sub-Saharan Africa (excluding high income),SSA,1970,
Sub-Saharan Africa (excluding high income),SSA,1971,
Sub-Saharan Africa (excluding high income),SSA,1972,
Sub-Saharan Africa (excluding high income),SSA,1973,
Sub-Saharan Africa (excluding high income),SSA,1974,
Sub-Saharan Africa (excluding high income),SSA,1975,
Sub-Saharan Africa (excluding high income),SSA,1976,
Sub-Saharan Africa (excluding high income),SSA,1977,
Sub-Saharan Africa (excluding high income),SSA,1978,
Sub-Saharan Africa (excluding high income),SSA,1979,
Sub-Saharan Africa (excluding high income),SSA,1980,
Sub-Saharan Africa (excluding high income),SSA,1981,
Sub-Saharan Africa (excluding high income),SSA,1982,
Sub-Saharan Africa (excluding high income),SSA,1983,
Sub-Saharan Africa (excluding high income),SSA,1984,
Sub-Saharan Africa (excluding high income),SSA,1985,
Sub-Saharan Africa (excluding high income),SSA,1986,
Sub-Saharan Africa (excluding high income),SSA,1987,
Sub-Saharan Africa (excluding high income),SSA,1988,
Sub-Saharan Africa (excluding high income),SSA,1989,
Sub-Saharan Africa (excluding high income),SSA,1990,3776.50845984511
Sub-Saharan Africa (excluding high income),SSA,1991,3693.92365132483
Sub-Saharan Africa (excluding high income),SSA,1992,3586.692337476
Sub-Saharan Africa (excluding high income),SSA,1993,3447.01550750533
Sub-Saharan Africa (excluding high income),SSA,1994,3383.2517472887
Sub-Saharan Africa (excluding high income),SSA,1995,3401.12538852783
Sub-Saharan Africa (excluding high income),SSA,1996,3482.9657524372
Sub-Saharan Africa (excluding high income),SSA,1997,3531.18512078905
Sub-Saharan Africa (excluding high income),SSA,1998,3529.50972450317
Sub-Saharan Africa (excluding high income),SSA,1999,3509.45956428651
Sub-Saharan Africa (excluding high income),SSA,2000,3534.70587189064
Sub-Saharan Africa (excluding high income),SSA,2001,3592.57344712939
Sub-Saharan Africa (excluding high income),SSA,2002,3732.68238996596
Sub-Saharan Africa (excluding high income),SSA,2003,3788.02167205614
Sub-Saharan Africa (excluding high income),SSA,2004,3939.58298141437
Sub-Saharan Africa (excluding high income),SSA,2005,4065.86938644099
Sub-Saharan Africa (excluding high income),SSA,2006,4197.05577656382
Sub-Saharan Africa (excluding high income),SSA,2007,4335.8656884027
Sub-Saharan Africa (excluding high income),SSA,2008,4443.73351543474
Sub-Saharan Africa (excluding high income),SSA,2009,4477.4566945111
Sub-Saharan Africa (excluding high income),SSA,2010,4631.14077014951
Sub-Saharan Africa (excluding high income),SSA,2011,4711.55900120705
Sub-Saharan Africa (excluding high income),SSA,2012,4774.00118699953
Sub-Saharan Africa (excluding high income),SSA,2013,4894.49542314043
Sub-Saharan Africa (excluding high income),SSA,2014,5001.112536621
Sub-Saharan Africa (excluding high income),SSA,2015,5017.95424219798
Sub-Saharan Africa (excluding high income),SSA,2016,4954.34861846369
Sub-Saharan Africa (excluding high income),SSA,2017,4950.9087329327
Sub-Saharan Africa (excluding high income),SSA,2018,4960.78415927401
Sub-Saharan Africa (excluding high income),SSA,2019,4960.03991221743
Sub-Saharan Africa (excluding high income),SSA,2020,4675.79132727431
Sub-Saharan Africa (excluding high income),SSA,2021,4718.40031939935
Sub-Saharan Africa (excluding high income),SSA,2022,4793.06085560333
Sub-Saharan Africa (excluding high income),SSA,2023,4807.21723713092
Sub-Saharan Africa (excluding high income),SSA,2024,4870.62629918304
South Sudan,SSD,1960,
South Sudan,SSD,1961,
South Sudan,SSD,1962,
South Sudan,SSD,1963,
South Sudan,SSD,1964,
South Sudan,SSD,1965,
South Sudan,SSD,1966,
South Sudan,SSD,1967,
South Sudan,SSD,1968,
South Sudan,SSD,1969,
South Sudan,SSD,1970,
South Sudan,SSD,1971,
South Sudan,SSD,1972,
South Sudan,SSD,1973,
South Sudan,SSD,1974,
South Sudan,SSD,1975,
South Sudan,SSD,1976,
South Sudan,SSD,1977,
South Sudan,SSD,1978,
South Sudan,SSD,1979,
South Sudan,SSD,1980,
South Sudan,SSD,1981,
South Sudan,SSD,1982,
South Sudan,SSD,1983,
South Sudan,SSD,1984,
South Sudan,SSD,1985,
South Sudan,SSD,1986,
South Sudan,SSD,1987,
South Sudan,SSD,1988,
South Sudan,SSD,1989,
South Sudan,SSD,1990,
South Sudan,SSD,1991,
South Sudan,SSD,1992,
South Sudan,SSD,1993,
South Sudan,SSD,1994,
South Sudan,SSD,1995,
South Sudan,SSD,1996,
South Sudan,SSD,1997,
South Sudan,SSD,1998,
South Sudan,SSD,1999,
South Sudan,SSD,2000,
South Sudan,SSD,2001,
South Sudan,SSD,2002,
South Sudan,SSD,2003,
South Sudan,SSD,2004,
South Sudan,SSD,2005,
South Sudan,SSD,2006,
South Sudan,SSD,2007,
South Sudan,SSD,2008,
South Sudan,SSD,2009,
South Sudan,SSD,2010,
South Sudan,SSD,2011,
South Sudan,SSD,2012,
South Sudan,SSD,2013,
South Sudan,SSD,2014,
South Sudan,SSD,2015,
South Sudan,SSD,2016,
South Sudan,SSD,2017,
South Sudan,SSD,2018,
South Sudan,SSD,2019,
South Sudan,SSD,2020,
South Sudan,SSD,2021,
South Sudan,SSD,2022,
South Sudan,SSD,2023,
South Sudan,SSD,2024,
Sub-Saharan Africa,SSF,1960,
Sub-Saharan Africa,SSF,1961,
Sub-Saharan Africa,SSF,1962,
Sub-Saharan Africa,SSF,1963,
Sub-Saharan Africa,SSF,1964,
Sub-Saharan Africa,SSF,1965,
Sub-Saharan Africa,SSF,1966,
Sub-Saharan Africa,SSF,1967,
Sub-Saharan Africa,SSF,1968,
Sub-Saharan Africa,SSF,1969,
Sub-Saharan Africa,SSF,1970,
Sub-Saharan Africa,SSF,1971,
Sub-Saharan Africa,SSF,1972,
Sub-Saharan Africa,SSF,1973,
Sub-Saharan Africa,SSF,1974,
Sub-Saharan Africa,SSF,1975,
Sub-Saharan Africa,SSF,1976,
Sub-Saharan Africa,SSF,1977,
Sub-Saharan Africa,SSF,1978,
Sub-Saharan Africa,SSF,1979,
Sub-Saharan Africa,SSF,1980,
Sub-Saharan Africa,SSF,1981,
Sub-Saharan Africa,SSF,1982,
Sub-Saharan Africa,SSF,1983,
Sub-Saharan Africa,SSF,1984,
Sub-Saharan Africa,SSF,1985,
Sub-Saharan Africa,SSF,1986,
Sub-Saharan Africa,SSF,1987,
Sub-Saharan Africa,SSF,1988,
Sub-Saharan Africa,SSF,1989,
Sub-Saharan Africa,SSF,1990,3778.06278298322
Sub-Saharan Africa,SSF,1991,3695.49669475325
Sub-Saharan Africa,SSF,1992,3588.38052775321
Sub-Saharan Africa,SSF,1993,3448.82105754797
Sub-Saharan Africa,SSF,1994,3384.95251744949
Sub-Saharan Africa,SSF,1995,3402.78267461483
Sub-Saharan Africa,SSF,1996,3484.76695002218
Sub-Saharan Africa,SSF,1997,3533.19594417372
Sub-Saharan Africa,SSF,1998,3531.51838340967
Sub-Saharan Africa,SSF,1999,3511.45394031025
Sub-Saharan Africa,SSF,2000,3536.74164552249
Sub-Saharan Africa,SSF,2001,3594.49268935584
Sub-Saharan Africa,SSF,2002,3734.54815647759
Sub-Saharan Africa,SSF,2003,3789.70221048341
Sub-Saharan Africa,SSF,2004,3941.14291024738
Sub-Saharan Africa,SSF,2005,4067.54686495063
Sub-Saharan Africa,SSF,2006,4198.85922825456
Sub-Saharan Africa,SSF,2007,4337.79844704611
Sub-Saharan Africa,SSF,2008,4445.5273501557
Sub-Saharan Africa,SSF,2009,4479.1406301998
Sub-Saharan Africa,SSF,2010,4632.84408191438
Sub-Saharan Africa,SSF,2011,4713.42233131106
Sub-Saharan Africa,SSF,2012,4775.8739329678
Sub-Saharan Africa,SSF,2013,4896.32543067071
Sub-Saharan Africa,SSF,2014,5002.96695140382
Sub-Saharan Africa,SSF,2015,5019.95019038994
Sub-Saharan Africa,SSF,2016,4956.58486807326
Sub-Saharan Africa,SSF,2017,4953.2648572016
Sub-Saharan Africa,SSF,2018,4963.20882492551
Sub-Saharan Africa,SSF,2019,4962.55290682237
Sub-Saharan Africa,SSF,2020,4677.92219768928
Sub-Saharan Africa,SSF,2021,4720.48407808675
Sub-Saharan Africa,SSF,2022,4795.24715624599
Sub-Saharan Africa,SSF,2023,4809.48422824725
Sub-Saharan Africa,SSF,2024,4872.91556737875
Small states,SST,1960,
Small states,SST,1961,
Small states,SST,1962,
Small states,SST,1963,
Small states,SST,1964,
Small states,SST,1965,
Small states,SST,1966,
Small states,SST,1967,
Small states,SST,1968,
Small states,SST,1969,
Small states,SST,1970,
Small states,SST,1971,
Small states,SST,1972,
Small states,SST,1973,
Small states,SST,1974,
Small states,SST,1975,
Small states,SST,1976,
Small states,SST,1977,
Small states,SST,1978,
Small states,SST,1979,
Small states,SST,1980,
Small states,SST,1981,
Small states,SST,1982,
Small states,SST,1983,
Small states,SST,1984,
Small states,SST,1985,
Small states,SST,1986,
Small states,SST,1987,
Small states,SST,1988,
Small states,SST,1989,
Small states,SST,1990,12972.8696136279
Small states,SST,1991,12772.7070111196
Small states,SST,1992,12548.4784954924
Small states,SST,1993,12511.8296627357
Small states,SST,1994,12769.542925409
Small states,SST,1995,13164.0125114313
Small states,SST,1996,13504.6264827435
Small states,SST,1997,14087.3048454144
Small states,SST,1998,14352.9783783546
Small states,SST,1999,14708.7703636254
Small states,SST,2000,15514.5363818178
Small states,SST,2001,15729.0854144625
Small states,SST,2002,16095.2953198447
Small states,SST,2003,16725.5980095054
Small states,SST,2004,17308.1619537788
Small states,SST,2005,17926.7361863699
Small states,SST,2006,18934.0339750992
Small states,SST,2007,19592.5639538724
Small states,SST,2008,19636.9550115867
Small states,SST,2009,18696.6740492489
Small states,SST,2010,19016.7659318866
Small states,SST,2011,19390.3808189536
Small states,SST,2012,19647.9643191463
Small states,SST,2013,19725.1292380478
Small states,SST,2014,19992.2837971004
Small states,SST,2015,20214.6306771707
Small states,SST,2016,20323.0292175365
Small states,SST,2017,20732.8384950461
Small states,SST,2018,21165.1370912777
Small states,SST,2019,21662.7739795661
Small states,SST,2020,20101.6503085454
Small states,SST,2021,21262.5948218682
Small states,SST,2022,22478.8845331697
Small states,SST,2023,23393.3466796632
Small states,SST,2024,24725.3895821776
Sao Tome and Principe,STP,1960,
Sao Tome and Principe,STP,1961,
Sao Tome and Principe,STP,1962,
Sao Tome and Principe,STP,1963,
Sao Tome and Principe,STP,1964,
Sao Tome and Principe,STP,1965,
Sao Tome and Principe,STP,1966,
Sao Tome and Principe,STP,1967,
Sao Tome and Principe,STP,1968,
Sao Tome and Principe,STP,1969,
Sao Tome and Principe,STP,1970,
Sao Tome and Principe,STP,1971,
Sao Tome and Principe,STP,1972,
Sao Tome and Principe,STP,1973,
Sao Tome and Principe,STP,1974,
Sao Tome and Principe,STP,1975,
Sao Tome and Principe,STP,1976,
Sao Tome and Principe,STP,1977,
Sao Tome and Principe,STP,1978,
Sao Tome and Principe,STP,1979,
Sao Tome and Principe,STP,1980,
Sao Tome and Principe,STP,1981,
Sao Tome and Principe,STP,1982,
Sao Tome and Principe,STP,1983,
Sao Tome and Principe,STP,1984,
Sao Tome and Principe,STP,1985,
Sao Tome and Principe,STP,1986,
Sao Tome and Principe,STP,1987,
Sao Tome and Principe,STP,1988,
Sao Tome and Principe,STP,1989,
Sao Tome and Principe,STP,1990,3883.20429842266
Sao Tome and Principe,STP,1991,3844.8963771482
Sao Tome and Principe,STP,1992,3798.88352929514
Sao Tome and Principe,STP,1993,3771.28612416062
Sao Tome and Principe,STP,1994,3788.48370442152
Sao Tome and Principe,STP,1995,3802.29132302174
Sao Tome and Principe,STP,1996,3801.08164933857
Sao Tome and Principe,STP,1997,3784.7902343178
Sao Tome and Principe,STP,1998,3828.99823839083
Sao Tome and Principe,STP,1999,3878.13108525246
Sao Tome and Principe,STP,2000,3852.89042721453
Sao Tome and Principe,STP,2001,3907.0192818698
Sao Tome and Principe,STP,2002,3942.76040695115
Sao Tome and Principe,STP,2003,4161.63833167542
Sao Tome and Principe,STP,2004,4202.56186898775
Sao Tome and Principe,STP,2005,4371.49721644128
Sao Tome and Principe,STP,2006,4644.18044669991
Sao Tome and Principe,STP,2007,4698.08416961839
Sao Tome and Principe,STP,2008,4873.1813112046
Sao Tome and Principe,STP,2009,4919.19529822865
Sao Tome and Principe,STP,2010,4882.04796466341
Sao Tome and Principe,STP,2011,4876.47315792145
Sao Tome and Principe,STP,2012,4919.55294386577
Sao Tome and Principe,STP,2013,5072.11200195866
Sao Tome and Principe,STP,2014,5223.09572886388
Sao Tome and Principe,STP,2015,5210.2037755431
Sao Tome and Principe,STP,2016,5388.5091334891
Sao Tome and Principe,STP,2017,5521.20249597413
Sao Tome and Principe,STP,2018,5674.72379094011
Sao Tome and Principe,STP,2019,5702.08347071236
Sao Tome and Principe,STP,2020,5742.94724858826
Sao Tome and Principe,STP,2021,5732.69456061536
Sao Tome and Principe,STP,2022,5632.13890715047
Sao Tome and Principe,STP,2023,5541.3016760535
Sao Tome and Principe,STP,2024,5511.87785469752
Suriname,SUR,1960,
Suriname,SUR,1961,
Suriname,SUR,1962,
Suriname,SUR,1963,
Suriname,SUR,1964,
Suriname,SUR,1965,
Suriname,SUR,1966,
Suriname,SUR,1967,
Suriname,SUR,1968,
Suriname,SUR,1969,
Suriname,SUR,1970,
Suriname,SUR,1971,
Suriname,SUR,1972,
Suriname,SUR,1973,
Suriname,SUR,1974,
Suriname,SUR,1975,
Suriname,SUR,1976,
Suriname,SUR,1977,
Suriname,SUR,1978,
Suriname,SUR,1979,
Suriname,SUR,1980,
Suriname,SUR,1981,
Suriname,SUR,1982,
Suriname,SUR,1983,
Suriname,SUR,1984,
Suriname,SUR,1985,
Suriname,SUR,1986,
Suriname,SUR,1987,
Suriname,SUR,1988,
Suriname,SUR,1989,
Suriname,SUR,1990,17137.6509700556
Suriname,SUR,1991,17493.4962257426
Suriname,SUR,1992,17455.1256454322
Suriname,SUR,1993,16217.1660347103
Suriname,SUR,1994,16648.5345258933
Suriname,SUR,1995,16368.311360582
Suriname,SUR,1996,16184.4999295065
Suriname,SUR,1997,16754.3511427064
Suriname,SUR,1998,16789.7549005356
Suriname,SUR,1999,16217.5173031438
Suriname,SUR,2000,16220.1790603262
Suriname,SUR,2001,16556.9440609927
Suriname,SUR,2002,16678.0718706582
Suriname,SUR,2003,17383.5015505612
Suriname,SUR,2004,18585.5170864176
Suriname,SUR,2005,19220.2839696605
Suriname,SUR,2006,20113.6707547695
Suriname,SUR,2007,20902.1391589279
Suriname,SUR,2008,21515.8119551093
Suriname,SUR,2009,21906.4105447498
Suriname,SUR,2010,22772.4754543689
Suriname,SUR,2011,23829.5332856393
Suriname,SUR,2012,24193.8412373922
Suriname,SUR,2013,24624.0219854601
Suriname,SUR,2014,24414.3554759734
Suriname,SUR,2015,23327.5252497447
Suriname,SUR,2016,21950.4122148625
Suriname,SUR,2017,22070.5137570835
Suriname,SUR,2018,22938.5353715545
Suriname,SUR,2019,22966.7405999124
Suriname,SUR,2020,19091.3617184226
Suriname,SUR,2021,18458.234999681
Suriname,SUR,2022,18742.5873760369
Suriname,SUR,2023,19020.8663751009
Suriname,SUR,2024,19179.101839106
Slovak Republic,SVK,1960,
Slovak Republic,SVK,1961,
Slovak Republic,SVK,1962,
Slovak Republic,SVK,1963,
Slovak Republic,SVK,1964,
Slovak Republic,SVK,1965,
Slovak Republic,SVK,1966,
Slovak Republic,SVK,1967,
Slovak Republic,SVK,1968,
Slovak Republic,SVK,1969,
Slovak Republic,SVK,1970,
Slovak Republic,SVK,1971,
Slovak Republic,SVK,1972,
Slovak Republic,SVK,1973,
Slovak Republic,SVK,1974,
Slovak Republic,SVK,1975,
Slovak Republic,SVK,1976,
Slovak Republic,SVK,1977,
Slovak Republic,SVK,1978,
Slovak Republic,SVK,1979,
Slovak Republic,SVK,1980,
Slovak Republic,SVK,1981,
Slovak Republic,SVK,1982,
Slovak Republic,SVK,1983,
Slovak Republic,SVK,1984,
Slovak Republic,SVK,1985,
Slovak Republic,SVK,1986,
Slovak Republic,SVK,1987,
Slovak Republic,SVK,1988,
Slovak Republic,SVK,1989,
Slovak Republic,SVK,1990,17521.025057579
Slovak Republic,SVK,1991,14955.954207806
Slovak Republic,SVK,1992,13946.1630793919
Slovak Republic,SVK,1993,14157.1814374204
Slovak Republic,SVK,1994,14976.5773554129
Slovak Republic,SVK,1995,15805.4133298742
Slovak Republic,SVK,1996,16737.1722199043
Slovak Republic,SVK,1997,17622.7797477898
Slovak Republic,SVK,1998,18272.5224455534
Slovak Republic,SVK,1999,18167.4957173327
Slovak Republic,SVK,2000,18335.6834506937
Slovak Republic,SVK,2001,18906.6014279038
Slovak Republic,SVK,2002,19748.9318737056
Slovak Republic,SVK,2003,20721.7128107535
Slovak Republic,SVK,2004,21842.9563752621
Slovak Republic,SVK,2005,23257.1758521642
Slovak Republic,SVK,2006,25331.8740217421
Slovak Republic,SVK,2007,28064.2457264668
Slovak Republic,SVK,2008,29544.090596762
Slovak Republic,SVK,2009,27880.4111227638
Slovak Republic,SVK,2010,29745.9196662166
Slovak Republic,SVK,2011,30468.8257049455
Slovak Republic,SVK,2012,30894.3118010926
Slovak Republic,SVK,2013,31078.1848215695
Slovak Republic,SVK,2014,31888.805351531
Slovak Republic,SVK,2015,33507.7913603774
Slovak Republic,SVK,2016,34116.4502039273
Slovak Republic,SVK,2017,35042.7858925618
Slovak Republic,SVK,2018,36415.7920529507
Slovak Republic,SVK,2019,37194.2104548698
Slovak Republic,SVK,2020,36201.4863805533
Slovak Republic,SVK,2021,38330.302743447
Slovak Republic,SVK,2022,38648.9855746919
Slovak Republic,SVK,2023,39501.9474231962
Slovak Republic,SVK,2024,40302.4514288424
Slovenia,SVN,1960,
Slovenia,SVN,1961,
Slovenia,SVN,1962,
Slovenia,SVN,1963,
Slovenia,SVN,1964,
Slovenia,SVN,1965,
Slovenia,SVN,1966,
Slovenia,SVN,1967,
Slovenia,SVN,1968,
Slovenia,SVN,1969,
Slovenia,SVN,1970,
Slovenia,SVN,1971,
Slovenia,SVN,1972,
Slovenia,SVN,1973,
Slovenia,SVN,1974,
Slovenia,SVN,1975,
Slovenia,SVN,1976,
Slovenia,SVN,1977,
Slovenia,SVN,1978,
Slovenia,SVN,1979,
Slovenia,SVN,1980,
Slovenia,SVN,1981,
Slovenia,SVN,1982,
Slovenia,SVN,1983,
Slovenia,SVN,1984,
Slovenia,SVN,1985,
Slovenia,SVN,1986,
Slovenia,SVN,1987,
Slovenia,SVN,1988,
Slovenia,SVN,1989,
Slovenia,SVN,1990,25349.79771871
Slovenia,SVN,1991,23078.9929501783
Slovenia,SVN,1992,21850.057102159
Slovenia,SVN,1993,22524.9591876226
Slovenia,SVN,1994,23752.4377245413
Slovenia,SVN,1995,24722.6569167591
Slovenia,SVN,1996,25458.8966701239
Slovenia,SVN,1997,26811.4873226649
Slovenia,SVN,1998,27693.2827424197
Slovenia,SVN,1999,29131.350613532
Slovenia,SVN,2000,30061.2061910089
Slovenia,SVN,2001,30862.8959874504
Slovenia,SVN,2002,31836.5215656188
Slovenia,SVN,2003,32833.9045969454
Slovenia,SVN,2004,34304.5565023331
Slovenia,SVN,2005,35565.0427189638
Slovenia,SVN,2006,37546.4956078863
Slovenia,SVN,2007,40002.7018991991
Slovenia,SVN,2008,41286.3462491223
Slovenia,SVN,2009,37809.1735513927
Slovenia,SVN,2010,38063.314683572
Slovenia,SVN,2011,38233.2905622851
Slovenia,SVN,2012,37040.7082746106
Slovenia,SVN,2013,36685.7496645094
Slovenia,SVN,2014,37662.2559898098
Slovenia,SVN,2015,38534.6437425951
Slovenia,SVN,2016,39674.8931561968
Slovenia,SVN,2017,41700.651085028
Slovenia,SVN,2018,43369.221946981
Slovenia,SVN,2019,44577.9418583069
Slovenia,SVN,2020,42471.5228031277
Slovenia,SVN,2021,45922.6632600134
Slovenia,SVN,2022,47058.8865960028
Slovenia,SVN,2023,47986.4195855821
Slovenia,SVN,2024,48658.0265180267
Sweden,SWE,1960,
Sweden,SWE,1961,
Sweden,SWE,1962,
Sweden,SWE,1963,
Sweden,SWE,1964,
Sweden,SWE,1965,
Sweden,SWE,1966,
Sweden,SWE,1967,
Sweden,SWE,1968,
Sweden,SWE,1969,
Sweden,SWE,1970,
Sweden,SWE,1971,
Sweden,SWE,1972,
Sweden,SWE,1973,
Sweden,SWE,1974,
Sweden,SWE,1975,
Sweden,SWE,1976,
Sweden,SWE,1977,
Sweden,SWE,1978,
Sweden,SWE,1979,
Sweden,SWE,1980,
Sweden,SWE,1981,
Sweden,SWE,1982,
Sweden,SWE,1983,
Sweden,SWE,1984,
Sweden,SWE,1985,
Sweden,SWE,1986,
Sweden,SWE,1987,
Sweden,SWE,1988,
Sweden,SWE,1989,
Sweden,SWE,1990,40199.7074219831
Sweden,SWE,1991,39469.0716472828
Sweden,SWE,1992,38783.6397676396
Sweden,SWE,1993,37762.5408221358
Sweden,SWE,1994,39000.8277233984
Sweden,SWE,1995,40385.2139711185
Sweden,SWE,1996,41008.3531746727
Sweden,SWE,1997,42241.0607742258
Sweden,SWE,1998,44010.1074358278
Sweden,SWE,1999,45823.3018418117
Sweden,SWE,2000,47868.5077292571
Sweden,SWE,2001,48389.8185132591
Sweden,SWE,2002,49331.2032555738
Sweden,SWE,2003,50072.4736462925
Sweden,SWE,2004,51960.5321902953
Sweden,SWE,2005,53198.67120001
Sweden,SWE,2006,55373.9338115393
Sweden,SWE,2007,56737.3689179302
Sweden,SWE,2008,55777.3973050094
Sweden,SWE,2009,52950.7103332467
Sweden,SWE,2010,55520.4324178534
Sweden,SWE,2011,56846.1368290625
Sweden,SWE,2012,56193.3287488246
Sweden,SWE,2013,56353.0856347897
Sweden,SWE,2014,57077.6693544196
Sweden,SWE,2015,58955.6412361461
Sweden,SWE,2016,59460.2872722689
Sweden,SWE,2017,59769.0136237
Sweden,SWE,2018,60124.5711994179
Sweden,SWE,2019,61070.5243445838
Sweden,SWE,2020,59458.2805291969
Sweden,SWE,2021,62190.8526983825
Sweden,SWE,2022,62544.5002248644
Sweden,SWE,2023,62122.5116950792
Sweden,SWE,2024,62558.4065876041
Eswatini,SWZ,1960,
Eswatini,SWZ,1961,
Eswatini,SWZ,1962,
Eswatini,SWZ,1963,
Eswatini,SWZ,1964,
Eswatini,SWZ,1965,
Eswatini,SWZ,1966,
Eswatini,SWZ,1967,
Eswatini,SWZ,1968,
Eswatini,SWZ,1969,
Eswatini,SWZ,1970,
Eswatini,SWZ,1971,
Eswatini,SWZ,1972,
Eswatini,SWZ,1973,
Eswatini,SWZ,1974,
Eswatini,SWZ,1975,
Eswatini,SWZ,1976,
Eswatini,SWZ,1977,
Eswatini,SWZ,1978,
Eswatini,SWZ,1979,
Eswatini,SWZ,1980,
Eswatini,SWZ,1981,
Eswatini,SWZ,1982,
Eswatini,SWZ,1983,
Eswatini,SWZ,1984,
Eswatini,SWZ,1985,
Eswatini,SWZ,1986,
Eswatini,SWZ,1987,
Eswatini,SWZ,1988,
Eswatini,SWZ,1989,
Eswatini,SWZ,1990,5447.73900233346
Eswatini,SWZ,1991,5325.35246393254
Eswatini,SWZ,1992,5291.89628992752
Eswatini,SWZ,1993,5299.53230191625
Eswatini,SWZ,1994,5427.35001977251
Eswatini,SWZ,1995,5693.82195475567
Eswatini,SWZ,1996,5796.65255094723
Eswatini,SWZ,1997,5876.80341710822
Eswatini,SWZ,1998,5952.85423199252
Eswatini,SWZ,1999,6062.34805932084
Eswatini,SWZ,2000,6106.07478740465
Eswatini,SWZ,2001,6135.45299954297
Eswatini,SWZ,2002,6335.81351839193
Eswatini,SWZ,2003,6578.30152863605
Eswatini,SWZ,2004,6775.2217412302
Eswatini,SWZ,2005,7142.1921864324
Eswatini,SWZ,2006,7584.72030617794
Eswatini,SWZ,2007,7866.73073455273
Eswatini,SWZ,2008,7926.37961138221
Eswatini,SWZ,2009,7988.59750005303
Eswatini,SWZ,2010,8245.64153332215
Eswatini,SWZ,2011,8350.89190932865
Eswatini,SWZ,2012,8645.84478287802
Eswatini,SWZ,2013,8951.05749805891
Eswatini,SWZ,2014,9084.49405780635
Eswatini,SWZ,2015,9186.65344720515
Eswatini,SWZ,2016,9402.50834103681
Eswatini,SWZ,2017,9660.55161538086
Eswatini,SWZ,2018,9578.10061089805
Eswatini,SWZ,2019,10099.5863118406
Eswatini,SWZ,2020,9695.82498058755
Eswatini,SWZ,2021,9990.43491951205
Eswatini,SWZ,2022,9927.60567008139
Eswatini,SWZ,2023,10181.5040730397
Eswatini,SWZ,2024,10386.2145717572
Sint Maarten (Dutch part),SXM,1960,
Sint Maarten (Dutch part),SXM,1961,
Sint Maarten (Dutch part),SXM,1962,
Sint Maarten (Dutch part),SXM,1963,
Sint Maarten (Dutch part),SXM,1964,
Sint Maarten (Dutch part),SXM,1965,
Sint Maarten (Dutch part),SXM,1966,
Sint Maarten (Dutch part),SXM,1967,
Sint Maarten (Dutch part),SXM,1968,
Sint Maarten (Dutch part),SXM,1969,
Sint Maarten (Dutch part),SXM,1970,
Sint Maarten (Dutch part),SXM,1971,
Sint Maarten (Dutch part),SXM,1972,
Sint Maarten (Dutch part),SXM,1973,
Sint Maarten (Dutch part),SXM,1974,
Sint Maarten (Dutch part),SXM,1975,
Sint Maarten (Dutch part),SXM,1976,
Sint Maarten (Dutch part),SXM,1977,
Sint Maarten (Dutch part),SXM,1978,
Sint Maarten (Dutch part),SXM,1979,
Sint Maarten (Dutch part),SXM,1980,
Sint Maarten (Dutch part),SXM,1981,
Sint Maarten (Dutch part),SXM,1982,
Sint Maarten (Dutch part),SXM,1983,
Sint Maarten (Dutch part),SXM,1984,
Sint Maarten (Dutch part),SXM,1985,
Sint Maarten (Dutch part),SXM,1986,
Sint Maarten (Dutch part),SXM,1987,
Sint Maarten (Dutch part),SXM,1988,
Sint Maarten (Dutch part),SXM,1989,
Sint Maarten (Dutch part),SXM,1990,
Sint Maarten (Dutch part),SXM,1991,
Sint Maarten (Dutch part),SXM,1992,
Sint Maarten (Dutch part),SXM,1993,
Sint Maarten (Dutch part),SXM,1994,
Sint Maarten (Dutch part),SXM,1995,
Sint Maarten (Dutch part),SXM,1996,
Sint Maarten (Dutch part),SXM,1997,
Sint Maarten (Dutch part),SXM,1998,
Sint Maarten (Dutch part),SXM,1999,
Sint Maarten (Dutch part),SXM,2000,
Sint Maarten (Dutch part),SXM,2001,
Sint Maarten (Dutch part),SXM,2002,
Sint Maarten (Dutch part),SXM,2003,
Sint Maarten (Dutch part),SXM,2004,
Sint Maarten (Dutch part),SXM,2005,
Sint Maarten (Dutch part),SXM,2006,
Sint Maarten (Dutch part),SXM,2007,
Sint Maarten (Dutch part),SXM,2008,
Sint Maarten (Dutch part),SXM,2009,50980.9400838983
Sint Maarten (Dutch part),SXM,2010,52140.59965779
Sint Maarten (Dutch part),SXM,2011,53786.2462000327
Sint Maarten (Dutch part),SXM,2012,53357.003462797
Sint Maarten (Dutch part),SXM,2013,52801.4031054792
Sint Maarten (Dutch part),SXM,2014,52439.4736756048
Sint Maarten (Dutch part),SXM,2015,51375.6032503737
Sint Maarten (Dutch part),SXM,2016,50817.6814942681
Sint Maarten (Dutch part),SXM,2017,46088.3583839152
Sint Maarten (Dutch part),SXM,2018,42154.1020267504
Sint Maarten (Dutch part),SXM,2019,45996.7912346922
Sint Maarten (Dutch part),SXM,2020,39265.7616790568
Sint Maarten (Dutch part),SXM,2021,40507.0672411717
Sint Maarten (Dutch part),SXM,2022,45515.6528430026
Sint Maarten (Dutch part),SXM,2023,46571.08813424
Sint Maarten (Dutch part),SXM,2024,47303.1946453277
Seychelles,SYC,1960,
Seychelles,SYC,1961,
Seychelles,SYC,1962,
Seychelles,SYC,1963,
Seychelles,SYC,1964,
Seychelles,SYC,1965,
Seychelles,SYC,1966,
Seychelles,SYC,1967,
Seychelles,SYC,1968,
Seychelles,SYC,1969,
Seychelles,SYC,1970,
Seychelles,SYC,1971,
Seychelles,SYC,1972,
Seychelles,SYC,1973,
Seychelles,SYC,1974,
Seychelles,SYC,1975,
Seychelles,SYC,1976,
Seychelles,SYC,1977,
Seychelles,SYC,1978,
Seychelles,SYC,1979,
Seychelles,SYC,1980,
Seychelles,SYC,1981,
Seychelles,SYC,1982,
Seychelles,SYC,1983,
Seychelles,SYC,1984,
Seychelles,SYC,1985,
Seychelles,SYC,1986,
Seychelles,SYC,1987,
Seychelles,SYC,1988,
Seychelles,SYC,1989,
Seychelles,SYC,1990,15478.8475444228
Seychelles,SYC,1991,15695.670838946
Seychelles,SYC,1992,16744.5080816034
Seychelles,SYC,1993,17596.8977617171
Seychelles,SYC,1994,16716.5207188923
Seychelles,SYC,1995,16552.4547815231
Seychelles,SYC,1996,17942.1733036627
Seychelles,SYC,1997,19895.1422188431
Seychelles,SYC,1998,19991.2293154949
Seychelles,SYC,1999,19969.3513746174
Seychelles,SYC,2000,20633.6746950761
Seychelles,SYC,2001,20147.4187656167
Seychelles,SYC,2002,19777.7525249721
Seychelles,SYC,2003,18825.2206936189
Seychelles,SYC,2004,18356.4711447212
Seychelles,SYC,2005,19917.1194534221
Seychelles,SYC,2006,21341.8597526003
Seychelles,SYC,2007,23117.8555224771
Seychelles,SYC,2008,21990.3685269705
Seychelles,SYC,2009,21361.1307875284
Seychelles,SYC,2010,21708.7554506566
Seychelles,SYC,2011,24406.4129764105
Seychelles,SYC,2012,24919.955210328
Seychelles,SYC,2013,24770.6514591794
Seychelles,SYC,2014,25379.4180707013
Seychelles,SYC,2015,27032.2083880002
Seychelles,SYC,2016,29905.1347389952
Seychelles,SYC,2017,31595.6680570505
Seychelles,SYC,2018,32841.4242467381
Seychelles,SYC,2019,34346.0708923483
Seychelles,SYC,2020,30056.1994300968
Seychelles,SYC,2021,29979.8272686091
Seychelles,SYC,2022,27275.6883819803
Seychelles,SYC,2023,28713.6672353088
Seychelles,SYC,2024,29288.019181519
Syrian Arab Republic,SYR,1960,
Syrian Arab Republic,SYR,1961,
Syrian Arab Republic,SYR,1962,
Syrian Arab Republic,SYR,1963,
Syrian Arab Republic,SYR,1964,
Syrian Arab Republic,SYR,1965,
Syrian Arab Republic,SYR,1966,
Syrian Arab Republic,SYR,1967,
Syrian Arab Republic,SYR,1968,
Syrian Arab Republic,SYR,1969,
Syrian Arab Republic,SYR,1970,
Syrian Arab Republic,SYR,1971,
Syrian Arab Republic,SYR,1972,
Syrian Arab Republic,SYR,1973,
Syrian Arab Republic,SYR,1974,
Syrian Arab Republic,SYR,1975,
Syrian Arab Republic,SYR,1976,
Syrian Arab Republic,SYR,1977,
Syrian Arab Republic,SYR,1978,
Syrian Arab Republic,SYR,1979,
Syrian Arab Republic,SYR,1980,
Syrian Arab Republic,SYR,1981,
Syrian Arab Republic,SYR,1982,
Syrian Arab Republic,SYR,1983,
Syrian Arab Republic,SYR,1984,
Syrian Arab Republic,SYR,1985,
Syrian Arab Republic,SYR,1986,
Syrian Arab Republic,SYR,1987,
Syrian Arab Republic,SYR,1988,
Syrian Arab Republic,SYR,1989,
Syrian Arab Republic,SYR,1990,5952.3583016801
Syrian Arab Republic,SYR,1991,6210.41568146904
Syrian Arab Republic,SYR,1992,6803.92916498791
Syrian Arab Republic,SYR,1993,7007.72494284254
Syrian Arab Republic,SYR,1994,7294.86310469369
Syrian Arab Republic,SYR,1995,7589.39692908815
Syrian Arab Republic,SYR,1996,8112.37387274033
Syrian Arab Republic,SYR,1997,8299.18931658219
Syrian Arab Republic,SYR,1998,8636.63340064551
Syrian Arab Republic,SYR,1999,8120.49247797398
Syrian Arab Republic,SYR,2000,7973.98131632478
Syrian Arab Republic,SYR,2001,8075.78409924022
Syrian Arab Republic,SYR,2002,8502.49347216329
Syrian Arab Republic,SYR,2003,8351.46523749691
Syrian Arab Republic,SYR,2004,8710.00892967907
Syrian Arab Republic,SYR,2005,9016.72035122178
Syrian Arab Republic,SYR,2006,9074.77248149943
Syrian Arab Republic,SYR,2007,9017.08718303559
Syrian Arab Republic,SYR,2008,9093.12956891463
Syrian Arab Republic,SYR,2009,9481.56997895749
Syrian Arab Republic,SYR,2010,9749.57445219825
Syrian Arab Republic,SYR,2011,9854.03380162757
Syrian Arab Republic,SYR,2012,7296.32886794228
Syrian Arab Republic,SYR,2013,5648.60213025874
Syrian Arab Republic,SYR,2014,5414.37509688242
Syrian Arab Republic,SYR,2015,5414.83905242808
Syrian Arab Republic,SYR,2016,5128.91822862296
Syrian Arab Republic,SYR,2017,5083.65173888422
Syrian Arab Republic,SYR,2018,5061.49399424562
Syrian Arab Republic,SYR,2019,4928.02885412028
Syrian Arab Republic,SYR,2020,4810.61072632598
Syrian Arab Republic,SYR,2021,4765.52911357702
Syrian Arab Republic,SYR,2022,4579.43973633341
Syrian Arab Republic,SYR,2023,
Syrian Arab Republic,SYR,2024,
Turks and Caicos Islands,TCA,1960,
Turks and Caicos Islands,TCA,1961,
Turks and Caicos Islands,TCA,1962,
Turks and Caicos Islands,TCA,1963,
Turks and Caicos Islands,TCA,1964,
Turks and Caicos Islands,TCA,1965,
Turks and Caicos Islands,TCA,1966,
Turks and Caicos Islands,TCA,1967,
Turks and Caicos Islands,TCA,1968,
Turks and Caicos Islands,TCA,1969,
Turks and Caicos Islands,TCA,1970,
Turks and Caicos Islands,TCA,1971,
Turks and Caicos Islands,TCA,1972,
Turks and Caicos Islands,TCA,1973,
Turks and Caicos Islands,TCA,1974,
Turks and Caicos Islands,TCA,1975,
Turks and Caicos Islands,TCA,1976,
Turks and Caicos Islands,TCA,1977,
Turks and Caicos Islands,TCA,1978,
Turks and Caicos Islands,TCA,1979,
Turks and Caicos Islands,TCA,1980,
Turks and Caicos Islands,TCA,1981,
Turks and Caicos Islands,TCA,1982,
Turks and Caicos Islands,TCA,1983,
Turks and Caicos Islands,TCA,1984,
Turks and Caicos Islands,TCA,1985,
Turks and Caicos Islands,TCA,1986,
Turks and Caicos Islands,TCA,1987,
Turks and Caicos Islands,TCA,1988,
Turks and Caicos Islands,TCA,1989,
Turks and Caicos Islands,TCA,1990,
Turks and Caicos Islands,TCA,1991,
Turks and Caicos Islands,TCA,1992,
Turks and Caicos Islands,TCA,1993,
Turks and Caicos Islands,TCA,1994,
Turks and Caicos Islands,TCA,1995,
Turks and Caicos Islands,TCA,1996,
Turks and Caicos Islands,TCA,1997,
Turks and Caicos Islands,TCA,1998,
Turks and Caicos Islands,TCA,1999,
Turks and Caicos Islands,TCA,2000,
Turks and Caicos Islands,TCA,2001,
Turks and Caicos Islands,TCA,2002,
Turks and Caicos Islands,TCA,2003,
Turks and Caicos Islands,TCA,2004,
Turks and Caicos Islands,TCA,2005,
Turks and Caicos Islands,TCA,2006,
Turks and Caicos Islands,TCA,2007,21878.8206013071
Turks and Caicos Islands,TCA,2008,22689.3160133769
Turks and Caicos Islands,TCA,2009,17512.1977777876
Turks and Caicos Islands,TCA,2010,17000.2227766463
Turks and Caicos Islands,TCA,2011,17147.424764127
Turks and Caicos Islands,TCA,2012,16024.6915652254
Turks and Caicos Islands,TCA,2013,15461.873511271
Turks and Caicos Islands,TCA,2014,16138.8487604249
Turks and Caicos Islands,TCA,2015,17201.7720345933
Turks and Caicos Islands,TCA,2016,17625.7202843515
Turks and Caicos Islands,TCA,2017,29540.3537473151
Turks and Caicos Islands,TCA,2018,30286.1196112151
Turks and Caicos Islands,TCA,2019,30611.2130237381
Turks and Caicos Islands,TCA,2020,19702.5368196855
Turks and Caicos Islands,TCA,2021,25056.4880515569
Turks and Caicos Islands,TCA,2022,28209.6242536079
Turks and Caicos Islands,TCA,2023,31839.3705381969
Turks and Caicos Islands,TCA,2024,33390.5267148059
Chad,TCD,1960,
Chad,TCD,1961,
Chad,TCD,1962,
Chad,TCD,1963,
Chad,TCD,1964,
Chad,TCD,1965,
Chad,TCD,1966,
Chad,TCD,1967,
Chad,TCD,1968,
Chad,TCD,1969,
Chad,TCD,1970,
Chad,TCD,1971,
Chad,TCD,1972,
Chad,TCD,1973,
Chad,TCD,1974,
Chad,TCD,1975,
Chad,TCD,1976,
Chad,TCD,1977,
Chad,TCD,1978,
Chad,TCD,1979,
Chad,TCD,1980,
Chad,TCD,1981,
Chad,TCD,1982,
Chad,TCD,1983,
Chad,TCD,1984,
Chad,TCD,1985,
Chad,TCD,1986,
Chad,TCD,1987,
Chad,TCD,1988,
Chad,TCD,1989,
Chad,TCD,1990,1711.36988441453
Chad,TCD,1991,1790.73791101488
Chad,TCD,1992,1853.67667632384
Chad,TCD,1993,1526.05432531318
Chad,TCD,1994,1642.51653215853
Chad,TCD,1995,1591.14154055224
Chad,TCD,1996,1555.91392490883
Chad,TCD,1997,1588.09860417129
Chad,TCD,1998,1641.05715330822
Chad,TCD,1999,1573.58531388243
Chad,TCD,2000,1506.7157720422
Chad,TCD,2001,1626.56683128523
Chad,TCD,2002,1704.2729514734
Chad,TCD,2003,1878.58578618822
Chad,TCD,2004,2400.97004978207
Chad,TCD,2005,2705.81650832729
Chad,TCD,2006,2596.03235455456
Chad,TCD,2007,2613.47387385767
Chad,TCD,2008,2601.36125803883
Chad,TCD,2009,2474.70758352529
Chad,TCD,2010,2717.40540181819
Chad,TCD,2011,2741.0708339941
Chad,TCD,2012,2886.27474563619
Chad,TCD,2013,2864.11301407361
Chad,TCD,2014,2820.67795066663
Chad,TCD,2015,2822.57929900014
Chad,TCD,2016,2622.59780844501
Chad,TCD,2017,2496.26213643158
Chad,TCD,2018,2552.37036387707
Chad,TCD,2019,2604.53153661789
Chad,TCD,2020,2513.02922729305
Chad,TCD,2021,2435.07274651099
Chad,TCD,2022,2449.48251052296
Chad,TCD,2023,2433.53330962707
Chad,TCD,2024,2430.73298355271
East Asia & Pacific (IDA & IBRD countries),TEA,1960,
East Asia & Pacific (IDA & IBRD countries),TEA,1961,
East Asia & Pacific (IDA & IBRD countries),TEA,1962,
East Asia & Pacific (IDA & IBRD countries),TEA,1963,
East Asia & Pacific (IDA & IBRD countries),TEA,1964,
East Asia & Pacific (IDA & IBRD countries),TEA,1965,
East Asia & Pacific (IDA & IBRD countries),TEA,1966,
East Asia & Pacific (IDA & IBRD countries),TEA,1967,
East Asia & Pacific (IDA & IBRD countries),TEA,1968,
East Asia & Pacific (IDA & IBRD countries),TEA,1969,
East Asia & Pacific (IDA & IBRD countries),TEA,1970,
East Asia & Pacific (IDA & IBRD countries),TEA,1971,
East Asia & Pacific (IDA & IBRD countries),TEA,1972,
East Asia & Pacific (IDA & IBRD countries),TEA,1973,
East Asia & Pacific (IDA & IBRD countries),TEA,1974,
East Asia & Pacific (IDA & IBRD countries),TEA,1975,
East Asia & Pacific (IDA & IBRD countries),TEA,1976,
East Asia & Pacific (IDA & IBRD countries),TEA,1977,
East Asia & Pacific (IDA & IBRD countries),TEA,1978,
East Asia & Pacific (IDA & IBRD countries),TEA,1979,
East Asia & Pacific (IDA & IBRD countries),TEA,1980,
East Asia & Pacific (IDA & IBRD countries),TEA,1981,
East Asia & Pacific (IDA & IBRD countries),TEA,1982,
East Asia & Pacific (IDA & IBRD countries),TEA,1983,
East Asia & Pacific (IDA & IBRD countries),TEA,1984,
East Asia & Pacific (IDA & IBRD countries),TEA,1985,
East Asia & Pacific (IDA & IBRD countries),TEA,1986,
East Asia & Pacific (IDA & IBRD countries),TEA,1987,
East Asia & Pacific (IDA & IBRD countries),TEA,1988,
East Asia & Pacific (IDA & IBRD countries),TEA,1989,
East Asia & Pacific (IDA & IBRD countries),TEA,1990,2543.85696379398
East Asia & Pacific (IDA & IBRD countries),TEA,1991,2698.66598317944
East Asia & Pacific (IDA & IBRD countries),TEA,1992,2932.66503207124
East Asia & Pacific (IDA & IBRD countries),TEA,1993,3192.61002178197
East Asia & Pacific (IDA & IBRD countries),TEA,1994,3470.77308717757
East Asia & Pacific (IDA & IBRD countries),TEA,1995,3753.27792428099
East Asia & Pacific (IDA & IBRD countries),TEA,1996,4030.41199316881
East Asia & Pacific (IDA & IBRD countries),TEA,1997,4244.23739057317
East Asia & Pacific (IDA & IBRD countries),TEA,1998,4233.17759157153
East Asia & Pacific (IDA & IBRD countries),TEA,1999,4433.88241548544
East Asia & Pacific (IDA & IBRD countries),TEA,2000,4713.16955867766
East Asia & Pacific (IDA & IBRD countries),TEA,2001,4969.61452922338
East Asia & Pacific (IDA & IBRD countries),TEA,2002,5304.26396994863
East Asia & Pacific (IDA & IBRD countries),TEA,2003,5708.77107382473
East Asia & Pacific (IDA & IBRD countries),TEA,2004,6155.36986088902
East Asia & Pacific (IDA & IBRD countries),TEA,2005,6679.74546218337
East Asia & Pacific (IDA & IBRD countries),TEA,2006,7309.54901669439
East Asia & Pacific (IDA & IBRD countries),TEA,2007,8093.65313760912
East Asia & Pacific (IDA & IBRD countries),TEA,2008,8684.60617683457
East Asia & Pacific (IDA & IBRD countries),TEA,2009,9251.92190189246
East Asia & Pacific (IDA & IBRD countries),TEA,2010,10056.9644387466
East Asia & Pacific (IDA & IBRD countries),TEA,2011,10788.8596740347
East Asia & Pacific (IDA & IBRD countries),TEA,2012,11489.3717999709
East Asia & Pacific (IDA & IBRD countries),TEA,2013,12195.4108634433
East Asia & Pacific (IDA & IBRD countries),TEA,2014,12914.302342174
East Asia & Pacific (IDA & IBRD countries),TEA,2015,13646.3812355606
East Asia & Pacific (IDA & IBRD countries),TEA,2016,14404.656964798
East Asia & Pacific (IDA & IBRD countries),TEA,2017,15229.7169213936
East Asia & Pacific (IDA & IBRD countries),TEA,2018,16103.8618914204
East Asia & Pacific (IDA & IBRD countries),TEA,2019,16941.9471937892
East Asia & Pacific (IDA & IBRD countries),TEA,2020,17004.8072538713
East Asia & Pacific (IDA & IBRD countries),TEA,2021,18167.4009161466
East Asia & Pacific (IDA & IBRD countries),TEA,2022,18808.9383411671
East Asia & Pacific (IDA & IBRD countries),TEA,2023,19743.1112151119
East Asia & Pacific (IDA & IBRD countries),TEA,2024,20684.2265655327
Europe & Central Asia (IDA & IBRD countries),TEC,1960,
Europe & Central Asia (IDA & IBRD countries),TEC,1961,
Europe & Central Asia (IDA & IBRD countries),TEC,1962,
Europe & Central Asia (IDA & IBRD countries),TEC,1963,
Europe & Central Asia (IDA & IBRD countries),TEC,1964,
Europe & Central Asia (IDA & IBRD countries),TEC,1965,
Europe & Central Asia (IDA & IBRD countries),TEC,1966,
Europe & Central Asia (IDA & IBRD countries),TEC,1967,
Europe & Central Asia (IDA & IBRD countries),TEC,1968,
Europe & Central Asia (IDA & IBRD countries),TEC,1969,
Europe & Central Asia (IDA & IBRD countries),TEC,1970,
Europe & Central Asia (IDA & IBRD countries),TEC,1971,
Europe & Central Asia (IDA & IBRD countries),TEC,1972,
Europe & Central Asia (IDA & IBRD countries),TEC,1973,
Europe & Central Asia (IDA & IBRD countries),TEC,1974,
Europe & Central Asia (IDA & IBRD countries),TEC,1975,
Europe & Central Asia (IDA & IBRD countries),TEC,1976,
Europe & Central Asia (IDA & IBRD countries),TEC,1977,
Europe & Central Asia (IDA & IBRD countries),TEC,1978,
Europe & Central Asia (IDA & IBRD countries),TEC,1979,
Europe & Central Asia (IDA & IBRD countries),TEC,1980,
Europe & Central Asia (IDA & IBRD countries),TEC,1981,
Europe & Central Asia (IDA & IBRD countries),TEC,1982,
Europe & Central Asia (IDA & IBRD countries),TEC,1983,
Europe & Central Asia (IDA & IBRD countries),TEC,1984,
Europe & Central Asia (IDA & IBRD countries),TEC,1985,
Europe & Central Asia (IDA & IBRD countries),TEC,1986,
Europe & Central Asia (IDA & IBRD countries),TEC,1987,
Europe & Central Asia (IDA & IBRD countries),TEC,1988,
Europe & Central Asia (IDA & IBRD countries),TEC,1989,
Europe & Central Asia (IDA & IBRD countries),TEC,1990,19345.0251873987
Europe & Central Asia (IDA & IBRD countries),TEC,1991,18058.6477571728
Europe & Central Asia (IDA & IBRD countries),TEC,1992,16059.6839331539
Europe & Central Asia (IDA & IBRD countries),TEC,1993,14987.6975720188
Europe & Central Asia (IDA & IBRD countries),TEC,1994,13410.4698920037
Europe & Central Asia (IDA & IBRD countries),TEC,1995,13158.8269742658
Europe & Central Asia (IDA & IBRD countries),TEC,1996,13085.5515653239
Europe & Central Asia (IDA & IBRD countries),TEC,1997,13361.2809065093
Europe & Central Asia (IDA & IBRD countries),TEC,1998,13174.6486446478
Europe & Central Asia (IDA & IBRD countries),TEC,1999,13555.5871695726
Europe & Central Asia (IDA & IBRD countries),TEC,2000,14595.0711135375
Europe & Central Asia (IDA & IBRD countries),TEC,2001,15131.0651900248
Europe & Central Asia (IDA & IBRD countries),TEC,2002,15899.5974213638
Europe & Central Asia (IDA & IBRD countries),TEC,2003,16935.5538252528
Europe & Central Asia (IDA & IBRD countries),TEC,2004,18285.8767112422
Europe & Central Asia (IDA & IBRD countries),TEC,2005,19454.1336352698
Europe & Central Asia (IDA & IBRD countries),TEC,2006,20994.707627893
Europe & Central Asia (IDA & IBRD countries),TEC,2007,22657.1349385733
Europe & Central Asia (IDA & IBRD countries),TEC,2008,23653.990951491
Europe & Central Asia (IDA & IBRD countries),TEC,2009,22249.6950356121
Europe & Central Asia (IDA & IBRD countries),TEC,2010,23167.2207575598
Europe & Central Asia (IDA & IBRD countries),TEC,2011,24330.2540578139
Europe & Central Asia (IDA & IBRD countries),TEC,2012,25017.564733224
Europe & Central Asia (IDA & IBRD countries),TEC,2013,25612.5772709157
Europe & Central Asia (IDA & IBRD countries),TEC,2014,25858.1655880354
Europe & Central Asia (IDA & IBRD countries),TEC,2015,25834.8173197386
Europe & Central Asia (IDA & IBRD countries),TEC,2016,26118.7773736522
Europe & Central Asia (IDA & IBRD countries),TEC,2017,27008.5506544179
Europe & Central Asia (IDA & IBRD countries),TEC,2018,27881.0262510333
Europe & Central Asia (IDA & IBRD countries),TEC,2019,28540.7387047996
Europe & Central Asia (IDA & IBRD countries),TEC,2020,27962.5237763209
Europe & Central Asia (IDA & IBRD countries),TEC,2021,29918.4650718143
Europe & Central Asia (IDA & IBRD countries),TEC,2022,30179.7870902442
Europe & Central Asia (IDA & IBRD countries),TEC,2023,31509.9061055568
Europe & Central Asia (IDA & IBRD countries),TEC,2024,32713.0152698707
Togo,TGO,1960,
Togo,TGO,1961,
Togo,TGO,1962,
Togo,TGO,1963,
Togo,TGO,1964,
Togo,TGO,1965,
Togo,TGO,1966,
Togo,TGO,1967,
Togo,TGO,1968,
Togo,TGO,1969,
Togo,TGO,1970,
Togo,TGO,1971,
Togo,TGO,1972,
Togo,TGO,1973,
Togo,TGO,1974,
Togo,TGO,1975,
Togo,TGO,1976,
Togo,TGO,1977,
Togo,TGO,1978,
Togo,TGO,1979,
Togo,TGO,1980,
Togo,TGO,1981,
Togo,TGO,1982,
Togo,TGO,1983,
Togo,TGO,1984,
Togo,TGO,1985,
Togo,TGO,1986,
Togo,TGO,1987,
Togo,TGO,1988,
Togo,TGO,1989,
Togo,TGO,1990,2409.14819593078
Togo,TGO,1991,2324.31142051729
Togo,TGO,1992,2169.39272878269
Togo,TGO,1993,1863.03725042104
Togo,TGO,1994,2133.27158147519
Togo,TGO,1995,2185.1955668286
Togo,TGO,1996,2278.14214284206
Togo,TGO,1997,2519.00042956277
Togo,TGO,1998,2400.05346254709
Togo,TGO,1999,2399.45741291511
Togo,TGO,2000,2321.9504188468
Togo,TGO,2001,2283.5849230071
Togo,TGO,2002,2312.96463035074
Togo,TGO,2003,2407.5857838237
Togo,TGO,2004,2326.60102463281
Togo,TGO,2005,2164.01599552728
Togo,TGO,2006,2158.94393995769
Togo,TGO,2007,2067.21836135015
Togo,TGO,2008,2082.64201553182
Togo,TGO,2009,2126.4413192509
Togo,TGO,2010,2181.59889262038
Togo,TGO,2011,2246.56204522679
Togo,TGO,2012,2333.19276737886
Togo,TGO,2013,2416.37805101152
Togo,TGO,2014,2501.43253092917
Togo,TGO,2015,2588.27260980499
Togo,TGO,2016,2648.90084835076
Togo,TGO,2017,2708.61122396846
Togo,TGO,2018,2787.56398409759
Togo,TGO,2019,2862.62661160331
Togo,TGO,2020,2861.29796240513
Togo,TGO,2021,2952.09730066985
Togo,TGO,2022,3086.40878742334
Togo,TGO,2023,3215.82300022488
Togo,TGO,2024,3351.24993111939
Thailand,THA,1960,
Thailand,THA,1961,
Thailand,THA,1962,
Thailand,THA,1963,
Thailand,THA,1964,
Thailand,THA,1965,
Thailand,THA,1966,
Thailand,THA,1967,
Thailand,THA,1968,
Thailand,THA,1969,
Thailand,THA,1970,
Thailand,THA,1971,
Thailand,THA,1972,
Thailand,THA,1973,
Thailand,THA,1974,
Thailand,THA,1975,
Thailand,THA,1976,
Thailand,THA,1977,
Thailand,THA,1978,
Thailand,THA,1979,
Thailand,THA,1980,
Thailand,THA,1981,
Thailand,THA,1982,
Thailand,THA,1983,
Thailand,THA,1984,
Thailand,THA,1985,
Thailand,THA,1986,
Thailand,THA,1987,
Thailand,THA,1988,
Thailand,THA,1989,
Thailand,THA,1990,8702.899560469
Thailand,THA,1991,9295.04057342995
Thailand,THA,1992,9887.97373654022
Thailand,THA,1993,10539.9611081001
Thailand,THA,1994,11216.2548285636
Thailand,THA,1995,11955.2188089811
Thailand,THA,1996,12457.6820831228
Thailand,THA,1997,11954.1474335919
Thailand,THA,1998,10898.3370239872
Thailand,THA,1999,11254.6098303333
Thailand,THA,2000,11623.7874580461
Thailand,THA,2001,11902.6109229705
Thailand,THA,2002,12513.5421967032
Thailand,THA,2003,13288.7481561137
Thailand,THA,2004,13998.521730812
Thailand,THA,2005,14459.825626203
Thailand,THA,2006,15052.6955101059
Thailand,THA,2007,15744.3652449147
Thailand,THA,2008,15893.5084947968
Thailand,THA,2009,15667.6047343164
Thailand,THA,2010,16732.187029014
Thailand,THA,2011,16768.1688542486
Thailand,THA,2012,17871.5786477565
Thailand,THA,2013,18244.4071505088
Thailand,THA,2014,18326.604873747
Thailand,THA,2015,18814.0408554566
Thailand,THA,2016,19372.7128024107
Thailand,THA,2017,20096.8605455164
Thailand,THA,2018,20882.1707419576
Thailand,THA,2019,21280.1504518601
Thailand,THA,2020,19950.2844063147
Thailand,THA,2021,20236.9760408784
Thailand,THA,2022,20768.4800093577
Thailand,THA,2023,21245.2706771879
Thailand,THA,2024,21882.2142474833
Tajikistan,TJK,1960,
Tajikistan,TJK,1961,
Tajikistan,TJK,1962,
Tajikistan,TJK,1963,
Tajikistan,TJK,1964,
Tajikistan,TJK,1965,
Tajikistan,TJK,1966,
Tajikistan,TJK,1967,
Tajikistan,TJK,1968,
Tajikistan,TJK,1969,
Tajikistan,TJK,1970,
Tajikistan,TJK,1971,
Tajikistan,TJK,1972,
Tajikistan,TJK,1973,
Tajikistan,TJK,1974,
Tajikistan,TJK,1975,
Tajikistan,TJK,1976,
Tajikistan,TJK,1977,
Tajikistan,TJK,1978,
Tajikistan,TJK,1979,
Tajikistan,TJK,1980,
Tajikistan,TJK,1981,
Tajikistan,TJK,1982,
Tajikistan,TJK,1983,
Tajikistan,TJK,1984,
Tajikistan,TJK,1985,
Tajikistan,TJK,1986,
Tajikistan,TJK,1987,
Tajikistan,TJK,1988,
Tajikistan,TJK,1989,
Tajikistan,TJK,1990,4173.04607982249
Tajikistan,TJK,1991,3777.10750632183
Tajikistan,TJK,1992,2630.38658066186
Tajikistan,TJK,1993,2169.96747353928
Tajikistan,TJK,1994,1678.33851733918
Tajikistan,TJK,1995,1439.50277584065
Tajikistan,TJK,1996,1175.79407235242
Tajikistan,TJK,1997,1181.28110133633
Tajikistan,TJK,1998,1236.67552895556
Tajikistan,TJK,1999,1275.82249026045
Tajikistan,TJK,2000,1365.23327447129
Tajikistan,TJK,2001,1467.39882474638
Tajikistan,TJK,2002,1594.93890470219
Tajikistan,TJK,2003,1736.64039749855
Tajikistan,TJK,2004,1878.28696227255
Tajikistan,TJK,2005,1965.30020458256
Tajikistan,TJK,2006,2063.288508243
Tajikistan,TJK,2007,2181.89798056536
Tajikistan,TJK,2008,2308.09430040334
Tajikistan,TJK,2009,2349.50030269416
Tajikistan,TJK,2010,2449.27358745359
Tajikistan,TJK,2011,2572.48074895498
Tajikistan,TJK,2012,2700.09546037358
Tajikistan,TJK,2013,2828.38542075147
Tajikistan,TJK,2014,2943.08867917317
Tajikistan,TJK,2015,3041.44479553257
Tajikistan,TJK,2016,3169.9667820524
Tajikistan,TJK,2017,3312.71202243506
Tajikistan,TJK,2018,3479.69235966041
Tajikistan,TJK,2019,3649.88375518646
Tajikistan,TJK,2020,3724.7489591466
Tajikistan,TJK,2021,3985.91247611219
Tajikistan,TJK,2022,4213.75618362687
Tajikistan,TJK,2023,4472.3241378777
Tajikistan,TJK,2024,4755.93296704719
Turkmenistan,TKM,1960,
Turkmenistan,TKM,1961,
Turkmenistan,TKM,1962,
Turkmenistan,TKM,1963,
Turkmenistan,TKM,1964,
Turkmenistan,TKM,1965,
Turkmenistan,TKM,1966,
Turkmenistan,TKM,1967,
Turkmenistan,TKM,1968,
Turkmenistan,TKM,1969,
Turkmenistan,TKM,1970,
Turkmenistan,TKM,1971,
Turkmenistan,TKM,1972,
Turkmenistan,TKM,1973,
Turkmenistan,TKM,1974,
Turkmenistan,TKM,1975,
Turkmenistan,TKM,1976,
Turkmenistan,TKM,1977,
Turkmenistan,TKM,1978,
Turkmenistan,TKM,1979,
Turkmenistan,TKM,1980,
Turkmenistan,TKM,1981,
Turkmenistan,TKM,1982,
Turkmenistan,TKM,1983,
Turkmenistan,TKM,1984,
Turkmenistan,TKM,1985,
Turkmenistan,TKM,1986,
Turkmenistan,TKM,1987,
Turkmenistan,TKM,1988,
Turkmenistan,TKM,1989,
Turkmenistan,TKM,1990,7850.71328943211
Turkmenistan,TKM,1991,7304.00728889148
Turkmenistan,TKM,1992,6071.08330709863
Turkmenistan,TKM,1993,6028.1027314614
Turkmenistan,TKM,1994,4883.21714193014
Turkmenistan,TKM,1995,4451.02809349502
Turkmenistan,TKM,1996,4668.36342670059
Turkmenistan,TKM,1997,4066.63089252014
Turkmenistan,TKM,1998,4282.50714571282
Turkmenistan,TKM,1999,4898.42375360035
Turkmenistan,TKM,2000,5064.28782418685
Turkmenistan,TKM,2001,5179.46446676106
Turkmenistan,TKM,2002,5090.38095183744
Turkmenistan,TKM,2003,5154.7509814614
Turkmenistan,TKM,2004,5309.64539382487
Turkmenistan,TKM,2005,5889.84657742616
Turkmenistan,TKM,2006,6415.71290854977
Turkmenistan,TKM,2007,6993.52911567076
Turkmenistan,TKM,2008,7870.0271753063
Turkmenistan,TKM,2009,8186.87833253045
Turkmenistan,TKM,2010,8758.89686680508
Turkmenistan,TKM,2011,9837.56345513458
Turkmenistan,TKM,2012,10689.3537347285
Turkmenistan,TKM,2013,11516.3741234527
Turkmenistan,TKM,2014,12423.9246417745
Turkmenistan,TKM,2015,12926.6637306966
Turkmenistan,TKM,2016,13420.3849717471
Turkmenistan,TKM,2017,13963.4045877295
Turkmenistan,TKM,2018,14499.1684377606
Turkmenistan,TKM,2019,15080.9034007693
Turkmenistan,TKM,2020,15630.9145192529
Turkmenistan,TKM,2021,16259.8700051884
Turkmenistan,TKM,2022,16943.6046037141
Turkmenistan,TKM,2023,17685.8585929282
Turkmenistan,TKM,2024,18470.7438450744
Latin America & the Caribbean (IDA & IBRD countries),TLA,1960,
Latin America & the Caribbean (IDA & IBRD countries),TLA,1961,
Latin America & the Caribbean (IDA & IBRD countries),TLA,1962,
Latin America & the Caribbean (IDA & IBRD countries),TLA,1963,
Latin America & the Caribbean (IDA & IBRD countries),TLA,1964,
Latin America & the Caribbean (IDA & IBRD countries),TLA,1965,
Latin America & the Caribbean (IDA & IBRD countries),TLA,1966,
Latin America & the Caribbean (IDA & IBRD countries),TLA,1967,
Latin America & the Caribbean (IDA & IBRD countries),TLA,1968,
Latin America & the Caribbean (IDA & IBRD countries),TLA,1969,
Latin America & the Caribbean (IDA & IBRD countries),TLA,1970,
Latin America & the Caribbean (IDA & IBRD countries),TLA,1971,
Latin America & the Caribbean (IDA & IBRD countries),TLA,1972,
Latin America & the Caribbean (IDA & IBRD countries),TLA,1973,
Latin America & the Caribbean (IDA & IBRD countries),TLA,1974,
Latin America & the Caribbean (IDA & IBRD countries),TLA,1975,
Latin America & the Caribbean (IDA & IBRD countries),TLA,1976,
Latin America & the Caribbean (IDA & IBRD countries),TLA,1977,
Latin America & the Caribbean (IDA & IBRD countries),TLA,1978,
Latin America & the Caribbean (IDA & IBRD countries),TLA,1979,
Latin America & the Caribbean (IDA & IBRD countries),TLA,1980,
Latin America & the Caribbean (IDA & IBRD countries),TLA,1981,
Latin America & the Caribbean (IDA & IBRD countries),TLA,1982,
Latin America & the Caribbean (IDA & IBRD countries),TLA,1983,
Latin America & the Caribbean (IDA & IBRD countries),TLA,1984,
Latin America & the Caribbean (IDA & IBRD countries),TLA,1985,
Latin America & the Caribbean (IDA & IBRD countries),TLA,1986,
Latin America & the Caribbean (IDA & IBRD countries),TLA,1987,
Latin America & the Caribbean (IDA & IBRD countries),TLA,1988,
Latin America & the Caribbean (IDA & IBRD countries),TLA,1989,
Latin America & the Caribbean (IDA & IBRD countries),TLA,1990,12390.7892115963
Latin America & the Caribbean (IDA & IBRD countries),TLA,1991,12567.6202754437
Latin America & the Caribbean (IDA & IBRD countries),TLA,1992,12691.1338514121
Latin America & the Caribbean (IDA & IBRD countries),TLA,1993,13054.0314577269
Latin America & the Caribbean (IDA & IBRD countries),TLA,1994,13517.3711604967
Latin America & the Caribbean (IDA & IBRD countries),TLA,1995,13396.4986932028
Latin America & the Caribbean (IDA & IBRD countries),TLA,1996,13704.1157785271
Latin America & the Caribbean (IDA & IBRD countries),TLA,1997,14223.7229627084
Latin America & the Caribbean (IDA & IBRD countries),TLA,1998,14413.6490756706
Latin America & the Caribbean (IDA & IBRD countries),TLA,1999,14256.9607203277
Latin America & the Caribbean (IDA & IBRD countries),TLA,2000,14549.3372608149
Latin America & the Caribbean (IDA & IBRD countries),TLA,2001,14382.1387890536
Latin America & the Caribbean (IDA & IBRD countries),TLA,2002,14257.7222031593
Latin America & the Caribbean (IDA & IBRD countries),TLA,2003,14430.216561199
Latin America & the Caribbean (IDA & IBRD countries),TLA,2004,15003.8237166523
Latin America & the Caribbean (IDA & IBRD countries),TLA,2005,15420.2917523643
Latin America & the Caribbean (IDA & IBRD countries),TLA,2006,16038.2861869901
Latin America & the Caribbean (IDA & IBRD countries),TLA,2007,16696.6218868769
Latin America & the Caribbean (IDA & IBRD countries),TLA,2008,17128.9043164926
Latin America & the Caribbean (IDA & IBRD countries),TLA,2009,16550.9833188907
Latin America & the Caribbean (IDA & IBRD countries),TLA,2010,17448.2598325074
Latin America & the Caribbean (IDA & IBRD countries),TLA,2011,18055.3042757769
Latin America & the Caribbean (IDA & IBRD countries),TLA,2012,18340.3089340631
Latin America & the Caribbean (IDA & IBRD countries),TLA,2013,18676.7799220997
Latin America & the Caribbean (IDA & IBRD countries),TLA,2014,18762.6257531749
Latin America & the Caribbean (IDA & IBRD countries),TLA,2015,18670.717514529
Latin America & the Caribbean (IDA & IBRD countries),TLA,2016,18455.8801433133
Latin America & the Caribbean (IDA & IBRD countries),TLA,2017,18653.3433106036
Latin America & the Caribbean (IDA & IBRD countries),TLA,2018,18808.0604001973
Latin America & the Caribbean (IDA & IBRD countries),TLA,2019,18791.1714822657
Latin America & the Caribbean (IDA & IBRD countries),TLA,2020,17418.680012511
Latin America & the Caribbean (IDA & IBRD countries),TLA,2021,18609.1190317645
Latin America & the Caribbean (IDA & IBRD countries),TLA,2022,19259.412041102
Latin America & the Caribbean (IDA & IBRD countries),TLA,2023,19551.7411981811
Latin America & the Caribbean (IDA & IBRD countries),TLA,2024,19845.1254630959
Timor-Leste,TLS,1960,
Timor-Leste,TLS,1961,
Timor-Leste,TLS,1962,
Timor-Leste,TLS,1963,
Timor-Leste,TLS,1964,
Timor-Leste,TLS,1965,
Timor-Leste,TLS,1966,
Timor-Leste,TLS,1967,
Timor-Leste,TLS,1968,
Timor-Leste,TLS,1969,
Timor-Leste,TLS,1970,
Timor-Leste,TLS,1971,
Timor-Leste,TLS,1972,
Timor-Leste,TLS,1973,
Timor-Leste,TLS,1974,
Timor-Leste,TLS,1975,
Timor-Leste,TLS,1976,
Timor-Leste,TLS,1977,
Timor-Leste,TLS,1978,
Timor-Leste,TLS,1979,
Timor-Leste,TLS,1980,
Timor-Leste,TLS,1981,
Timor-Leste,TLS,1982,
Timor-Leste,TLS,1983,
Timor-Leste,TLS,1984,
Timor-Leste,TLS,1985,
Timor-Leste,TLS,1986,
Timor-Leste,TLS,1987,
Timor-Leste,TLS,1988,
Timor-Leste,TLS,1989,
Timor-Leste,TLS,1990,2143.79193647891
Timor-Leste,TLS,1991,2318.79425313685
Timor-Leste,TLS,1992,2493.90856413679
Timor-Leste,TLS,1993,2674.39919964976
Timor-Leste,TLS,1994,2786.67622050555
Timor-Leste,TLS,1995,2891.86458508557
Timor-Leste,TLS,1996,3038.23036830136
Timor-Leste,TLS,1997,3073.97036772628
Timor-Leste,TLS,1998,2931.48082007078
Timor-Leste,TLS,1999,2136.6494518776
Timor-Leste,TLS,2000,3783.78329545739
Timor-Leste,TLS,2001,4038.33571017769
Timor-Leste,TLS,2002,3480.9884722922
Timor-Leste,TLS,2003,3264.94647161828
Timor-Leste,TLS,2004,3234.97583674338
Timor-Leste,TLS,2005,3263.94446005573
Timor-Leste,TLS,2006,3038.9523176563
Timor-Leste,TLS,2007,3256.56980118129
Timor-Leste,TLS,2008,3530.88217479074
Timor-Leste,TLS,2009,3792.35831612987
Timor-Leste,TLS,2010,4047.24940614314
Timor-Leste,TLS,2011,4189.79978481015
Timor-Leste,TLS,2012,4297.91482449132
Timor-Leste,TLS,2013,4340.27839503511
Timor-Leste,TLS,2014,4445.35926887033
Timor-Leste,TLS,2015,4467.80007184896
Timor-Leste,TLS,2016,4515.422459894
Timor-Leste,TLS,2017,4290.02709296562
Timor-Leste,TLS,2018,4188.84099191337
Timor-Leste,TLS,2019,5103.14964292207
Timor-Leste,TLS,2020,6594.8817078452
Timor-Leste,TLS,2021,6825.0458085995
Timor-Leste,TLS,2022,5348.49182701353
Timor-Leste,TLS,2023,4331.07792560386
Timor-Leste,TLS,2024,3890.95754653453
"Middle East, North Africa, Afghanistan & Pakistan (IDA & IBRD)",TMN,1960,
"Middle East, North Africa, Afghanistan & Pakistan (IDA & IBRD)",TMN,1961,
"Middle East, North Africa, Afghanistan & Pakistan (IDA & IBRD)",TMN,1962,
"Middle East, North Africa, Afghanistan & Pakistan (IDA & IBRD)",TMN,1963,
"Middle East, North Africa, Afghanistan & Pakistan (IDA & IBRD)",TMN,1964,
"Middle East, North Africa, Afghanistan & Pakistan (IDA & IBRD)",TMN,1965,
"Middle East, North Africa, Afghanistan & Pakistan (IDA & IBRD)",TMN,1966,
"Middle East, North Africa, Afghanistan & Pakistan (IDA & IBRD)",TMN,1967,
"Middle East, North Africa, Afghanistan & Pakistan (IDA & IBRD)",TMN,1968,
"Middle East, North Africa, Afghanistan & Pakistan (IDA & IBRD)",TMN,1969,
"Middle East, North Africa, Afghanistan & Pakistan (IDA & IBRD)",TMN,1970,
"Middle East, North Africa, Afghanistan & Pakistan (IDA & IBRD)",TMN,1971,
"Middle East, North Africa, Afghanistan & Pakistan (IDA & IBRD)",TMN,1972,
"Middle East, North Africa, Afghanistan & Pakistan (IDA & IBRD)",TMN,1973,
"Middle East, North Africa, Afghanistan & Pakistan (IDA & IBRD)",TMN,1974,
"Middle East, North Africa, Afghanistan & Pakistan (IDA & IBRD)",TMN,1975,
"Middle East, North Africa, Afghanistan & Pakistan (IDA & IBRD)",TMN,1976,
"Middle East, North Africa, Afghanistan & Pakistan (IDA & IBRD)",TMN,1977,
"Middle East, North Africa, Afghanistan & Pakistan (IDA & IBRD)",TMN,1978,
"Middle East, North Africa, Afghanistan & Pakistan (IDA & IBRD)",TMN,1979,
"Middle East, North Africa, Afghanistan & Pakistan (IDA & IBRD)",TMN,1980,
"Middle East, North Africa, Afghanistan & Pakistan (IDA & IBRD)",TMN,1981,
"Middle East, North Africa, Afghanistan & Pakistan (IDA & IBRD)",TMN,1982,
"Middle East, North Africa, Afghanistan & Pakistan (IDA & IBRD)",TMN,1983,
"Middle East, North Africa, Afghanistan & Pakistan (IDA & IBRD)",TMN,1984,
"Middle East, North Africa, Afghanistan & Pakistan (IDA & IBRD)",TMN,1985,
"Middle East, North Africa, Afghanistan & Pakistan (IDA & IBRD)",TMN,1986,
"Middle East, North Africa, Afghanistan & Pakistan (IDA & IBRD)",TMN,1987,
"Middle East, North Africa, Afghanistan & Pakistan (IDA & IBRD)",TMN,1988,
"Middle East, North Africa, Afghanistan & Pakistan (IDA & IBRD)",TMN,1989,
"Middle East, North Africa, Afghanistan & Pakistan (IDA & IBRD)",TMN,1990,6472.6383761248
"Middle East, North Africa, Afghanistan & Pakistan (IDA & IBRD)",TMN,1991,6320.9543964451
"Middle East, North Africa, Afghanistan & Pakistan (IDA & IBRD)",TMN,1992,6471.5959466368
"Middle East, North Africa, Afghanistan & Pakistan (IDA & IBRD)",TMN,1993,6409.12436035239
"Middle East, North Africa, Afghanistan & Pakistan (IDA & IBRD)",TMN,1994,6389.38430101237
"Middle East, North Africa, Afghanistan & Pakistan (IDA & IBRD)",TMN,1995,6437.87751082351
"Middle East, North Africa, Afghanistan & Pakistan (IDA & IBRD)",TMN,1996,6668.86543267253
"Middle East, North Africa, Afghanistan & Pakistan (IDA & IBRD)",TMN,1997,6740.03688747731
"Middle East, North Africa, Afghanistan & Pakistan (IDA & IBRD)",TMN,1998,6954.84271034817
"Middle East, North Africa, Afghanistan & Pakistan (IDA & IBRD)",TMN,1999,7086.45389810569
"Middle East, North Africa, Afghanistan & Pakistan (IDA & IBRD)",TMN,2000,7335.74567056542
"Middle East, North Africa, Afghanistan & Pakistan (IDA & IBRD)",TMN,2001,7393.68924291584
"Middle East, North Africa, Afghanistan & Pakistan (IDA & IBRD)",TMN,2002,7492.5839251724
"Middle East, North Africa, Afghanistan & Pakistan (IDA & IBRD)",TMN,2003,7503.40085813174
"Middle East, North Africa, Afghanistan & Pakistan (IDA & IBRD)",TMN,2004,7894.73920422743
"Middle East, North Africa, Afghanistan & Pakistan (IDA & IBRD)",TMN,2005,8089.64903827668
"Middle East, North Africa, Afghanistan & Pakistan (IDA & IBRD)",TMN,2006,8347.93200878985
"Middle East, North Africa, Afghanistan & Pakistan (IDA & IBRD)",TMN,2007,8653.73763157619
"Middle East, North Africa, Afghanistan & Pakistan (IDA & IBRD)",TMN,2008,8778.68857917021
"Middle East, North Africa, Afghanistan & Pakistan (IDA & IBRD)",TMN,2009,8855.99168481009
"Middle East, North Africa, Afghanistan & Pakistan (IDA & IBRD)",TMN,2010,9076.89041241803
"Middle East, North Africa, Afghanistan & Pakistan (IDA & IBRD)",TMN,2011,9010.52759049832
"Middle East, North Africa, Afghanistan & Pakistan (IDA & IBRD)",TMN,2012,9005.54949728912
"Middle East, North Africa, Afghanistan & Pakistan (IDA & IBRD)",TMN,2013,8926.7135503703
"Middle East, North Africa, Afghanistan & Pakistan (IDA & IBRD)",TMN,2014,9012.30780450401
"Middle East, North Africa, Afghanistan & Pakistan (IDA & IBRD)",TMN,2015,9059.41391427741
"Middle East, North Africa, Afghanistan & Pakistan (IDA & IBRD)",TMN,2016,9433.37331636818
"Middle East, North Africa, Afghanistan & Pakistan (IDA & IBRD)",TMN,2017,9580.54922221665
"Middle East, North Africa, Afghanistan & Pakistan (IDA & IBRD)",TMN,2018,9633.85835874122
"Middle East, North Africa, Afghanistan & Pakistan (IDA & IBRD)",TMN,2019,9646.79140996012
"Middle East, North Africa, Afghanistan & Pakistan (IDA & IBRD)",TMN,2020,9336.60440871316
"Middle East, North Africa, Afghanistan & Pakistan (IDA & IBRD)",TMN,2021,9544.65393425022
"Middle East, North Africa, Afghanistan & Pakistan (IDA & IBRD)",TMN,2022,9819.10765239761
"Middle East, North Africa, Afghanistan & Pakistan (IDA & IBRD)",TMN,2023,9934.12763020633
"Middle East, North Africa, Afghanistan & Pakistan (IDA & IBRD)",TMN,2024,10015.7953971077
Tonga,TON,1960,
Tonga,TON,1961,
Tonga,TON,1962,
Tonga,TON,1963,
Tonga,TON,1964,
Tonga,TON,1965,
Tonga,TON,1966,
Tonga,TON,1967,
Tonga,TON,1968,
Tonga,TON,1969,
Tonga,TON,1970,
Tonga,TON,1971,
Tonga,TON,1972,
Tonga,TON,1973,
Tonga,TON,1974,
Tonga,TON,1975,
Tonga,TON,1976,
Tonga,TON,1977,
Tonga,TON,1978,
Tonga,TON,1979,
Tonga,TON,1980,
Tonga,TON,1981,
Tonga,TON,1982,
Tonga,TON,1983,
Tonga,TON,1984,
Tonga,TON,1985,
Tonga,TON,1986,
Tonga,TON,1987,
Tonga,TON,1988,
Tonga,TON,1989,
Tonga,TON,1990,4488.39423743031
Tonga,TON,1991,4766.99902463283
Tonga,TON,1992,4772.94258546235
Tonga,TON,1993,4947.35147939204
Tonga,TON,1994,5189.10434041494
Tonga,TON,1995,5509.04512310938
Tonga,TON,1996,5511.41450656968
Tonga,TON,1997,5456.60423424372
Tonga,TON,1998,5542.39330688545
Tonga,TON,1999,5633.44423786367
Tonga,TON,2000,5809.00929738723
Tonga,TON,2001,5860.83162290404
Tonga,TON,2002,6085.89291010605
Tonga,TON,2003,6054.65554234045
Tonga,TON,2004,5901.21343135785
Tonga,TON,2005,5829.1173260211
Tonga,TON,2006,5671.64079163565
Tonga,TON,2007,5507.35733894364
Tonga,TON,2008,5759.30612501464
Tonga,TON,2009,5454.57394388907
Tonga,TON,2010,5489.45367019062
Tonga,TON,2011,5848.19312009382
Tonga,TON,2012,5908.02400699798
Tonga,TON,2013,5952.45690447913
Tonga,TON,2014,6097.65041861635
Tonga,TON,2015,6195.43302733786
Tonga,TON,2016,6639.98719699561
Tonga,TON,2017,6863.54796430087
Tonga,TON,2018,6885.98490469718
Tonga,TON,2019,6859.71739851786
Tonga,TON,2020,6981.30436453629
Tonga,TON,2021,6930.06482518663
Tonga,TON,2022,6811.48234641523
Tonga,TON,2023,7031.32021704688
Tonga,TON,2024,7180.98743332878
South Asia (IDA & IBRD),TSA,1960,
South Asia (IDA & IBRD),TSA,1961,
South Asia (IDA & IBRD),TSA,1962,
South Asia (IDA & IBRD),TSA,1963,
South Asia (IDA & IBRD),TSA,1964,
South Asia (IDA & IBRD),TSA,1965,
South Asia (IDA & IBRD),TSA,1966,
South Asia (IDA & IBRD),TSA,1967,
South Asia (IDA & IBRD),TSA,1968,
South Asia (IDA & IBRD),TSA,1969,
South Asia (IDA & IBRD),TSA,1970,
South Asia (IDA & IBRD),TSA,1971,
South Asia (IDA & IBRD),TSA,1972,
South Asia (IDA & IBRD),TSA,1973,
South Asia (IDA & IBRD),TSA,1974,
South Asia (IDA & IBRD),TSA,1975,
South Asia (IDA & IBRD),TSA,1976,
South Asia (IDA & IBRD),TSA,1977,
South Asia (IDA & IBRD),TSA,1978,
South Asia (IDA & IBRD),TSA,1979,
South Asia (IDA & IBRD),TSA,1980,
South Asia (IDA & IBRD),TSA,1981,
South Asia (IDA & IBRD),TSA,1982,
South Asia (IDA & IBRD),TSA,1983,
South Asia (IDA & IBRD),TSA,1984,
South Asia (IDA & IBRD),TSA,1985,
South Asia (IDA & IBRD),TSA,1986,
South Asia (IDA & IBRD),TSA,1987,
South Asia (IDA & IBRD),TSA,1988,
South Asia (IDA & IBRD),TSA,1989,
South Asia (IDA & IBRD),TSA,1990,2167.05307825032
South Asia (IDA & IBRD),TSA,1991,2153.67851336538
South Asia (IDA & IBRD),TSA,1992,2223.06499275144
South Asia (IDA & IBRD),TSA,1993,2281.98365680147
South Asia (IDA & IBRD),TSA,1994,2378.29855614022
South Asia (IDA & IBRD),TSA,1995,2498.68327723447
South Asia (IDA & IBRD),TSA,1996,2622.89612404834
South Asia (IDA & IBRD),TSA,1997,2679.99154602438
South Asia (IDA & IBRD),TSA,1998,2786.01550520478
South Asia (IDA & IBRD),TSA,1999,2957.79775686178
South Asia (IDA & IBRD),TSA,2000,3021.63279439044
South Asia (IDA & IBRD),TSA,2001,3103.92321367445
South Asia (IDA & IBRD),TSA,2002,3164.42111189042
South Asia (IDA & IBRD),TSA,2003,3343.17936577198
South Asia (IDA & IBRD),TSA,2004,3536.63492979436
South Asia (IDA & IBRD),TSA,2005,3748.35844477212
South Asia (IDA & IBRD),TSA,2006,3983.25023893144
South Asia (IDA & IBRD),TSA,2007,4222.24103901725
South Asia (IDA & IBRD),TSA,2008,4309.94806835076
South Asia (IDA & IBRD),TSA,2009,4566.50695762565
South Asia (IDA & IBRD),TSA,2010,4872.71064899734
South Asia (IDA & IBRD),TSA,2011,5069.45396503048
South Asia (IDA & IBRD),TSA,2012,5285.90684170559
South Asia (IDA & IBRD),TSA,2013,5548.16105526486
South Asia (IDA & IBRD),TSA,2014,5878.67479791218
South Asia (IDA & IBRD),TSA,2015,6259.31717310526
South Asia (IDA & IBRD),TSA,2016,6681.44601575684
South Asia (IDA & IBRD),TSA,2017,7055.83469512198
South Asia (IDA & IBRD),TSA,2018,7430.46384287571
South Asia (IDA & IBRD),TSA,2019,7660.41899011306
South Asia (IDA & IBRD),TSA,2020,7215.20736191888
South Asia (IDA & IBRD),TSA,2021,7815.21278442871
South Asia (IDA & IBRD),TSA,2022,8308.38014181846
South Asia (IDA & IBRD),TSA,2023,8796.72942063676
South Asia (IDA & IBRD),TSA,2024,9307.06752508413
Sub-Saharan Africa (IDA & IBRD countries),TSS,1960,
Sub-Saharan Africa (IDA & IBRD countries),TSS,1961,
Sub-Saharan Africa (IDA & IBRD countries),TSS,1962,
Sub-Saharan Africa (IDA & IBRD countries),TSS,1963,
Sub-Saharan Africa (IDA & IBRD countries),TSS,1964,
Sub-Saharan Africa (IDA & IBRD countries),TSS,1965,
Sub-Saharan Africa (IDA & IBRD countries),TSS,1966,
Sub-Saharan Africa (IDA & IBRD countries),TSS,1967,
Sub-Saharan Africa (IDA & IBRD countries),TSS,1968,
Sub-Saharan Africa (IDA & IBRD countries),TSS,1969,
Sub-Saharan Africa (IDA & IBRD countries),TSS,1970,
Sub-Saharan Africa (IDA & IBRD countries),TSS,1971,
Sub-Saharan Africa (IDA & IBRD countries),TSS,1972,
Sub-Saharan Africa (IDA & IBRD countries),TSS,1973,
Sub-Saharan Africa (IDA & IBRD countries),TSS,1974,
Sub-Saharan Africa (IDA & IBRD countries),TSS,1975,
Sub-Saharan Africa (IDA & IBRD countries),TSS,1976,
Sub-Saharan Africa (IDA & IBRD countries),TSS,1977,
Sub-Saharan Africa (IDA & IBRD countries),TSS,1978,
Sub-Saharan Africa (IDA & IBRD countries),TSS,1979,
Sub-Saharan Africa (IDA & IBRD countries),TSS,1980,
Sub-Saharan Africa (IDA & IBRD countries),TSS,1981,
Sub-Saharan Africa (IDA & IBRD countries),TSS,1982,
Sub-Saharan Africa (IDA & IBRD countries),TSS,1983,
Sub-Saharan Africa (IDA & IBRD countries),TSS,1984,
Sub-Saharan Africa (IDA & IBRD countries),TSS,1985,
Sub-Saharan Africa (IDA & IBRD countries),TSS,1986,
Sub-Saharan Africa (IDA & IBRD countries),TSS,1987,
Sub-Saharan Africa (IDA & IBRD countries),TSS,1988,
Sub-Saharan Africa (IDA & IBRD countries),TSS,1989,
Sub-Saharan Africa (IDA & IBRD countries),TSS,1990,3778.06278298322
Sub-Saharan Africa (IDA & IBRD countries),TSS,1991,3695.49669475325
Sub-Saharan Africa (IDA & IBRD countries),TSS,1992,3588.38052775321
Sub-Saharan Africa (IDA & IBRD countries),TSS,1993,3448.82105754797
Sub-Saharan Africa (IDA & IBRD countries),TSS,1994,3384.95251744949
Sub-Saharan Africa (IDA & IBRD countries),TSS,1995,3402.78267461483
Sub-Saharan Africa (IDA & IBRD countries),TSS,1996,3484.76695002218
Sub-Saharan Africa (IDA & IBRD countries),TSS,1997,3533.19594417371
Sub-Saharan Africa (IDA & IBRD countries),TSS,1998,3531.51838340967
Sub-Saharan Africa (IDA & IBRD countries),TSS,1999,3511.45394031025
Sub-Saharan Africa (IDA & IBRD countries),TSS,2000,3536.74164552249
Sub-Saharan Africa (IDA & IBRD countries),TSS,2001,3594.49268935584
Sub-Saharan Africa (IDA & IBRD countries),TSS,2002,3734.54815647759
Sub-Saharan Africa (IDA & IBRD countries),TSS,2003,3789.70221048341
Sub-Saharan Africa (IDA & IBRD countries),TSS,2004,3941.14291024738
Sub-Saharan Africa (IDA & IBRD countries),TSS,2005,4067.54686495063
Sub-Saharan Africa (IDA & IBRD countries),TSS,2006,4198.85922825456
Sub-Saharan Africa (IDA & IBRD countries),TSS,2007,4337.79844704611
Sub-Saharan Africa (IDA & IBRD countries),TSS,2008,4445.5273501557
Sub-Saharan Africa (IDA & IBRD countries),TSS,2009,4479.1406301998
Sub-Saharan Africa (IDA & IBRD countries),TSS,2010,4632.84408191438
Sub-Saharan Africa (IDA & IBRD countries),TSS,2011,4713.42233131106
Sub-Saharan Africa (IDA & IBRD countries),TSS,2012,4775.8739329678
Sub-Saharan Africa (IDA & IBRD countries),TSS,2013,4896.32543067071
Sub-Saharan Africa (IDA & IBRD countries),TSS,2014,5002.96695140382
Sub-Saharan Africa (IDA & IBRD countries),TSS,2015,5019.95019038994
Sub-Saharan Africa (IDA & IBRD countries),TSS,2016,4956.58486807326
Sub-Saharan Africa (IDA & IBRD countries),TSS,2017,4953.2648572016
Sub-Saharan Africa (IDA & IBRD countries),TSS,2018,4963.20882492551
Sub-Saharan Africa (IDA & IBRD countries),TSS,2019,4962.55290682237
Sub-Saharan Africa (IDA & IBRD countries),TSS,2020,4677.92219768928
Sub-Saharan Africa (IDA & IBRD countries),TSS,2021,4720.48407808675
Sub-Saharan Africa (IDA & IBRD countries),TSS,2022,4795.24715624599
Sub-Saharan Africa (IDA & IBRD countries),TSS,2023,4809.48422824725
Sub-Saharan Africa (IDA & IBRD countries),TSS,2024,4872.91556737875
Trinidad and Tobago,TTO,1960,
Trinidad and Tobago,TTO,1961,
Trinidad and Tobago,TTO,1962,
Trinidad and Tobago,TTO,1963,
Trinidad and Tobago,TTO,1964,
Trinidad and Tobago,TTO,1965,
Trinidad and Tobago,TTO,1966,
Trinidad and Tobago,TTO,1967,
Trinidad and Tobago,TTO,1968,
Trinidad and Tobago,TTO,1969,
Trinidad and Tobago,TTO,1970,
Trinidad and Tobago,TTO,1971,
Trinidad and Tobago,TTO,1972,
Trinidad and Tobago,TTO,1973,
Trinidad and Tobago,TTO,1974,
Trinidad and Tobago,TTO,1975,
Trinidad and Tobago,TTO,1976,
Trinidad and Tobago,TTO,1977,
Trinidad and Tobago,TTO,1978,
Trinidad and Tobago,TTO,1979,
Trinidad and Tobago,TTO,1980,
Trinidad and Tobago,TTO,1981,
Trinidad and Tobago,TTO,1982,
Trinidad and Tobago,TTO,1983,
Trinidad and Tobago,TTO,1984,
Trinidad and Tobago,TTO,1985,
Trinidad and Tobago,TTO,1986,
Trinidad and Tobago,TTO,1987,
Trinidad and Tobago,TTO,1988,
Trinidad and Tobago,TTO,1989,
Trinidad and Tobago,TTO,1990,11869.5287266317
Trinidad and Tobago,TTO,1991,12142.348150297
Trinidad and Tobago,TTO,1992,13267.9770581707
Trinidad and Tobago,TTO,1993,13088.7073855168
Trinidad and Tobago,TTO,1994,13472.7464155031
Trinidad and Tobago,TTO,1995,13912.3133299045
Trinidad and Tobago,TTO,1996,14838.9026529676
Trinidad and Tobago,TTO,1997,15895.2438763164
Trinidad and Tobago,TTO,1998,17129.0911444686
Trinidad and Tobago,TTO,1999,18440.5741312908
Trinidad and Tobago,TTO,2000,19637.5545410721
Trinidad and Tobago,TTO,2001,20366.753132212
Trinidad and Tobago,TTO,2002,21876.8529070403
Trinidad and Tobago,TTO,2003,24910.823196152
Trinidad and Tobago,TTO,2004,26757.9075601429
Trinidad and Tobago,TTO,2005,29536.4394101096
Trinidad and Tobago,TTO,2006,33348.7507470886
Trinidad and Tobago,TTO,2007,34793.6457521105
Trinidad and Tobago,TTO,2008,35825.3333456362
Trinidad and Tobago,TTO,2009,34212.2683057008
Trinidad and Tobago,TTO,2010,35145.1253639062
Trinidad and Tobago,TTO,2011,34769.7620251376
Trinidad and Tobago,TTO,2012,36903.6898574094
Trinidad and Tobago,TTO,2013,37994.0686480473
Trinidad and Tobago,TTO,2014,39248.6570516023
Trinidad and Tobago,TTO,2015,38963.9641783011
Trinidad and Tobago,TTO,2016,35914.9901970983
Trinidad and Tobago,TTO,2017,34095.9899256152
Trinidad and Tobago,TTO,2018,33710.0178540008
Trinidad and Tobago,TTO,2019,33748.7060849924
Trinidad and Tobago,TTO,2020,30720.8876936042
Trinidad and Tobago,TTO,2021,30482.1201798631
Trinidad and Tobago,TTO,2022,30784.1112580356
Trinidad and Tobago,TTO,2023,31196.603554718
Trinidad and Tobago,TTO,2024,31960.1568888983
Tunisia,TUN,1960,
Tunisia,TUN,1961,
Tunisia,TUN,1962,
Tunisia,TUN,1963,
Tunisia,TUN,1964,
Tunisia,TUN,1965,
Tunisia,TUN,1966,
Tunisia,TUN,1967,
Tunisia,TUN,1968,
Tunisia,TUN,1969,
Tunisia,TUN,1970,
Tunisia,TUN,1971,
Tunisia,TUN,1972,
Tunisia,TUN,1973,
Tunisia,TUN,1974,
Tunisia,TUN,1975,
Tunisia,TUN,1976,
Tunisia,TUN,1977,
Tunisia,TUN,1978,
Tunisia,TUN,1979,
Tunisia,TUN,1980,
Tunisia,TUN,1981,
Tunisia,TUN,1982,
Tunisia,TUN,1983,
Tunisia,TUN,1984,
Tunisia,TUN,1985,
Tunisia,TUN,1986,
Tunisia,TUN,1987,
Tunisia,TUN,1988,
Tunisia,TUN,1989,
Tunisia,TUN,1990,6742.58426420551
Tunisia,TUN,1991,6859.73427153777
Tunisia,TUN,1992,7241.29105894738
Tunisia,TUN,1993,7253.33614579881
Tunisia,TUN,1994,7350.65600471494
Tunisia,TUN,1995,7406.23900930842
Tunisia,TUN,1996,7821.79219107359
Tunisia,TUN,1997,8136.3376111408
Tunisia,TUN,1998,8417.98493264685
Tunisia,TUN,1999,8821.98791288257
Tunisia,TUN,2000,9134.41506327005
Tunisia,TUN,2001,9380.56317617024
Tunisia,TUN,2002,9407.55676671593
Tunisia,TUN,2003,9752.02442335824
Tunisia,TUN,2004,10263.8055422408
Tunisia,TUN,2005,10529.1598956845
Tunisia,TUN,2006,10983.9221903991
Tunisia,TUN,2007,11613.9247511428
Tunisia,TUN,2008,11990.1962371716
Tunisia,TUN,2009,12229.7752536693
Tunisia,TUN,2010,12458.2710366551
Tunisia,TUN,2011,12068.7136257667
Tunisia,TUN,2012,12436.3958115735
Tunisia,TUN,2013,12587.9950645596
Tunisia,TUN,2014,12824.0028914441
Tunisia,TUN,2015,12802.7917211433
Tunisia,TUN,2016,12803.8797371543
Tunisia,TUN,2017,12955.4014814241
Tunisia,TUN,2018,13163.1952230357
Tunisia,TUN,2019,13243.9024233246
Tunisia,TUN,2020,11955.5983698479
Tunisia,TUN,2021,12444.3264026887
Tunisia,TUN,2022,12712.22345453
Tunisia,TUN,2023,12650.9615158166
Tunisia,TUN,2024,12774.9158568021
Turkiye,TUR,1960,
Turkiye,TUR,1961,
Turkiye,TUR,1962,
Turkiye,TUR,1963,
Turkiye,TUR,1964,
Turkiye,TUR,1965,
Turkiye,TUR,1966,
Turkiye,TUR,1967,
Turkiye,TUR,1968,
Turkiye,TUR,1969,
Turkiye,TUR,1970,
Turkiye,TUR,1971,
Turkiye,TUR,1972,
Turkiye,TUR,1973,
Turkiye,TUR,1974,
Turkiye,TUR,1975,
Turkiye,TUR,1976,
Turkiye,TUR,1977,
Turkiye,TUR,1978,
Turkiye,TUR,1979,
Turkiye,TUR,1980,
Turkiye,TUR,1981,
Turkiye,TUR,1982,
Turkiye,TUR,1983,
Turkiye,TUR,1984,
Turkiye,TUR,1985,
Turkiye,TUR,1986,
Turkiye,TUR,1987,
Turkiye,TUR,1988,
Turkiye,TUR,1989,
Turkiye,TUR,1990,12184.1995945303
Turkiye,TUR,1991,12057.9354364382
Turkiye,TUR,1992,12451.0451197948
Turkiye,TUR,1993,13174.467116412
Turkiye,TUR,1994,12343.0041848988
Turkiye,TUR,1995,13099.2575267612
Turkiye,TUR,1996,13826.9201097072
Turkiye,TUR,1997,14631.2958814739
Turkiye,TUR,1998,14704.3385744207
Turkiye,TUR,1999,14066.1896257233
Turkiye,TUR,2000,14856.914625257
Turkiye,TUR,2001,13872.1287284566
Turkiye,TUR,2002,14587.894621656
Turkiye,TUR,2003,15255.7177960689
Turkiye,TUR,2004,16583.8837094062
Turkiye,TUR,2005,17902.5966004487
Turkiye,TUR,2006,18972.0089563632
Turkiye,TUR,2007,19909.083519675
Turkiye,TUR,2008,19839.5845462269
Turkiye,TUR,2009,18612.1925231905
Turkiye,TUR,2010,19897.4464836887
Turkiye,TUR,2011,21760.4291923634
Turkiye,TUR,2012,22517.7148287875
Turkiye,TUR,2013,24117.3121099839
Turkiye,TUR,2014,24888.8521742576
Turkiye,TUR,2015,25984.8027306177
Turkiye,TUR,2016,26489.6436816046
Turkiye,TUR,2017,28194.688309381
Turkiye,TUR,2018,28780.3036458151
Turkiye,TUR,2019,28741.0535082701
Turkiye,TUR,2020,28976.7179161611
Turkiye,TUR,2021,32105.5474400506
Turkiye,TUR,2022,33520.8111384208
Turkiye,TUR,2023,35069.1701714685
Turkiye,TUR,2024,36154.490436557
Tuvalu,TUV,1960,
Tuvalu,TUV,1961,
Tuvalu,TUV,1962,
Tuvalu,TUV,1963,
Tuvalu,TUV,1964,
Tuvalu,TUV,1965,
Tuvalu,TUV,1966,
Tuvalu,TUV,1967,
Tuvalu,TUV,1968,
Tuvalu,TUV,1969,
Tuvalu,TUV,1970,
Tuvalu,TUV,1971,
Tuvalu,TUV,1972,
Tuvalu,TUV,1973,
Tuvalu,TUV,1974,
Tuvalu,TUV,1975,
Tuvalu,TUV,1976,
Tuvalu,TUV,1977,
Tuvalu,TUV,1978,
Tuvalu,TUV,1979,
Tuvalu,TUV,1980,
Tuvalu,TUV,1981,
Tuvalu,TUV,1982,
Tuvalu,TUV,1983,
Tuvalu,TUV,1984,
Tuvalu,TUV,1985,
Tuvalu,TUV,1986,
Tuvalu,TUV,1987,
Tuvalu,TUV,1988,
Tuvalu,TUV,1989,
Tuvalu,TUV,1990,3120.28113184545
Tuvalu,TUV,1991,3185.82377909019
Tuvalu,TUV,1992,3234.81421654899
Tuvalu,TUV,1993,3335.31685728064
Tuvalu,TUV,1994,3645.93964662586
Tuvalu,TUV,1995,3436.23529578401
Tuvalu,TUV,1996,3209.94284061686
Tuvalu,TUV,1997,3509.25585463937
Tuvalu,TUV,1998,4031.35916663613
Tuvalu,TUV,1999,3949.50872239411
Tuvalu,TUV,2000,3893.29676614411
Tuvalu,TUV,2001,3903.20310133161
Tuvalu,TUV,2002,4211.58993214321
Tuvalu,TUV,2003,3998.4360743816
Tuvalu,TUV,2004,3874.58266822844
Tuvalu,TUV,2005,3682.89175926232
Tuvalu,TUV,2006,3687.77123312778
Tuvalu,TUV,2007,3893.64259975408
Tuvalu,TUV,2008,4093.92473951632
Tuvalu,TUV,2009,3812.13929570827
Tuvalu,TUV,2010,3664.45034598789
Tuvalu,TUV,2011,3879.3490996995
Tuvalu,TUV,2012,3715.60046956613
Tuvalu,TUV,2013,3833.48955456181
Tuvalu,TUV,2014,3903.4345149878
Tuvalu,TUV,2015,4277.7146690273
Tuvalu,TUV,2016,4495.57215692486
Tuvalu,TUV,2017,4668.54376684727
Tuvalu,TUV,2018,4785.23289965077
Tuvalu,TUV,2019,5515.89953720794
Tuvalu,TUV,2020,5442.36321121293
Tuvalu,TUV,2021,5551.80841999248
Tuvalu,TUV,2022,5044.53984578911
Tuvalu,TUV,2023,5315.16301028104
Tuvalu,TUV,2024,5592.18723602659
Tanzania,TZA,1960,
Tanzania,TZA,1961,
Tanzania,TZA,1962,
Tanzania,TZA,1963,
Tanzania,TZA,1964,
Tanzania,TZA,1965,
Tanzania,TZA,1966,
Tanzania,TZA,1967,
Tanzania,TZA,1968,
Tanzania,TZA,1969,
Tanzania,TZA,1970,
Tanzania,TZA,1971,
Tanzania,TZA,1972,
Tanzania,TZA,1973,
Tanzania,TZA,1974,
Tanzania,TZA,1975,
Tanzania,TZA,1976,
Tanzania,TZA,1977,
Tanzania,TZA,1978,
Tanzania,TZA,1979,
Tanzania,TZA,1980,
Tanzania,TZA,1981,
Tanzania,TZA,1982,
Tanzania,TZA,1983,
Tanzania,TZA,1984,
Tanzania,TZA,1985,
Tanzania,TZA,1986,
Tanzania,TZA,1987,
Tanzania,TZA,1988,
Tanzania,TZA,1989,
Tanzania,TZA,1990,1794.20458984375
Tanzania,TZA,1991,1785.66394042969
Tanzania,TZA,1992,1751.91845703125
Tanzania,TZA,1993,1718.39306640625
Tanzania,TZA,1994,1679.66235351563
Tanzania,TZA,1995,1685.85107421875
Tanzania,TZA,1996,1730.55456542969
Tanzania,TZA,1997,1755.8037109375
Tanzania,TZA,1998,1773.72424316406
Tanzania,TZA,1999,1810.97155761719
Tanzania,TZA,2000,1839.93664550781
Tanzania,TZA,2001,1899.74536132813
Tanzania,TZA,2002,1982.64428710938
Tanzania,TZA,2003,2059.83740234375
Tanzania,TZA,2004,2155.24145507813
Tanzania,TZA,2005,2253.09326171875
Tanzania,TZA,2006,2334.1044921875
Tanzania,TZA,2007,2423.61596679688
Tanzania,TZA,2008,2493.25927734375
Tanzania,TZA,2009,2560.81103515625
Tanzania,TZA,2010,2654.80346679688
Tanzania,TZA,2011,2779.70776367188
Tanzania,TZA,2012,2822.4853515625
Tanzania,TZA,2013,2924.86328125
Tanzania,TZA,2014,3027.56909179688
Tanzania,TZA,2015,3111.44458007813
Tanzania,TZA,2016,3214.24682617188
Tanzania,TZA,2017,3318.28833007813
Tanzania,TZA,2018,3392.68872070313
Tanzania,TZA,2019,3484.63256835938
Tanzania,TZA,2020,3449.82153320313
Tanzania,TZA,2021,3493.0830078125
Tanzania,TZA,2022,3546.98095703125
Tanzania,TZA,2023,3620.79345703125
Tanzania,TZA,2024,3713.26293945313
Uganda,UGA,1960,
Uganda,UGA,1961,
Uganda,UGA,1962,
Uganda,UGA,1963,
Uganda,UGA,1964,
Uganda,UGA,1965,
Uganda,UGA,1966,
Uganda,UGA,1967,
Uganda,UGA,1968,
Uganda,UGA,1969,
Uganda,UGA,1970,
Uganda,UGA,1971,
Uganda,UGA,1972,
Uganda,UGA,1973,
Uganda,UGA,1974,
Uganda,UGA,1975,
Uganda,UGA,1976,
Uganda,UGA,1977,
Uganda,UGA,1978,
Uganda,UGA,1979,
Uganda,UGA,1980,
Uganda,UGA,1981,
Uganda,UGA,1982,
Uganda,UGA,1983,
Uganda,UGA,1984,
Uganda,UGA,1985,
Uganda,UGA,1986,
Uganda,UGA,1987,
Uganda,UGA,1988,
Uganda,UGA,1989,
Uganda,UGA,1990,1080.03830980398
Uganda,UGA,1991,1103.22897278835
Uganda,UGA,1992,1102.72992145701
Uganda,UGA,1993,1153.99369070318
Uganda,UGA,1994,1187.36780541734
Uganda,UGA,1995,1288.50886674348
Uganda,UGA,1996,1367.94573764936
Uganda,UGA,1997,1396.63106915218
Uganda,UGA,1998,1422.20789184705
Uganda,UGA,1999,1487.75796178874
Uganda,UGA,2000,1487.00498853512
Uganda,UGA,2001,1516.96423755695
Uganda,UGA,2002,1598.5828380849
Uganda,UGA,2003,1649.1482601448
Uganda,UGA,2004,1709.36159216857
Uganda,UGA,2005,1765.03788457066
Uganda,UGA,2006,1898.97915280479
Uganda,UGA,2007,1999.0624896434
Uganda,UGA,2008,2110.10049271503
Uganda,UGA,2009,2188.29916246327
Uganda,UGA,2010,2244.60595194584
Uganda,UGA,2011,2384.4653273154
Uganda,UGA,2012,2405.09455932767
Uganda,UGA,2013,2420.88808087266
Uganda,UGA,2014,2470.50380909598
Uganda,UGA,2015,2520.0201028843
Uganda,UGA,2016,2554.22769062073
Uganda,UGA,2017,2543.84754394956
Uganda,UGA,2018,2613.87976413963
Uganda,UGA,2019,2689.41009144919
Uganda,UGA,2020,2678.00907202293
Uganda,UGA,2021,2684.92035939744
Uganda,UGA,2022,2724.90609568409
Uganda,UGA,2023,2791.05576885861
Uganda,UGA,2024,2879.67009290376
Ukraine,UKR,1960,
Ukraine,UKR,1961,
Ukraine,UKR,1962,
Ukraine,UKR,1963,
Ukraine,UKR,1964,
Ukraine,UKR,1965,
Ukraine,UKR,1966,
Ukraine,UKR,1967,
Ukraine,UKR,1968,
Ukraine,UKR,1969,
Ukraine,UKR,1970,
Ukraine,UKR,1971,
Ukraine,UKR,1972,
Ukraine,UKR,1973,
Ukraine,UKR,1974,
Ukraine,UKR,1975,
Ukraine,UKR,1976,
Ukraine,UKR,1977,
Ukraine,UKR,1978,
Ukraine,UKR,1979,
Ukraine,UKR,1980,
Ukraine,UKR,1981,
Ukraine,UKR,1982,
Ukraine,UKR,1983,
Ukraine,UKR,1984,
Ukraine,UKR,1985,
Ukraine,UKR,1986,
Ukraine,UKR,1987,
Ukraine,UKR,1988,
Ukraine,UKR,1989,
Ukraine,UKR,1990,22815.798828125
Ukraine,UKR,1991,20784.16015625
Ukraine,UKR,1992,18671.873046875
Ukraine,UKR,1993,16012.3720703125
Ukraine,UKR,1994,12410.525390625
Ukraine,UKR,1995,10983.0087890625
Ukraine,UKR,1996,9969.5009765625
Ukraine,UKR,1997,9754.0498046875
Ukraine,UKR,1998,9646.0546875
Ukraine,UKR,1999,9704.4453125
Ukraine,UKR,2000,10364.0625
Ukraine,UKR,2001,11379.3857421875
Ukraine,UKR,2002,12092.7890625
Ukraine,UKR,2003,13342.8798828125
Ukraine,UKR,2004,15021.06640625
Ukraine,UKR,2005,15610.5732421875
Ukraine,UKR,2006,16901.5078125
Ukraine,UKR,2007,18374.013671875
Ukraine,UKR,2008,18883.986328125
Ukraine,UKR,2009,16092.7958984375
Ukraine,UKR,2010,16811.794921875
Ukraine,UKR,2011,17783.95703125
Ukraine,UKR,2012,17848.740234375
Ukraine,UKR,2013,17889.091796875
Ukraine,UKR,2014,16978.8125
Ukraine,UKR,2015,15403.7099609375
Ukraine,UKR,2016,15856.8125
Ukraine,UKR,2017,16310.3603515625
Ukraine,UKR,2018,16978.984375
Ukraine,UKR,2019,17636.5546875
Ukraine,UKR,2020,17092.5390625
Ukraine,UKR,2021,17846.408203125
Ukraine,UKR,2022,13787.12109375
Ukraine,UKR,2023,15916.9580078125
Ukraine,UKR,2024,16371.44140625
Uruguay,URY,1960,
Uruguay,URY,1961,
Uruguay,URY,1962,
Uruguay,URY,1963,
Uruguay,URY,1964,
Uruguay,URY,1965,
Uruguay,URY,1966,
Uruguay,URY,1967,
Uruguay,URY,1968,
Uruguay,URY,1969,
Uruguay,URY,1970,
Uruguay,URY,1971,
Uruguay,URY,1972,
Uruguay,URY,1973,
Uruguay,URY,1974,
Uruguay,URY,1975,
Uruguay,URY,1976,
Uruguay,URY,1977,
Uruguay,URY,1978,
Uruguay,URY,1979,
Uruguay,URY,1980,
Uruguay,URY,1981,
Uruguay,URY,1982,
Uruguay,URY,1983,
Uruguay,URY,1984,
Uruguay,URY,1985,
Uruguay,URY,1986,
Uruguay,URY,1987,
Uruguay,URY,1988,
Uruguay,URY,1989,
Uruguay,URY,1990,14060.8401531053
Uruguay,URY,1991,14474.7272308128
Uruguay,URY,1992,15536.4813275187
Uruguay,URY,1993,15865.2715092002
Uruguay,URY,1994,16932.0220449735
Uruguay,URY,1995,16600.0329041954
Uruguay,URY,1996,17433.6866851628
Uruguay,URY,1997,18823.934790748
Uruguay,URY,1998,19577.7825547632
Uruguay,URY,1999,19192.7103025817
Uruguay,URY,2000,18752.0507121938
Uruguay,URY,2001,17986.8939502115
Uruguay,URY,2002,16572.7819019325
Uruguay,URY,2003,16694.4326030244
Uruguay,URY,2004,17519.3729926744
Uruguay,URY,2005,18811.3124755641
Uruguay,URY,2006,19560.0743506382
Uruguay,URY,2007,20803.885306175
Uruguay,URY,2008,22249.3750934425
Uruguay,URY,2009,23138.0733091496
Uruguay,URY,2010,24879.8256003219
Uruguay,URY,2011,26099.3116487704
Uruguay,URY,2012,26953.2709026389
Uruguay,URY,2013,28119.4726887432
Uruguay,URY,2014,28935.086486757
Uruguay,URY,2015,28941.6184540581
Uruguay,URY,2016,29332.5561568815
Uruguay,URY,2017,29762.4220666605
Uruguay,URY,2018,29757.9276055415
Uruguay,URY,2019,30010.5628834294
Uruguay,URY,2020,27788.1749600196
Uruguay,URY,2021,29431.8738833361
Uruguay,URY,2022,30840.0709827676
Uruguay,URY,2023,31100.9696889882
Uruguay,URY,2024,32149.480073986
United States,USA,1960,
United States,USA,1961,
United States,USA,1962,
United States,USA,1963,
United States,USA,1964,
United States,USA,1965,
United States,USA,1966,
United States,USA,1967,
United States,USA,1968,
United States,USA,1969,
United States,USA,1970,
United States,USA,1971,
United States,USA,1972,
United States,USA,1973,
United States,USA,1974,
United States,USA,1975,
United States,USA,1976,
United States,USA,1977,
United States,USA,1978,
United States,USA,1979,
United States,USA,1980,
United States,USA,1981,
United States,USA,1982,
United States,USA,1983,
United States,USA,1984,
United States,USA,1985,
United States,USA,1986,
United States,USA,1987,
United States,USA,1988,
United States,USA,1989,
United States,USA,1990,44384.2101912606
United States,USA,1991,43747.6307351749
United States,USA,1992,44664.873585596
United States,USA,1993,45292.7380683092
United States,USA,1994,46543.3199204553
United States,USA,1995,47227.0083257008
United States,USA,1996,48441.9061125568
United States,USA,1997,49990.6740739125
United States,USA,1998,51626.4838297863
United States,USA,1999,53480.8969962416
United States,USA,2000,55045.6745311559
United States,USA,2001,55024.3542766281
United States,USA,2002,55443.2199435683
United States,USA,2003,56505.4468784112
United States,USA,2004,58139.0820195229
United States,USA,2005,59612.3907215559
United States,USA,2006,60684.3399832539
United States,USA,2007,61314.4520816367
United States,USA,2008,60806.2238713713
United States,USA,2009,58722.496767251
United States,USA,2010,59797.0736545937
United States,USA,2011,60253.2035796719
United States,USA,2012,61142.3637034265
United States,USA,2013,61966.6621370894
United States,USA,2014,63026.8779187814
United States,USA,2015,64367.7188912582
United States,USA,2016,65025.9855980616
United States,USA,2017,66164.0320014289
United States,USA,2018,67728.4424921024
United States,USA,2019,69121.4580016741
United States,USA,2020,67406.8311325507
United States,USA,2021,71441.231980595
United States,USA,2022,72828.7430907189
United States,USA,2023,74351.6718197429
United States,USA,2024,75698.1773354629
Uzbekistan,UZB,1960,
Uzbekistan,UZB,1961,
Uzbekistan,UZB,1962,
Uzbekistan,UZB,1963,
Uzbekistan,UZB,1964,
Uzbekistan,UZB,1965,
Uzbekistan,UZB,1966,
Uzbekistan,UZB,1967,
Uzbekistan,UZB,1968,
Uzbekistan,UZB,1969,
Uzbekistan,UZB,1970,
Uzbekistan,UZB,1971,
Uzbekistan,UZB,1972,
Uzbekistan,UZB,1973,
Uzbekistan,UZB,1974,
Uzbekistan,UZB,1975,
Uzbekistan,UZB,1976,
Uzbekistan,UZB,1977,
Uzbekistan,UZB,1978,
Uzbekistan,UZB,1979,
Uzbekistan,UZB,1980,
Uzbekistan,UZB,1981,
Uzbekistan,UZB,1982,
Uzbekistan,UZB,1983,
Uzbekistan,UZB,1984,
Uzbekistan,UZB,1985,
Uzbekistan,UZB,1986,
Uzbekistan,UZB,1987,
Uzbekistan,UZB,1988,
Uzbekistan,UZB,1989,
Uzbekistan,UZB,1990,4239.58649108779
Uzbekistan,UZB,1991,4118.51585848122
Uzbekistan,UZB,1992,3568.35538610457
Uzbekistan,UZB,1993,3406.55184062183
Uzbekistan,UZB,1994,3161.07497053576
Uzbekistan,UZB,1995,3070.52690445141
Uzbekistan,UZB,1996,3064.63712278537
Uzbekistan,UZB,1997,3168.77278928055
Uzbekistan,UZB,1998,3253.54493589925
Uzbekistan,UZB,1999,3346.1588710371
Uzbekistan,UZB,2000,3430.88370808896
Uzbekistan,UZB,2001,3530.5496647712
Uzbekistan,UZB,2002,3626.07785614929
Uzbekistan,UZB,2003,3733.79819347394
Uzbekistan,UZB,2004,3962.90117061128
Uzbekistan,UZB,2005,4185.63947675734
Uzbekistan,UZB,2006,4439.90667205623
Uzbekistan,UZB,2007,4792.8290951141
Uzbekistan,UZB,2008,5145.99183378479
Uzbekistan,UZB,2009,5471.82013683888
Uzbekistan,UZB,2010,5794.98037704358
Uzbekistan,UZB,2011,6170.84149747534
Uzbekistan,UZB,2012,6525.4971525889
Uzbekistan,UZB,2013,6932.93371228586
Uzbekistan,UZB,2014,7344.44304405623
Uzbekistan,UZB,2015,7792.23605983713
Uzbekistan,UZB,2016,8172.9216949615
Uzbekistan,UZB,2017,8413.29975299494
Uzbekistan,UZB,2018,8742.5491991216
Uzbekistan,UZB,2019,9169.01147508351
Uzbekistan,UZB,2020,9145.23119844239
Uzbekistan,UZB,2021,9705.60054565692
Uzbekistan,UZB,2022,10091.3877869999
Uzbekistan,UZB,2023,10514.0955721447
Uzbekistan,UZB,2024,10997.1707291644
St. Vincent and the Grenadines,VCT,1960,
St. Vincent and the Grenadines,VCT,1961,
St. Vincent and the Grenadines,VCT,1962,
St. Vincent and the Grenadines,VCT,1963,
St. Vincent and the Grenadines,VCT,1964,
St. Vincent and the Grenadines,VCT,1965,
St. Vincent and the Grenadines,VCT,1966,
St. Vincent and the Grenadines,VCT,1967,
St. Vincent and the Grenadines,VCT,1968,
St. Vincent and the Grenadines,VCT,1969,
St. Vincent and the Grenadines,VCT,1970,
St. Vincent and the Grenadines,VCT,1971,
St. Vincent and the Grenadines,VCT,1972,
St. Vincent and the Grenadines,VCT,1973,
St. Vincent and the Grenadines,VCT,1974,
St. Vincent and the Grenadines,VCT,1975,
St. Vincent and the Grenadines,VCT,1976,
St. Vincent and the Grenadines,VCT,1977,
St. Vincent and the Grenadines,VCT,1978,
St. Vincent and the Grenadines,VCT,1979,
St. Vincent and the Grenadines,VCT,1980,
St. Vincent and the Grenadines,VCT,1981,
St. Vincent and the Grenadines,VCT,1982,
St. Vincent and the Grenadines,VCT,1983,
St. Vincent and the Grenadines,VCT,1984,
St. Vincent and the Grenadines,VCT,1985,
St. Vincent and the Grenadines,VCT,1986,
St. Vincent and the Grenadines,VCT,1987,
St. Vincent and the Grenadines,VCT,1988,
St. Vincent and the Grenadines,VCT,1989,
St. Vincent and the Grenadines,VCT,1990,7467.37874657239
St. Vincent and the Grenadines,VCT,1991,7524.58477815963
St. Vincent and the Grenadines,VCT,1992,7984.07959662088
St. Vincent and the Grenadines,VCT,1993,8306.77527139188
St. Vincent and the Grenadines,VCT,1994,8189.84362711098
St. Vincent and the Grenadines,VCT,1995,8815.84871825748
St. Vincent and the Grenadines,VCT,1996,8923.70555514296
St. Vincent and the Grenadines,VCT,1997,9234.69888368764
St. Vincent and the Grenadines,VCT,1998,9609.10378620502
St. Vincent and the Grenadines,VCT,1999,9853.34736551962
St. Vincent and the Grenadines,VCT,2000,9999.05879203685
St. Vincent and the Grenadines,VCT,2001,10177.8094583896
St. Vincent and the Grenadines,VCT,2002,10736.0878714164
St. Vincent and the Grenadines,VCT,2003,11475.3312414531
St. Vincent and the Grenadines,VCT,2004,11979.907294501
St. Vincent and the Grenadines,VCT,2005,12320.0710011077
St. Vincent and the Grenadines,VCT,2006,13233.4068930431
St. Vincent and the Grenadines,VCT,2007,13732.3622591495
St. Vincent and the Grenadines,VCT,2008,13850.3936790063
St. Vincent and the Grenadines,VCT,2009,13723.7838252622
St. Vincent and the Grenadines,VCT,2010,13175.7230154228
St. Vincent and the Grenadines,VCT,2011,13168.8964291743
St. Vincent and the Grenadines,VCT,2012,13397.9632982701
St. Vincent and the Grenadines,VCT,2013,13804.1837951887
St. Vincent and the Grenadines,VCT,2014,14040.2460690452
St. Vincent and the Grenadines,VCT,2015,14508.8609465459
St. Vincent and the Grenadines,VCT,2016,15197.7482513352
St. Vincent and the Grenadines,VCT,2017,15533.2212821544
St. Vincent and the Grenadines,VCT,2018,16139.0661084965
St. Vincent and the Grenadines,VCT,2019,16365.3255785124
St. Vincent and the Grenadines,VCT,2020,15763.7054382539
St. Vincent and the Grenadines,VCT,2021,16200.8994597845
St. Vincent and the Grenadines,VCT,2022,16835.023514541
St. Vincent and the Grenadines,VCT,2023,17858.2446468702
St. Vincent and the Grenadines,VCT,2024,18714.198849353
"Venezuela, RB",VEN,1960,
"Venezuela, RB",VEN,1961,
"Venezuela, RB",VEN,1962,
"Venezuela, RB",VEN,1963,
"Venezuela, RB",VEN,1964,
"Venezuela, RB",VEN,1965,
"Venezuela, RB",VEN,1966,
"Venezuela, RB",VEN,1967,
"Venezuela, RB",VEN,1968,
"Venezuela, RB",VEN,1969,
"Venezuela, RB",VEN,1970,
"Venezuela, RB",VEN,1971,
"Venezuela, RB",VEN,1972,
"Venezuela, RB",VEN,1973,
"Venezuela, RB",VEN,1974,
"Venezuela, RB",VEN,1975,
"Venezuela, RB",VEN,1976,
"Venezuela, RB",VEN,1977,
"Venezuela, RB",VEN,1978,
"Venezuela, RB",VEN,1979,
"Venezuela, RB",VEN,1980,
"Venezuela, RB",VEN,1981,
"Venezuela, RB",VEN,1982,
"Venezuela, RB",VEN,1983,
"Venezuela, RB",VEN,1984,
"Venezuela, RB",VEN,1985,
"Venezuela, RB",VEN,1986,
"Venezuela, RB",VEN,1987,
"Venezuela, RB",VEN,1988,
"Venezuela, RB",VEN,1989,
"Venezuela, RB",VEN,1990,
"Venezuela, RB",VEN,1991,
"Venezuela, RB",VEN,1992,
"Venezuela, RB",VEN,1993,
"Venezuela, RB",VEN,1994,
"Venezuela, RB",VEN,1995,
"Venezuela, RB",VEN,1996,
"Venezuela, RB",VEN,1997,
"Venezuela, RB",VEN,1998,
"Venezuela, RB",VEN,1999,
"Venezuela, RB",VEN,2000,
"Venezuela, RB",VEN,2001,
"Venezuela, RB",VEN,2002,
"Venezuela, RB",VEN,2003,
"Venezuela, RB",VEN,2004,
"Venezuela, RB",VEN,2005,
"Venezuela, RB",VEN,2006,
"Venezuela, RB",VEN,2007,
"Venezuela, RB",VEN,2008,
"Venezuela, RB",VEN,2009,
"Venezuela, RB",VEN,2010,
"Venezuela, RB",VEN,2011,
"Venezuela, RB",VEN,2012,
"Venezuela, RB",VEN,2013,
"Venezuela, RB",VEN,2014,
"Venezuela, RB",VEN,2015,
"Venezuela, RB",VEN,2016,
"Venezuela, RB",VEN,2017,
"Venezuela, RB",VEN,2018,
"Venezuela, RB",VEN,2019,
"Venezuela, RB",VEN,2020,
"Venezuela, RB",VEN,2021,
"Venezuela, RB",VEN,2022,
"Venezuela, RB",VEN,2023,
"Venezuela, RB",VEN,2024,
British Virgin Islands,VGB,1960,
British Virgin Islands,VGB,1961,
British Virgin Islands,VGB,1962,
British Virgin Islands,VGB,1963,
British Virgin Islands,VGB,1964,
British Virgin Islands,VGB,1965,
British Virgin Islands,VGB,1966,
British Virgin Islands,VGB,1967,
British Virgin Islands,VGB,1968,
British Virgin Islands,VGB,1969,
British Virgin Islands,VGB,1970,
British Virgin Islands,VGB,1971,
British Virgin Islands,VGB,1972,
British Virgin Islands,VGB,1973,
British Virgin Islands,VGB,1974,
British Virgin Islands,VGB,1975,
British Virgin Islands,VGB,1976,
British Virgin Islands,VGB,1977,
British Virgin Islands,VGB,1978,
British Virgin Islands,VGB,1979,
British Virgin Islands,VGB,1980,
British Virgin Islands,VGB,1981,
British Virgin Islands,VGB,1982,
British Virgin Islands,VGB,1983,
British Virgin Islands,VGB,1984,
British Virgin Islands,VGB,1985,
British Virgin Islands,VGB,1986,
British Virgin Islands,VGB,1987,
British Virgin Islands,VGB,1988,
British Virgin Islands,VGB,1989,
British Virgin Islands,VGB,1990,
British Virgin Islands,VGB,1991,
British Virgin Islands,VGB,1992,
British Virgin Islands,VGB,1993,
British Virgin Islands,VGB,1994,
British Virgin Islands,VGB,1995,
British Virgin Islands,VGB,1996,
British Virgin Islands,VGB,1997,
British Virgin Islands,VGB,1998,
British Virgin Islands,VGB,1999,
British Virgin Islands,VGB,2000,
British Virgin Islands,VGB,2001,
British Virgin Islands,VGB,2002,
British Virgin Islands,VGB,2003,
British Virgin Islands,VGB,2004,
British Virgin Islands,VGB,2005,
British Virgin Islands,VGB,2006,
British Virgin Islands,VGB,2007,
British Virgin Islands,VGB,2008,
British Virgin Islands,VGB,2009,
British Virgin Islands,VGB,2010,
British Virgin Islands,VGB,2011,
British Virgin Islands,VGB,2012,
British Virgin Islands,VGB,2013,
British Virgin Islands,VGB,2014,
British Virgin Islands,VGB,2015,
British Virgin Islands,VGB,2016,
British Virgin Islands,VGB,2017,
British Virgin Islands,VGB,2018,
British Virgin Islands,VGB,2019,
British Virgin Islands,VGB,2020,
British Virgin Islands,VGB,2021,
British Virgin Islands,VGB,2022,
British Virgin Islands,VGB,2023,
British Virgin Islands,VGB,2024,
Virgin Islands (U.S.),VIR,1960,
Virgin Islands (U.S.),VIR,1961,
Virgin Islands (U.S.),VIR,1962,
Virgin Islands (U.S.),VIR,1963,
Virgin Islands (U.S.),VIR,1964,
Virgin Islands (U.S.),VIR,1965,
Virgin Islands (U.S.),VIR,1966,
Virgin Islands (U.S.),VIR,1967,
Virgin Islands (U.S.),VIR,1968,
Virgin Islands (U.S.),VIR,1969,
Virgin Islands (U.S.),VIR,1970,
Virgin Islands (U.S.),VIR,1971,
Virgin Islands (U.S.),VIR,1972,
Virgin Islands (U.S.),VIR,1973,
Virgin Islands (U.S.),VIR,1974,
Virgin Islands (U.S.),VIR,1975,
Virgin Islands (U.S.),VIR,1976,
Virgin Islands (U.S.),VIR,1977,
Virgin Islands (U.S.),VIR,1978,
Virgin Islands (U.S.),VIR,1979,
Virgin Islands (U.S.),VIR,1980,
Virgin Islands (U.S.),VIR,1981,
Virgin Islands (U.S.),VIR,1982,
Virgin Islands (U.S.),VIR,1983,
Virgin Islands (U.S.),VIR,1984,
Virgin Islands (U.S.),VIR,1985,
Virgin Islands (U.S.),VIR,1986,
Virgin Islands (U.S.),VIR,1987,
Virgin Islands (U.S.),VIR,1988,
Virgin Islands (U.S.),VIR,1989,
Virgin Islands (U.S.),VIR,1990,
Virgin Islands (U.S.),VIR,1991,
Virgin Islands (U.S.),VIR,1992,
Virgin Islands (U.S.),VIR,1993,
Virgin Islands (U.S.),VIR,1994,
Virgin Islands (U.S.),VIR,1995,
Virgin Islands (U.S.),VIR,1996,
Virgin Islands (U.S.),VIR,1997,
Virgin Islands (U.S.),VIR,1998,
Virgin Islands (U.S.),VIR,1999,
Virgin Islands (U.S.),VIR,2000,
Virgin Islands (U.S.),VIR,2001,
Virgin Islands (U.S.),VIR,2002,54299.2298699394
Virgin Islands (U.S.),VIR,2003,54086.1547945673
Virgin Islands (U.S.),VIR,2004,55883.4545510864
Virgin Islands (U.S.),VIR,2005,57838.0977142823
Virgin Islands (U.S.),VIR,2006,59911.7224453162
Virgin Islands (U.S.),VIR,2007,62332.9445371347
Virgin Islands (U.S.),VIR,2008,63057.6263123638
Virgin Islands (U.S.),VIR,2009,58895.3056899496
Virgin Islands (U.S.),VIR,2010,59272.2456856343
Virgin Islands (U.S.),VIR,2011,54443.0686942498
Virgin Islands (U.S.),VIR,2012,46422.4151236223
Virgin Islands (U.S.),VIR,2013,43563.8864931407
Virgin Islands (U.S.),VIR,2014,42853.8986599185
Virgin Islands (U.S.),VIR,2015,42739.0835022993
Virgin Islands (U.S.),VIR,2016,43502.4336941564
Virgin Islands (U.S.),VIR,2017,43277.1546523522
Virgin Islands (U.S.),VIR,2018,44205.4071324394
Virgin Islands (U.S.),VIR,2019,45632.6364715693
Virgin Islands (U.S.),VIR,2020,45055.7829303523
Virgin Islands (U.S.),VIR,2021,46893.5496988741
Virgin Islands (U.S.),VIR,2022,46479.2996685326
Virgin Islands (U.S.),VIR,2023,
Virgin Islands (U.S.),VIR,2024,
Viet Nam,VNM,1960,
Viet Nam,VNM,1961,
Viet Nam,VNM,1962,
Viet Nam,VNM,1963,
Viet Nam,VNM,1964,
Viet Nam,VNM,1965,
Viet Nam,VNM,1966,
Viet Nam,VNM,1967,
Viet Nam,VNM,1968,
Viet Nam,VNM,1969,
Viet Nam,VNM,1970,
Viet Nam,VNM,1971,
Viet Nam,VNM,1972,
Viet Nam,VNM,1973,
Viet Nam,VNM,1974,
Viet Nam,VNM,1975,
Viet Nam,VNM,1976,
Viet Nam,VNM,1977,
Viet Nam,VNM,1978,
Viet Nam,VNM,1979,
Viet Nam,VNM,1980,
Viet Nam,VNM,1981,
Viet Nam,VNM,1982,
Viet Nam,VNM,1983,
Viet Nam,VNM,1984,
Viet Nam,VNM,1985,
Viet Nam,VNM,1986,
Viet Nam,VNM,1987,
Viet Nam,VNM,1988,
Viet Nam,VNM,1989,
Viet Nam,VNM,1990,2467.96460080463
Viet Nam,VNM,1991,2560.84383496164
Viet Nam,VNM,1992,2726.47373748487
Viet Nam,VNM,1993,2890.42431737761
Viet Nam,VNM,1994,3089.60933725631
Viet Nam,VNM,1995,3328.21486039558
Viet Nam,VNM,1996,3584.02898335147
Viet Nam,VNM,1997,3820.30249485434
Viet Nam,VNM,1998,3982.95805965603
Viet Nam,VNM,1999,4119.05367208231
Viet Nam,VNM,2000,4349.22348751462
Viet Nam,VNM,2001,4570.26846577385
Viet Nam,VNM,2002,4809.62151118535
Viet Nam,VNM,2003,5090.28990869885
Viet Nam,VNM,2004,5421.09702829121
Viet Nam,VNM,2005,5776.36304451268
Viet Nam,VNM,2006,6098.24495436514
Viet Nam,VNM,2007,6418.54381402878
Viet Nam,VNM,2008,6659.13561432065
Viet Nam,VNM,2009,6914.33863589545
Viet Nam,VNM,2010,7274.73310698016
Viet Nam,VNM,2011,7652.61895672271
Viet Nam,VNM,2012,7979.86828926858
Viet Nam,VNM,2013,8324.19871250047
Viet Nam,VNM,2014,8751.88280634375
Viet Nam,VNM,2015,9248.02396069622
Viet Nam,VNM,2016,9743.1882231455
Viet Nam,VNM,2017,10290.5487142244
Viet Nam,VNM,2018,10936.8937859558
Viet Nam,VNM,2019,11628.6139147451
Viet Nam,VNM,2020,11851.3965685649
Viet Nam,VNM,2021,12048.9019935536
Viet Nam,VNM,2022,12979.7638983711
Viet Nam,VNM,2023,13534.7997843016
Viet Nam,VNM,2024,14396.4217369473
Vanuatu,VUT,1960,
Vanuatu,VUT,1961,
Vanuatu,VUT,1962,
Vanuatu,VUT,1963,
Vanuatu,VUT,1964,
Vanuatu,VUT,1965,
Vanuatu,VUT,1966,
Vanuatu,VUT,1967,
Vanuatu,VUT,1968,
Vanuatu,VUT,1969,
Vanuatu,VUT,1970,
Vanuatu,VUT,1971,
Vanuatu,VUT,1972,
Vanuatu,VUT,1973,
Vanuatu,VUT,1974,
Vanuatu,VUT,1975,
Vanuatu,VUT,1976,
Vanuatu,VUT,1977,
Vanuatu,VUT,1978,
Vanuatu,VUT,1979,
Vanuatu,VUT,1980,
Vanuatu,VUT,1981,
Vanuatu,VUT,1982,
Vanuatu,VUT,1983,
Vanuatu,VUT,1984,
Vanuatu,VUT,1985,
Vanuatu,VUT,1986,
Vanuatu,VUT,1987,
Vanuatu,VUT,1988,
Vanuatu,VUT,1989,
Vanuatu,VUT,1990,3531.78750465932
Vanuatu,VUT,1991,3553.43728930775
Vanuatu,VUT,1992,3555.93728844228
Vanuatu,VUT,1993,3495.49275262507
Vanuatu,VUT,1994,3723.02443587912
Vanuatu,VUT,1995,3674.38819393103
Vanuatu,VUT,1996,3676.87858931689
Vanuatu,VUT,1997,3775.23587307653
Vanuatu,VUT,1998,3740.68521654671
Vanuatu,VUT,1999,3676.29741602127
Vanuatu,VUT,2000,3805.62227309353
Vanuatu,VUT,2001,3584.91106983816
Vanuatu,VUT,2002,3314.71255206905
Vanuatu,VUT,2003,3372.77297249271
Vanuatu,VUT,2004,3422.60817759375
Vanuatu,VUT,2005,3517.84619857461
Vanuatu,VUT,2006,3724.24741699945
Vanuatu,VUT,2007,3738.66656241804
Vanuatu,VUT,2008,3850.27902468628
Vanuatu,VUT,2009,3867.75799280135
Vanuatu,VUT,2010,3825.75653571613
Vanuatu,VUT,2011,3861.18223002309
Vanuatu,VUT,2012,3815.41895246816
Vanuatu,VUT,2013,3748.76509025679
Vanuatu,VUT,2014,3779.64941165998
Vanuatu,VUT,2015,3825.81231400229
Vanuatu,VUT,2016,3877.08354643548
Vanuatu,VUT,2017,3947.67824193203
Vanuatu,VUT,2018,3951.18453122592
Vanuatu,VUT,2019,3986.65620021472
Vanuatu,VUT,2020,3671.97390565303
Vanuatu,VUT,2021,3546.08021896872
Vanuatu,VUT,2022,3658.51871182046
Vanuatu,VUT,2023,3782.82649029418
Vanuatu,VUT,2024,3837.03937446048
World,WLD,1960,
World,WLD,1961,
World,WLD,1962,
World,WLD,1963,
World,WLD,1964,
World,WLD,1965,
World,WLD,1966,
World,WLD,1967,
World,WLD,1968,
World,WLD,1969,
World,WLD,1970,
World,WLD,1971,
World,WLD,1972,
World,WLD,1973,
World,WLD,1974,
World,WLD,1975,
World,WLD,1976,
World,WLD,1977,
World,WLD,1978,
World,WLD,1979,
World,WLD,1980,
World,WLD,1981,
World,WLD,1982,
World,WLD,1983,
World,WLD,1984,
World,WLD,1985,
World,WLD,1986,
World,WLD,1987,
World,WLD,1988,
World,WLD,1989,
World,WLD,1990,11275.1339775825
World,WLD,1991,11183.4106923389
World,WLD,1992,11147.557598
World,WLD,1993,11138.3321858645
World,WLD,1994,11264.7778299107
World,WLD,1995,11442.8041494803
World,WLD,1996,11691.7078594973
World,WLD,1997,11979.7237951368
World,WLD,1998,12098.403188088
World,WLD,1999,12360.7433274205
World,WLD,2000,12780.6381391491
World,WLD,2001,12915.0553238791
World,WLD,2002,13104.3468043873
World,WLD,2003,13410.5978266564
World,WLD,2004,13921.3400955101
World,WLD,2005,14377.2053638343
World,WLD,2006,14934.6932991325
World,WLD,2007,15519.537511648
World,WLD,2008,15756.1973918277
World,WLD,2009,15456.5925081159
World,WLD,2010,16050.8528459331
World,WLD,2011,16478.6508721961
World,WLD,2012,16785.0538810187
World,WLD,2013,17121.7231789375
World,WLD,2014,17502.7804590175
World,WLD,2015,17870.9797405245
World,WLD,2016,18234.0187668301
World,WLD,2017,18714.5736777743
World,WLD,2018,19189.4922263446
World,WLD,2019,19551.0853720052
World,WLD,2020,18812.4921846351
World,WLD,2021,19875.5669160609
World,WLD,2022,20421.733679962
World,WLD,2023,20894.8663747649
World,WLD,2024,21393.1843594226
Samoa,WSM,1960,
Samoa,WSM,1961,
Samoa,WSM,1962,
Samoa,WSM,1963,
Samoa,WSM,1964,
Samoa,WSM,1965,
Samoa,WSM,1966,
Samoa,WSM,1967,
Samoa,WSM,1968,
Samoa,WSM,1969,
Samoa,WSM,1970,
Samoa,WSM,1971,
Samoa,WSM,1972,
Samoa,WSM,1973,
Samoa,WSM,1974,
Samoa,WSM,1975,
Samoa,WSM,1976,
Samoa,WSM,1977,
Samoa,WSM,1978,
Samoa,WSM,1979,
Samoa,WSM,1980,
Samoa,WSM,1981,
Samoa,WSM,1982,
Samoa,WSM,1983,
Samoa,WSM,1984,
Samoa,WSM,1985,
Samoa,WSM,1986,
Samoa,WSM,1987,
Samoa,WSM,1988,
Samoa,WSM,1989,
Samoa,WSM,1990,3991.43806561639
Samoa,WSM,1991,3892.12846832793
Samoa,WSM,1992,3862.38380056991
Samoa,WSM,1993,3986.96465991694
Samoa,WSM,1994,3854.53321958721
Samoa,WSM,1995,4078.51336477469
Samoa,WSM,1996,4334.06811985266
Samoa,WSM,1997,4325.69239692206
Samoa,WSM,1998,4387.08119898787
Samoa,WSM,1999,4448.88973694004
Samoa,WSM,2000,4639.18880250252
Samoa,WSM,2001,4941.74832450316
Samoa,WSM,2002,5184.11871218152
Samoa,WSM,2003,5426.13899111084
Samoa,WSM,2004,5569.06081180669
Samoa,WSM,2005,5915.6475736791
Samoa,WSM,2006,6018.2480546697
Samoa,WSM,2007,6014.046762066
Samoa,WSM,2008,6183.55546849942
Samoa,WSM,2009,6104.90962936041
Samoa,WSM,2010,6428.13508590333
Samoa,WSM,2011,6617.61889509588
Samoa,WSM,2012,6312.76944621145
Samoa,WSM,2013,6263.12610411359
Samoa,WSM,2014,6248.70534550413
Samoa,WSM,2015,6433.1839621351
Samoa,WSM,2016,6888.18769751001
Samoa,WSM,2017,6919.90225366914
Samoa,WSM,2018,6805.91709392797
Samoa,WSM,2019,7034.42233036815
Samoa,WSM,2020,6746.15667963109
Samoa,WSM,2021,6350.92787033711
Samoa,WSM,2022,6450.19151677842
Samoa,WSM,2023,7384.69163688613
Samoa,WSM,2024,7687.23425552485
Kosovo,XKX,1960,
Kosovo,XKX,1961,
Kosovo,XKX,1962,
Kosovo,XKX,1963,
Kosovo,XKX,1964,
Kosovo,XKX,1965,
Kosovo,XKX,1966,
Kosovo,XKX,1967,
Kosovo,XKX,1968,
Kosovo,XKX,1969,
Kosovo,XKX,1970,
Kosovo,XKX,1971,
Kosovo,XKX,1972,
Kosovo,XKX,1973,
Kosovo,XKX,1974,
Kosovo,XKX,1975,
Kosovo,XKX,1976,
Kosovo,XKX,1977,
Kosovo,XKX,1978,
Kosovo,XKX,1979,
Kosovo,XKX,1980,
Kosovo,XKX,1981,
Kosovo,XKX,1982,
Kosovo,XKX,1983,
Kosovo,XKX,1984,
Kosovo,XKX,1985,
Kosovo,XKX,1986,
Kosovo,XKX,1987,
Kosovo,XKX,1988,
Kosovo,XKX,1989,
Kosovo,XKX,1990,
Kosovo,XKX,1991,
Kosovo,XKX,1992,
Kosovo,XKX,1993,
Kosovo,XKX,1994,
Kosovo,XKX,1995,
Kosovo,XKX,1996,
Kosovo,XKX,1997,
Kosovo,XKX,1998,
Kosovo,XKX,1999,
Kosovo,XKX,2000,
Kosovo,XKX,2001,
Kosovo,XKX,2002,
Kosovo,XKX,2003,
Kosovo,XKX,2004,
Kosovo,XKX,2005,
Kosovo,XKX,2006,
Kosovo,XKX,2007,
Kosovo,XKX,2008,7098.40301909042
Kosovo,XKX,2009,7481.45889832785
Kosovo,XKX,2010,7877.10199850556
Kosovo,XKX,2011,8359.93621479336
Kosovo,XKX,2012,8431.66232694657
Kosovo,XKX,2013,8828.27683251638
Kosovo,XKX,2014,9150.74997293883
Kosovo,XKX,2015,9824.99105955319
Kosovo,XKX,2016,10434.8888259268
Kosovo,XKX,2017,10856.2902074239
Kosovo,XKX,2018,11188.2244627966
Kosovo,XKX,2019,11774.1178510908
Kosovo,XKX,2020,11137.5028560404
Kosovo,XKX,2021,12362.4210181213
Kosovo,XKX,2022,13022.4627441502
Kosovo,XKX,2023,14240.2030320365
Kosovo,XKX,2024,15716.2925564586
"Yemen, Rep.",YEM,1960,
"Yemen, Rep.",YEM,1961,
"Yemen, Rep.",YEM,1962,
"Yemen, Rep.",YEM,1963,
"Yemen, Rep.",YEM,1964,
"Yemen, Rep.",YEM,1965,
"Yemen, Rep.",YEM,1966,
"Yemen, Rep.",YEM,1967,
"Yemen, Rep.",YEM,1968,
"Yemen, Rep.",YEM,1969,
"Yemen, Rep.",YEM,1970,
"Yemen, Rep.",YEM,1971,
"Yemen, Rep.",YEM,1972,
"Yemen, Rep.",YEM,1973,
"Yemen, Rep.",YEM,1974,
"Yemen, Rep.",YEM,1975,
"Yemen, Rep.",YEM,1976,
"Yemen, Rep.",YEM,1977,
"Yemen, Rep.",YEM,1978,
"Yemen, Rep.",YEM,1979,
"Yemen, Rep.",YEM,1980,
"Yemen, Rep.",YEM,1981,
"Yemen, Rep.",YEM,1982,
"Yemen, Rep.",YEM,1983,
"Yemen, Rep.",YEM,1984,
"Yemen, Rep.",YEM,1985,
"Yemen, Rep.",YEM,1986,
"Yemen, Rep.",YEM,1987,
"Yemen, Rep.",YEM,1988,
"Yemen, Rep.",YEM,1989,
"Yemen, Rep.",YEM,1990,
"Yemen, Rep.",YEM,1991,
"Yemen, Rep.",YEM,1992,
"Yemen, Rep.",YEM,1993,
"Yemen, Rep.",YEM,1994,
"Yemen, Rep.",YEM,1995,
"Yemen, Rep.",YEM,1996,
"Yemen, Rep.",YEM,1997,
"Yemen, Rep.",YEM,1998,
"Yemen, Rep.",YEM,1999,
"Yemen, Rep.",YEM,2000,
"Yemen, Rep.",YEM,2001,
"Yemen, Rep.",YEM,2002,
"Yemen, Rep.",YEM,2003,
"Yemen, Rep.",YEM,2004,
"Yemen, Rep.",YEM,2005,
"Yemen, Rep.",YEM,2006,
"Yemen, Rep.",YEM,2007,
"Yemen, Rep.",YEM,2008,
"Yemen, Rep.",YEM,2009,
"Yemen, Rep.",YEM,2010,
"Yemen, Rep.",YEM,2011,
"Yemen, Rep.",YEM,2012,
"Yemen, Rep.",YEM,2013,
"Yemen, Rep.",YEM,2014,
"Yemen, Rep.",YEM,2015,
"Yemen, Rep.",YEM,2016,
"Yemen, Rep.",YEM,2017,
"Yemen, Rep.",YEM,2018,
"Yemen, Rep.",YEM,2019,
"Yemen, Rep.",YEM,2020,
"Yemen, Rep.",YEM,2021,
"Yemen, Rep.",YEM,2022,
"Yemen, Rep.",YEM,2023,
"Yemen, Rep.",YEM,2024,
South Africa,ZAF,1960,
South Africa,ZAF,1961,
South Africa,ZAF,1962,
South Africa,ZAF,1963,
South Africa,ZAF,1964,
South Africa,ZAF,1965,
South Africa,ZAF,1966,
South Africa,ZAF,1967,
South Africa,ZAF,1968,
South Africa,ZAF,1969,
South Africa,ZAF,1970,
South Africa,ZAF,1971,
South Africa,ZAF,1972,
South Africa,ZAF,1973,
South Africa,ZAF,1974,
South Africa,ZAF,1975,
South Africa,ZAF,1976,
South Africa,ZAF,1977,
South Africa,ZAF,1978,
South Africa,ZAF,1979,
South Africa,ZAF,1980,
South Africa,ZAF,1981,
South Africa,ZAF,1982,
South Africa,ZAF,1983,
South Africa,ZAF,1984,
South Africa,ZAF,1985,
South Africa,ZAF,1986,
South Africa,ZAF,1987,
South Africa,ZAF,1988,
South Africa,ZAF,1989,
South Africa,ZAF,1990,10811.1515328296
South Africa,ZAF,1991,10459.3559818564
South Africa,ZAF,1992,10053.6101212292
South Africa,ZAF,1993,9976.96506458374
South Africa,ZAF,1994,10130.8058233004
South Africa,ZAF,1995,10318.8385984353
South Africa,ZAF,1996,10623.8603593151
South Africa,ZAF,1997,10770.2779624828
South Africa,ZAF,1998,10693.6882326622
South Africa,ZAF,1999,10831.6589617949
South Africa,ZAF,2000,11183.825503143
South Africa,ZAF,2001,11387.492366782
South Africa,ZAF,2002,11697.5657261687
South Africa,ZAF,2003,11923.1211013633
South Africa,ZAF,2004,12341.2102655828
South Africa,ZAF,2005,12861.5633089114
South Africa,ZAF,2006,13444.2332126058
South Africa,ZAF,2007,14016.2444716386
South Africa,ZAF,2008,14297.6887802632
South Africa,ZAF,2009,13910.7017093394
South Africa,ZAF,2010,14164.9958363115
South Africa,ZAF,2011,14434.2611456048
South Africa,ZAF,2012,14563.7624041032
South Africa,ZAF,2013,14681.096638957
South Africa,ZAF,2014,14643.3384782936
South Africa,ZAF,2015,14541.6748613669
South Africa,ZAF,2016,14501.2807823402
South Africa,ZAF,2017,14573.5980840004
South Africa,ZAF,2018,14553.5615668957
South Africa,ZAF,2019,14352.6698709871
South Africa,ZAF,2020,13250.5666594456
South Africa,ZAF,2021,13681.9548144813
South Africa,ZAF,2022,13767.4967589936
South Africa,ZAF,2023,13695.3755694076
South Africa,ZAF,2024,13597.6538495998
Zambia,ZMB,1960,
Zambia,ZMB,1961,
Zambia,ZMB,1962,
Zambia,ZMB,1963,
Zambia,ZMB,1964,
Zambia,ZMB,1965,
Zambia,ZMB,1966,
Zambia,ZMB,1967,
Zambia,ZMB,1968,
Zambia,ZMB,1969,
Zambia,ZMB,1970,
Zambia,ZMB,1971,
Zambia,ZMB,1972,
Zambia,ZMB,1973,
Zambia,ZMB,1974,
Zambia,ZMB,1975,
Zambia,ZMB,1976,
Zambia,ZMB,1977,
Zambia,ZMB,1978,
Zambia,ZMB,1979,
Zambia,ZMB,1980,
Zambia,ZMB,1981,
Zambia,ZMB,1982,
Zambia,ZMB,1983,
Zambia,ZMB,1984,
Zambia,ZMB,1985,
Zambia,ZMB,1986,
Zambia,ZMB,1987,
Zambia,ZMB,1988,
Zambia,ZMB,1989,
Zambia,ZMB,1990,2425.11128678382
Zambia,ZMB,1991,2364.86234039956
Zambia,ZMB,1992,2268.49812195378
Zambia,ZMB,1993,2365.62953630778
Zambia,ZMB,1994,2110.5832556481
Zambia,ZMB,1995,2119.95642928697
Zambia,ZMB,1996,2197.19564925242
Zambia,ZMB,1997,2223.45745445731
Zambia,ZMB,1998,2157.57339335667
Zambia,ZMB,1999,2198.18912998648
Zambia,ZMB,2000,2220.5653712714
Zambia,ZMB,2001,2268.96965564597
Zambia,ZMB,2002,2299.33289188114
Zambia,ZMB,2003,2383.87611741089
Zambia,ZMB,2004,2471.72073328685
Zambia,ZMB,2005,2564.47560965912
Zambia,ZMB,2006,2673.46151928529
Zambia,ZMB,2007,2796.3529332184
Zambia,ZMB,2008,2908.14362510668
Zambia,ZMB,2009,3065.84420108998
Zambia,ZMB,2010,3266.50749293828
Zambia,ZMB,2011,3335.64339500657
Zambia,ZMB,2012,3474.55252844092
Zambia,ZMB,2013,3535.22449043144
Zambia,ZMB,2014,3585.57748507131
Zambia,ZMB,2015,3576.92544834125
Zambia,ZMB,2016,3598.17166023389
Zambia,ZMB,2017,3612.50597664593
Zambia,ZMB,2018,3646.95966481655
Zambia,ZMB,2019,3591.56418883108
Zambia,ZMB,2020,3391.59541156095
Zambia,ZMB,2021,3503.03491418372
Zambia,ZMB,2022,3585.12379084347
Zambia,ZMB,2023,3673.4841969922
Zambia,ZMB,2024,3708.06904295647
Zimbabwe,ZWE,1960,
Zimbabwe,ZWE,1961,
Zimbabwe,ZWE,1962,
Zimbabwe,ZWE,1963,
Zimbabwe,ZWE,1964,
Zimbabwe,ZWE,1965,
Zimbabwe,ZWE,1966,
Zimbabwe,ZWE,1967,
Zimbabwe,ZWE,1968,
Zimbabwe,ZWE,1969,
Zimbabwe,ZWE,1970,
Zimbabwe,ZWE,1971,
Zimbabwe,ZWE,1972,
Zimbabwe,ZWE,1973,
Zimbabwe,ZWE,1974,
Zimbabwe,ZWE,1975,
Zimbabwe,ZWE,1976,
Zimbabwe,ZWE,1977,
Zimbabwe,ZWE,1978,
Zimbabwe,ZWE,1979,
Zimbabwe,ZWE,1980,
Zimbabwe,ZWE,1981,
Zimbabwe,ZWE,1982,
Zimbabwe,ZWE,1983,
Zimbabwe,ZWE,1984,
Zimbabwe,ZWE,1985,
Zimbabwe,ZWE,1986,
Zimbabwe,ZWE,1987,
Zimbabwe,ZWE,1988,
Zimbabwe,ZWE,1989,
Zimbabwe,ZWE,1990,6082.86879817619
Zimbabwe,ZWE,1991,6254.30182489626
Zimbabwe,ZWE,1992,5532.06136491672
Zimbabwe,ZWE,1993,5509.10697460818
Zimbabwe,ZWE,1994,6010.76845239051
Zimbabwe,ZWE,1995,5964.61521548597
Zimbabwe,ZWE,1996,6474.18822514185
Zimbabwe,ZWE,1997,6524.0909161522
Zimbabwe,ZWE,1998,6582.37693012492
Zimbabwe,ZWE,1999,6423.73669198371
Zimbabwe,ZWE,2000,6170.36063450551
Zimbabwe,ZWE,2001,6217.43872434863
Zimbabwe,ZWE,2002,5610.21576859697
Zimbabwe,ZWE,2003,4601.68067845787
Zimbabwe,ZWE,2004,4287.61686326352
Zimbabwe,ZWE,2005,4004.68178301248
Zimbabwe,ZWE,2006,3819.24997116607
Zimbabwe,ZWE,2007,3631.55334530411
Zimbabwe,ZWE,2008,2954.11211916469
Zimbabwe,ZWE,2009,3299.42808702922
Zimbabwe,ZWE,2010,3885.41061373756
Zimbabwe,ZWE,2011,4358.94470674386
Zimbabwe,ZWE,2012,5003.50873397069
Zimbabwe,ZWE,2013,5031.70923825425
Zimbabwe,ZWE,2014,5081.13441232186
Zimbabwe,ZWE,2015,5102.73642537223
Zimbabwe,ZWE,2016,5070.42413209981
Zimbabwe,ZWE,2017,5234.4065377844
Zimbabwe,ZWE,2018,5415.49322028193
Zimbabwe,ZWE,2019,4993.86546928208
Zimbabwe,ZWE,2020,4527.73949219254
Zimbabwe,ZWE,2021,4827.10960165994
Zimbabwe,ZWE,2022,5036.78317732239
Zimbabwe,ZWE,2023,5218.04526596398
Zimbabwe,ZWE,2024,5211.89755587954
