iso3,country,year,value
AFG,Afghanistan,2020,12.0637466878922
AFG,Afghanistan,2019,5.70436037333889
AFG,Afghanistan,2018,2.57415378471386
AFG,Afghanistan,2017,4.09327496841465
AFG,Afghanistan,2016,9.72542825974532
AFG,Afghanistan,2015,3.07902196833481
AFG,Afghanistan,2014,8.13557154538606
AFG,Afghanistan,2013,9.9144833110801
AFG,Afghanistan,2012,8.7277294523166
AFG,Afghanistan,2011,21.309168363765
AFG,Afghanistan,2010,26.9471277001623
AFG,Afghanistan,2009,33.045067969931
AFG,Afghanistan,2008,31.3838171170012
AFG,Afghanistan,2007,42.3951640126071
AFG,Afghanistan,1990,40.5945754845902
ALB,Albania,2023,2.34657298984679
ALB,Albania,2022,4.86525824051355
ALB,Albania,2021,8.60129444951578
ALB,Albania,2020,10.4901945914792
ALB,Albania,2019,4.31363862893848
ALB,Albania,2018,-0.221006685452235
ALB,Albania,2017,0.274642647966695
ALB,Albania,2016,3.88758243023237
ALB,Albania,2015,1.76472064865408
ALB,Albania,2014,4.01312468450278
ALB,Albania,2013,2.27610578506511
ALB,Albania,2012,4.97687240106527
ALB,Albania,2011,9.16778879503815
ALB,Albania,2010,12.4857998554167
ALB,Albania,2009,6.83707245310776
ALB,Albania,2008,7.66753342748908
ALB,Albania,2007,13.6750341350698
ALB,Albania,2006,16.0462388509011
ALB,Albania,2005,14.1252146255691
ALB,Albania,2004,13.4612186361763
ALB,Albania,2003,8.67330285161073
ALB,Albania,2002,3.74037704148182
ALB,Albania,2001,19.9064558568693
ALB,Albania,2000,12.0292623857369
ALB,Albania,1999,22.2711083945931
ALB,Albania,1998,20.6393565647998
ALB,Albania,1997,28.4660179098297
ALB,Albania,1996,43.8367383405801
ALB,Albania,1995,51.8198670705792
DZA,Algeria,2023,5.99193682223523
DZA,Algeria,2022,14.3262527594327
DZA,Algeria,2021,13.1837586532671
DZA,Algeria,2020,7.44561734572452
DZA,Algeria,2019,-0.757531112520278
DZA,Algeria,2018,11.1022592012153
DZA,Algeria,2017,8.38085499749667
DZA,Algeria,2016,0.815774502444313
DZA,Algeria,2015,0.297131027590294
DZA,Algeria,2014,14.4236738703043
DZA,Algeria,2013,8.40999983699717
DZA,Algeria,2012,10.9369170859084
DZA,Algeria,2011,19.9070032552161
DZA,Algeria,2010,13.5484317301271
DZA,Algeria,2009,4.84083509704069
DZA,Algeria,2008,16.0370822898722
DZA,Algeria,2007,23.090739222132
DZA,Algeria,2006,19.6447766293454
DZA,Algeria,2005,11.6936035353135
DZA,Algeria,2004,10.4512234983418
DZA,Algeria,2003,16.3061556803216
DZA,Algeria,2002,18.0521153645852
DZA,Algeria,2001,54.0514086919074
DZA,Algeria,2000,14.131502836251
DZA,Algeria,1999,13.9471735991383
DZA,Algeria,1998,19.5726202628557
DZA,Algeria,1997,18.2594753905099
DZA,Algeria,1996,14.6446455240271
DZA,Algeria,1995,9.46358191996781
DZA,Algeria,1994,15.7048390658407
DZA,Algeria,1993,7.29664105088382
DZA,Algeria,1992,31.2748797453857
DZA,Algeria,1991,20.8027985226783
DZA,Algeria,1990,11.4156555150626
AGO,Angola,2023,37.764907420284
AGO,Angola,2022,-1.41316825286512
AGO,Angola,2021,-9.32234729744459
AGO,Angola,2020,24.3007654229535
AGO,Angola,2019,30.1141180539418
AGO,Angola,2018,20.428059834929
AGO,Angola,2017,0.625449002375784
AGO,Angola,2016,13.4682422090455
AGO,Angola,2015,11.7763134275236
AGO,Angola,2014,16.1891972472028
AGO,Angola,2013,14.1465956464582
AGO,Angola,2012,4.8981874452368
AGO,Angola,2011,37.1469560291686
AGO,Angola,2010,5.28780092808811
AGO,Angola,2009,21.4756808800047
AGO,Angola,2008,104.56612415769
AGO,Angola,2007,49.4214363911471
AGO,Angola,2006,59.8509252529627
AGO,Angola,2005,60.705994384453
AGO,Angola,2004,48.5519653338355
AGO,Angola,2003,68.0983143555558
AGO,Angola,2002,156.340680459845
AGO,Angola,2001,163.003103910838
AGO,Angola,2000,303.735498573204
AGO,Angola,1999,528.194325839382
AGO,Angola,1998,57.6481343857133
AGO,Angola,1997,71.9443089642937
AGO,Angola,1996,4105.57281775889
ATG,Antigua and Barbuda,2023,3.34045980334852
ATG,Antigua and Barbuda,2022,4.59626224275305
ATG,Antigua and Barbuda,2021,13.8652349252698
ATG,Antigua and Barbuda,2020,-8.71953178762674
ATG,Antigua and Barbuda,2019,-0.448755227442753
ATG,Antigua and Barbuda,2018,7.2084726309942
ATG,Antigua and Barbuda,2017,7.24704264343661
ATG,Antigua and Barbuda,2016,-1.24510914792407
ATG,Antigua and Barbuda,2015,5.81672936052775
ATG,Antigua and Barbuda,2014,1.39123986457518
ATG,Antigua and Barbuda,2013,1.34360400987264
ATG,Antigua and Barbuda,2012,2.58648629451995
ATG,Antigua and Barbuda,2011,1.46543123077861
ATG,Antigua and Barbuda,2010,0.245680656022543
ATG,Antigua and Barbuda,2009,-9.7929564527729
ATG,Antigua and Barbuda,2008,3.30287762237559
ATG,Antigua and Barbuda,2007,11.366031013988
ATG,Antigua and Barbuda,2006,11.5908378215464
ATG,Antigua and Barbuda,2005,8.84654076810275
ATG,Antigua and Barbuda,2004,6.13443169150141
ATG,Antigua and Barbuda,2003,15.5780815865013
ATG,Antigua and Barbuda,2002,5.35397241780051
ATG,Antigua and Barbuda,2001,4.93193239722394
ATG,Antigua and Barbuda,2000,6.04903137428562
ATG,Antigua and Barbuda,1999,24.8354371368629
ATG,Antigua and Barbuda,1998,14.8104932261612
ATG,Antigua and Barbuda,1997,7.1463486339498
ATG,Antigua and Barbuda,1996,-2.10790227694647
ATG,Antigua and Barbuda,1995,19.7103044019488
ATG,Antigua and Barbuda,1994,8.89443637620615
ATG,Antigua and Barbuda,1993,7.22801185081734
ATG,Antigua and Barbuda,1992,10.0938973674755
ATG,Antigua and Barbuda,1991,15.3614917570014
ATG,Antigua and Barbuda,1990,3.63293971907531
ARG,Argentina,2023,158.54905478138
ARG,Argentina,2022,87.6857878752439
ARG,Argentina,2021,51.2817217703227
ARG,Argentina,2020,66.3310972790224
ARG,Argentina,2019,25.8841473655566
ARG,Argentina,2018,47.6138064217584
ARG,Argentina,2017,30.1194291866375
ARG,Argentina,2016,41.5840608913242
ARG,Argentina,2015,39.4502278963513
ARG,Argentina,2014,29.8462271877007
ARG,Argentina,2013,27.0263720438839
ARG,Argentina,2012,34.9018334185138
ARG,Argentina,2011,25.7005383846759
ARG,Argentina,2010,33.7780442392202
ARG,Argentina,2009,16.9999162699207
ARG,Argentina,2008,8.06469999443141
ARG,Argentina,2007,24.4656256111237
ARG,Argentina,2006,20.2627350951633
ARG,Argentina,2005,21.513918560906
ARG,Argentina,2004,21.4273104900815
ARG,Argentina,2003,29.6348527788152
ARG,Argentina,2002,19.7088538926378
ARG,Argentina,2001,-19.4362184816831
ARG,Argentina,2000,1.53103363312449
ARG,Argentina,1999,4.0855896589592
ARG,Argentina,1998,10.4880929410016
ARG,Argentina,1997,25.5347378149256
ARG,Argentina,1996,18.820560554349
ARG,Argentina,1995,-2.80555086350306
ARG,Argentina,1994,17.6402701691858
ARG,Argentina,1993,46.4808250080567
ARG,Argentina,1992,62.4862543855056
ARG,Argentina,1991,141.337040313408
ARG,Argentina,1990,1113.27240588928
ARM,Armenia,2023,17.3960150932591
ARM,Armenia,2022,16.1038661437201
ARM,Armenia,2021,13.1041951370424
ARM,Armenia,2020,8.96376550160701
ARM,Armenia,2019,11.1840879458318
ARM,Armenia,2018,7.44592080287185
ARM,Armenia,2017,18.4709708758154
ARM,Armenia,2016,17.4826502352117
ARM,Armenia,2015,10.839885076372
ARM,Armenia,2014,8.33605579967839
ARM,Armenia,2013,14.7811031009389
ARM,Armenia,2012,19.4668107641705
ARM,Armenia,2011,23.655416685468
ARM,Armenia,2010,11.8278496134327
ARM,Armenia,2009,15.1461238858247
ARM,Armenia,2008,2.37863502186324
ARM,Armenia,2007,42.3287538629898
ARM,Armenia,2006,32.8770966480726
ARM,Armenia,2005,27.8412085694888
ARM,Armenia,2004,22.2931988518598
ARM,Armenia,2003,10.3507429350875
ARM,Armenia,2002,33.9768529138608
ARM,Armenia,2001,4.28480302261725
ARM,Armenia,2000,38.553947022607
ARM,Armenia,1999,13.9705114029099
ARM,Armenia,1998,36.7136562551957
ARM,Armenia,1997,29.200443865192
ARM,Armenia,1996,35.0787317120399
ARM,Armenia,1995,64.2855740481696
ARM,Armenia,1994,740.358461858575
ARM,Armenia,1993,1076.76790921552
ABW,Aruba,2023,0.788267975035174
ABW,Aruba,2022,3.32308265772062
ABW,Aruba,2021,11.8418309917872
ABW,Aruba,2020,4.98971418566989
ABW,Aruba,2019,4.39808997235486
ABW,Aruba,2018,3.23120828321424
ABW,Aruba,2017,1.76411290322581
ABW,Aruba,2016,9.50090672553811
ABW,Aruba,2015,9.45257889135
ABW,Aruba,2014,5.59842041312272
ABW,Aruba,2013,-3.72016846045859
ABW,Aruba,2012,8.25049072373837
ABW,Aruba,2011,0.126798960248526
ABW,Aruba,2010,-0.281333965544492
ABW,Aruba,2009,5.74962393448103
ABW,Aruba,2008,16.5640586034913
ABW,Aruba,2007,3.3005957172758
ABW,Aruba,2006,2.37349596176034
ABW,Aruba,2005,6.19174725418982
ABW,Aruba,2004,3.21575357933246
ABW,Aruba,2003,8.87588512981904
ABW,Aruba,2002,10.4857111811366
ABW,Aruba,2001,5.88743577633048
ABW,Aruba,2000,2.30547075521059
ABW,Aruba,1999,10.4169956582854
ABW,Aruba,1998,13.0817715440935
ABW,Aruba,1997,4.59034814796596
ABW,Aruba,1996,3.15133179207616
ABW,Aruba,1995,5.226239568586
ABW,Aruba,1994,12.5904781227515
ABW,Aruba,1993,6.3938951193334
ABW,Aruba,1992,12.5085451634375
ABW,Aruba,1991,16.8407777193904
ABW,Aruba,1990,17.2700662455708
AUS,Australia,2023,3.93320686972139
AUS,Australia,2022,7.84101706545875
AUS,Australia,2021,6.69981105259195
AUS,Australia,2020,13.6682325160868
AUS,Australia,2019,14.0595331869537
AUS,Australia,2018,2.37382234106626
AUS,Australia,2017,4.52198765643149
AUS,Australia,2016,6.66618812734301
AUS,Australia,2015,5.984082434644
AUS,Australia,2014,7.03289769991059
AUS,Australia,2013,6.74713199161139
AUS,Australia,2012,7.34791675210082
AUS,Australia,2011,7.96777768795711
AUS,Australia,2010,10.1307768042715
AUS,Australia,2009,3.20752158177851
AUS,Australia,2008,17.004743830431
AUS,Australia,2007,18.2329858002763
AUS,Australia,2006,15.0631947019509
AUS,Australia,2005,8.50085420965673
AUS,Australia,2004,11.418295397068
AUS,Australia,2003,12.7634349487304
AUS,Australia,2002,7.03591711741804
AUS,Australia,2001,10.9305763560607
AUS,Australia,2000,3.73990957467648
AUS,Australia,1999,11.7042580988803
AUS,Australia,1998,8.43035778989644
AUS,Australia,1997,7.31058037661402
AUS,Australia,1996,10.6489522221685
AUS,Australia,1995,8.51837171513711
AUS,Australia,1994,9.95925575062761
AUS,Australia,1993,5.7265822621442
AUS,Australia,1992,7.37903595879862
AUS,Australia,1991,1.18217235311593
AUS,Australia,1990,12.7576788291074
AZE,Azerbaijan,2023,5.25050348254569
AZE,Azerbaijan,2022,23.6048521799271
AZE,Azerbaijan,2021,18.7105801361921
AZE,Azerbaijan,2020,1.10683160695424
AZE,Azerbaijan,2019,19.9743743253522
AZE,Azerbaijan,2018,5.65746854977911
AZE,Azerbaijan,2017,9.00839950162032
AZE,Azerbaijan,2016,-2.01085512478881
AZE,Azerbaijan,2015,-1.14870182940285
AZE,Azerbaijan,2014,11.8030730570593
AZE,Azerbaijan,2013,14.9894846184655
AZE,Azerbaijan,2012,20.6580569250793
AZE,Azerbaijan,2011,32.0654466286079
AZE,Azerbaijan,2010,24.3034834001417
AZE,Azerbaijan,2009,-0.294840725668573
AZE,Azerbaijan,2008,44.0368318141483
AZE,Azerbaijan,2007,71.6831923324548
AZE,Azerbaijan,2006,86.8126451974059
AZE,Azerbaijan,2005,22.1025660452243
AZE,Azerbaijan,2004,47.5112418284106
AZE,Azerbaijan,2003,29.7303398116529
AZE,Azerbaijan,2002,14.477307075981
AZE,Azerbaijan,2001,-10.5675313375298
AZE,Azerbaijan,2000,73.4124549182679
AZE,Azerbaijan,1999,20.0695119186643
AZE,Azerbaijan,1998,-15.1713043317722
AZE,Azerbaijan,1997,41.4252419893616
AZE,Azerbaijan,1996,17.0926798507748
AZE,Azerbaijan,1995,25.4196532951711
AZE,Azerbaijan,1994,1116.54748491456
AZE,Azerbaijan,1993,825.816049196895
BHS,"Bahamas, The",2022,9.36159353499307
BHS,"Bahamas, The",2021,4.33873028560219
BHS,"Bahamas, The",2020,-0.267641502910746
BHS,"Bahamas, The",2019,10.5930845635204
BHS,"Bahamas, The",2018,1.05205053077531
BHS,"Bahamas, The",2017,1.8071748112538
BHS,"Bahamas, The",2016,8.79728297018367
BHS,"Bahamas, The",2015,-0.375520870550015
BHS,"Bahamas, The",2014,1.55660875056722
BHS,"Bahamas, The",2013,0.545256322834849
BHS,"Bahamas, The",2012,2.96444497044829
BHS,"Bahamas, The",2011,2.44473756796656
BHS,"Bahamas, The",2010,5.52239906169665
BHS,"Bahamas, The",2009,1.66482817140433
BHS,"Bahamas, The",2008,5.25516674704821
BHS,"Bahamas, The",2007,10.5291214215202
BHS,"Bahamas, The",2006,7.76137185651674
BHS,"Bahamas, The",2005,10.8354752753083
BHS,"Bahamas, The",2004,9.22038787441729
BHS,"Bahamas, The",2003,3.67690253671562
BHS,"Bahamas, The",2002,2.98080624759391
BHS,"Bahamas, The",2001,4.90999307639049
BHS,"Bahamas, The",2000,9.31222604143673
BHS,"Bahamas, The",1999,10.5644851992608
BHS,"Bahamas, The",1998,16.2433470431934
BHS,"Bahamas, The",1997,23.477329596637
BHS,"Bahamas, The",1996,5.62427317898298
BHS,"Bahamas, The",1995,8.54946063805371
BHS,"Bahamas, The",1994,8.72793062574084
BHS,"Bahamas, The",1993,16.1269289284938
BHS,"Bahamas, The",1992,5.48719908291937
BHS,"Bahamas, The",1991,6.6335261999837
BHS,"Bahamas, The",1990,16.8221629855293
BHR,Bahrain,2015,2.94603044436472
BHR,Bahrain,2014,6.51155681235056
BHR,Bahrain,2013,8.20220206029676
BHR,Bahrain,2012,4.05280820149722
BHR,Bahrain,2011,3.40133460438513
BHR,Bahrain,2010,10.5094601997387
BHR,Bahrain,2009,5.80970215801676
BHR,Bahrain,2008,19.6798292422625
BHR,Bahrain,2007,39.2997844346986
BHR,Bahrain,2006,14.89357594549
BHR,Bahrain,2005,21.9912295191162
BHR,Bahrain,2004,4.14724012043783
BHR,Bahrain,2003,6.35700310897093
BHR,Bahrain,2002,10.338455008489
BHR,Bahrain,2001,9.24097000046367
BHR,Bahrain,2000,10.2212909490469
BHR,Bahrain,1999,4.12409535972754
BHR,Bahrain,1998,16.7567567567568
BHR,Bahrain,1997,7.84851756031174
BHR,Bahrain,1996,3.10196197367685
BHR,Bahrain,1995,7.42457864230424
BHR,Bahrain,1994,5.98352313038499
BHR,Bahrain,1993,5.72781962640605
BHR,Bahrain,1992,4.86036140522836
BHR,Bahrain,1991,23.2085145519245
BHR,Bahrain,1990,-11.5631443421415
BGD,Bangladesh,2023,7.01325429366015
BGD,Bangladesh,2022,7.50229843884212
BGD,Bangladesh,2021,9.17570944395813
BGD,Bangladesh,2020,13.0848853408394
BGD,Bangladesh,2019,11.9052656804273
BGD,Bangladesh,2018,11.5061687301015
BGD,Bangladesh,2017,13.7393957256101
BGD,Bangladesh,2016,16.6977571298921
BGD,Bangladesh,2015,14.8923360012126
BGD,Bangladesh,2014,15.6102159133793
BGD,Bangladesh,2013,14.8498128345291
BGD,Bangladesh,2012,17.0113225651337
BGD,Bangladesh,2011,16.9153675617309
BGD,Bangladesh,2010,21.0788579048495
BGD,Bangladesh,2009,20.2444007675396
BGD,Bangladesh,2008,16.4072102783218
BGD,Bangladesh,2007,13.5483462879994
BGD,Bangladesh,2006,20.21561984781
BGD,Bangladesh,2005,15.8133861572755
BGD,Bangladesh,2004,14.1293203090175
BGD,Bangladesh,2003,14.0682975492094
BGD,Bangladesh,2002,14.5004266360705
BGD,Bangladesh,2001,42.997616972519
BGD,Bangladesh,2000,19.3471284299834
BGD,Bangladesh,1999,15.4713469310962
BGD,Bangladesh,1998,11.4140158859684
BGD,Bangladesh,1997,9.74278713340029
BGD,Bangladesh,1996,10.7342435469674
BGD,Bangladesh,1995,12.1487674978574
BGD,Bangladesh,1994,19.3340029829848
BGD,Bangladesh,1993,10.5142057495778
BGD,Bangladesh,1992,12.0351247456094
BGD,Bangladesh,1991,13.7080462134458
BGD,Bangladesh,1990,10.3997729100629
BRB,Barbados,2023,0.937768286714135
BRB,Barbados,2022,5.34552950730091
BRB,Barbados,2021,5.97057292440299
BRB,Barbados,2020,7.25779056069876
BRB,Barbados,2019,2.96304016937077
BRB,Barbados,2018,-0.128668851660985
BRB,Barbados,2017,1.21505459707057
BRB,Barbados,2016,4.152880717122
BRB,Barbados,2015,6.12164579183792
BRB,Barbados,2014,3.1682328318263
BRB,Barbados,2013,3.7587147379968
BRB,Barbados,2009,0.573020933007373
BRB,Barbados,2008,1.15400732761115
BRB,Barbados,2007,20.9123107231379
BRB,Barbados,2006,5.34519670767816
BRB,Barbados,2005,16.8857698240857
BRB,Barbados,2004,11.72918809201
BRB,Barbados,2003,4.6167631814244
BRB,Barbados,2002,15.3747970015941
BRB,Barbados,2001,34.2277764560037
BRB,Barbados,2000,9.59827187738454
BRB,Barbados,1999,7.13233413022575
BRB,Barbados,1998,7.93677495120055
BRB,Barbados,1997,6.14753822207548
BRB,Barbados,1996,17.9449888340526
BRB,Barbados,1995,4.75492746685537
BRB,Barbados,1994,7.55458652137123
BRB,Barbados,1993,3.58386703333905
BRB,Barbados,1992,5.32760860857927
BRB,Barbados,1991,-0.734096198603569
BRB,Barbados,1990,13.5532748975906
BLR,Belarus,2021,6.98964541965534
BLR,Belarus,2020,4.7226943280456
BLR,Belarus,2019,12.2054825418902
BLR,Belarus,2018,8.4930680221995
BLR,Belarus,2017,17.4262118950938
BLR,Belarus,2016,3.79608009918216
BLR,Belarus,2015,36.5415428750788
BLR,Belarus,2014,23.8666981165717
BLR,Belarus,2013,19.8476487537714
BLR,Belarus,2012,45.0544489128468
BLR,Belarus,2011,121.239445161301
BLR,Belarus,2010,31.891975360826
BLR,Belarus,2009,23.0804865807692
BLR,Belarus,2008,26.3408071099272
BLR,Belarus,2007,39.9874635163718
BLR,Belarus,2006,39.2605045057117
BLR,Belarus,2005,42.2092776740766
BLR,Belarus,2004,49.9811719928102
BLR,Belarus,2003,54.345361911765
BLR,Belarus,2002,49.0285325030848
BLR,Belarus,2001,58.7820109846815
BLR,Belarus,2000,219.267787146374
BLR,Belarus,1999,132.652054286207
BLR,Belarus,1998,276.004214169882
BLR,Belarus,1997,111.359612321826
BLR,Belarus,1996,52.4269015372561
BLR,Belarus,1995,158.413695061141
BLZ,Belize,2023,8.21445083517558
BLZ,Belize,2022,3.48102357073647
BLZ,Belize,2021,12.3914957067023
BLZ,Belize,2020,11.9226315140433
BLZ,Belize,2019,4.64126778176854
BLZ,Belize,2018,2.65189388275065
BLZ,Belize,2017,-0.368487042668548
BLZ,Belize,2016,2.64907916332178
BLZ,Belize,2015,7.56150114783352
BLZ,Belize,2014,7.89331525685519
BLZ,Belize,2013,1.35295281015746
BLZ,Belize,2012,11.008878608192
BLZ,Belize,2011,5.28085850288996
BLZ,Belize,2010,-0.114401924530565
BLZ,Belize,2009,6.43415570003595
BLZ,Belize,2008,13.2788819659501
BLZ,Belize,2007,15.371103923701
BLZ,Belize,2006,16.4750829051037
BLZ,Belize,2005,6.57351275593747
BLZ,Belize,2004,13.1531048850789
BLZ,Belize,2003,4.9306465609274
BLZ,Belize,2002,2.93707844778046
BLZ,Belize,2001,10.2025125466228
BLZ,Belize,2000,12.4181104417696
BLZ,Belize,1999,15.7671068670391
BLZ,Belize,1998,5.88380293011242
BLZ,Belize,1997,11.5391971692926
BLZ,Belize,1996,7.58151130511785
BLZ,Belize,1995,18.1933267611384
BLZ,Belize,1994,8.37996978240508
BLZ,Belize,1993,3.27455674512997
BLZ,Belize,1992,12.973508770003
BLZ,Belize,1991,10.0971901026315
BLZ,Belize,1990,15.1516522840961
BEN,Benin,2023,-0.43389044827875
BEN,Benin,2022,13.0110632647081
BEN,Benin,2021,16.6664813091209
BEN,Benin,2020,17.3018889801569
BEN,Benin,2019,6.01152739985355
BEN,Benin,2018,4.79888678525398
BEN,Benin,2017,1.04388864244228
BEN,Benin,2016,0.175468917236842
BEN,Benin,2015,6.13645187394475
BEN,Benin,2014,18.3515789309548
BEN,Benin,2013,17.3326731233816
BEN,Benin,2012,7.46034478142468
BEN,Benin,2011,9.38019563254556
BEN,Benin,2010,9.77014665532077
BEN,Benin,2009,8.01049584667733
BEN,Benin,2008,25.4222530282522
BEN,Benin,2007,18.8920908844797
BEN,Benin,2006,27.2272052551172
BEN,Benin,2005,16.8603821715559
BEN,Benin,2004,-12.0306456619487
BEN,Benin,2003,22.2440894052716
BEN,Benin,2002,-11.8482869019221
BEN,Benin,2001,0.739246036998782
BEN,Benin,2000,25.9647075047913
BEN,Benin,1999,34.7913265934539
BEN,Benin,1998,-3.56075094608954
BEN,Benin,1997,4.63993102322573
BEN,Benin,1996,13.0250014532912
BEN,Benin,1995,-1.83678378370881
BEN,Benin,1994,47.9009214037502
BEN,Benin,1993,-3.10003600664703
BEN,Benin,1992,18.7131841585947
BEN,Benin,1991,10.6685130979979
BEN,Benin,1990,28.6315508616751
BTN,Bhutan,2023,5.99715772488855
BTN,Bhutan,2022,10.5394146674913
BTN,Bhutan,2021,3.20389079088667
BTN,Bhutan,2020,28.0016404376594
BTN,Bhutan,2019,12.4264740808004
BTN,Bhutan,2018,6.55035887835865
BTN,Bhutan,2017,17.327356507753
BTN,Bhutan,2016,23.5344310656785
BTN,Bhutan,2015,3.88727939936625
BTN,Bhutan,2014,25.9149766063118
BTN,Bhutan,2013,3.74653908476992
BTN,Bhutan,2012,5.79017660964777
BTN,Bhutan,2011,4.38871016537587
BTN,Bhutan,2010,16.6437896122737
BTN,Bhutan,2009,25.8445908522162
BTN,Bhutan,2008,26.1709066249646
BTN,Bhutan,2007,11.7757379615188
BTN,Bhutan,2006,18.663101224858
BTN,Bhutan,2005,12.9891929031602
BTN,Bhutan,2004,16.1730341815623
BTN,Bhutan,2003,5.08098357381843
BTN,Bhutan,2002,43.1163098617962
BTN,Bhutan,2001,7.85235789951386
BTN,Bhutan,2000,17.3745082519168
BTN,Bhutan,1999,32.0463621614876
BTN,Bhutan,1998,13.9444355569775
BTN,Bhutan,1997,58.9416883263646
BTN,Bhutan,1996,8.95099729130756
BTN,Bhutan,1995,35.6322798814345
BTN,Bhutan,1994,23.3419155509784
BTN,Bhutan,1993,22.3692501575299
BTN,Bhutan,1992,13.5274340081551
BTN,Bhutan,1991,29.5791620318873
BTN,Bhutan,1990,10.4761904761905
BOL,Bolivia,2023,1.12779007401397
BOL,Bolivia,2022,5.10335689777504
BOL,Bolivia,2021,10.774041658949
BOL,Bolivia,2020,-29.948831193957
BOL,Bolivia,2019,-1.56148160705353
BOL,Bolivia,2018,4.13051568387533
BOL,Bolivia,2017,9.99015742060247
BOL,Bolivia,2016,0.00249099177199616
BOL,Bolivia,2015,13.1400450894711
BOL,Bolivia,2014,15.6438395125988
BOL,Bolivia,2013,18.1087052297316
BOL,Bolivia,2012,19.3685036851423
BOL,Bolivia,2011,22.9662909360035
BOL,Bolivia,2010,12.6337098923385
BOL,Bolivia,2009,10.128223510549
BOL,Bolivia,2008,24.6915547889029
BOL,Bolivia,2007,26.9401777008987
BOL,Bolivia,2006,23.3590951183943
BOL,Bolivia,2005,13.8454238055286
BOL,Bolivia,2004,-5.10857444983913
BOL,Bolivia,2003,14.2209074646455
BOL,Bolivia,2002,-5.80149981406202
BOL,Bolivia,2001,26.0219664688232
BOL,Bolivia,2000,1.55312295119305
BOL,Bolivia,1999,3.23057852391079
BOL,Bolivia,1998,13.4231882362404
BOL,Bolivia,1997,18.9645180258686
BOL,Bolivia,1996,39.8379394971308
BOL,Bolivia,1995,7.65772492552916
BOL,Bolivia,1994,24.2114203707862
BOL,Bolivia,1993,33.7027319836577
BOL,Bolivia,1992,34.473679591371
BOL,Bolivia,1991,50.7328817864324
BOL,Bolivia,1990,52.8655207280081
BIH,Bosnia and Herzegovina,2023,7.67394672484727
BIH,Bosnia and Herzegovina,2022,5.47159041364808
BIH,Bosnia and Herzegovina,2021,11.5635719023151
BIH,Bosnia and Herzegovina,2020,7.27725013104629
BIH,Bosnia and Herzegovina,2019,8.85292220454074
BIH,Bosnia and Herzegovina,2018,9.38124778264011
BIH,Bosnia and Herzegovina,2017,9.49982881110244
BIH,Bosnia and Herzegovina,2016,8.31411638088194
BIH,Bosnia and Herzegovina,2015,7.9811906560436
BIH,Bosnia and Herzegovina,2014,7.30324284720013
BIH,Bosnia and Herzegovina,2013,7.94041996329807
BIH,Bosnia and Herzegovina,2012,3.41480605017278
BIH,Bosnia and Herzegovina,2011,5.79893431612516
BIH,Bosnia and Herzegovina,2010,7.22356608900523
BIH,Bosnia and Herzegovina,2009,2.16892216367888
BIH,Bosnia and Herzegovina,2008,4.06655136713685
BIH,Bosnia and Herzegovina,2007,20.7175111417932
BIH,Bosnia and Herzegovina,2006,22.6215407608883
BIH,Bosnia and Herzegovina,2005,18.2026562508444
BIH,Bosnia and Herzegovina,2004,24.2973146313999
BIH,Bosnia and Herzegovina,2003,8.37797712181246
BIH,Bosnia and Herzegovina,2002,10.233712802895
BIH,Bosnia and Herzegovina,2001,77.7876453093839
BIH,Bosnia and Herzegovina,2000,11.2503969199935
BIH,Bosnia and Herzegovina,1999,27.5217536999189
BIH,Bosnia and Herzegovina,1998,22.011552328606
BWA,Botswana,2023,9.34827307678739
BWA,Botswana,2022,6.78583095846939
BWA,Botswana,2021,5.02038651534099
BWA,Botswana,2020,5.89245991324916
BWA,Botswana,2019,7.9900812674095
BWA,Botswana,2018,8.31894664818532
BWA,Botswana,2017,2.71694718031191
BWA,Botswana,2016,5.39107685227757
BWA,Botswana,2015,19.8754982425946
BWA,Botswana,2014,4.59330902875529
BWA,Botswana,2013,8.43467430483827
BWA,Botswana,2012,9.99402965931592
BWA,Botswana,2011,4.44031898265385
BWA,Botswana,2010,10.7016322665493
BWA,Botswana,2009,-1.30263239592676
BWA,Botswana,2008,21.4609367186341
BWA,Botswana,2007,31.4597640661204
BWA,Botswana,2006,8.96190998961569
BWA,Botswana,2005,14.40286140937
BWA,Botswana,2004,10.7097382026924
BWA,Botswana,2003,14.3146037617422
BWA,Botswana,2002,23.2633145281249
BWA,Botswana,2001,72.3927567126746
BWA,Botswana,2000,1.38636791252089
BWA,Botswana,1999,26.333090567926
BWA,Botswana,1998,39.4303108343633
BWA,Botswana,1997,28.6427346568982
BWA,Botswana,1996,18.7785787694187
BWA,Botswana,1995,12.257088277955
BWA,Botswana,1994,12.8095705151178
BWA,Botswana,1993,-14.4359221616562
BWA,Botswana,1992,13.2507493785641
BWA,Botswana,1991,41.5676406471353
BWA,Botswana,1990,-13.9858116566977
BRA,Brazil,2023,14.6913349187946
BRA,Brazil,2022,12.749851574354
BRA,Brazil,2021,12.2592082545636
BRA,Brazil,2020,17.0242715916522
BRA,Brazil,2019,8.13626147855922
BRA,Brazil,2018,7.10415817034185
BRA,Brazil,2017,4.19019691967834
BRA,Brazil,2016,11.3908022394486
BRA,Brazil,2015,11.5589675466884
BRA,Brazil,2014,12.9118870591697
BRA,Brazil,2013,10.1376898272109
BRA,Brazil,2012,13.2068989805399
BRA,Brazil,2011,16.5779267982988
BRA,Brazil,2010,13.7188868720295
BRA,Brazil,2009,15.69467992336
BRA,Brazil,2008,17.8824581798215
BRA,Brazil,2007,22.0199737935591
BRA,Brazil,2006,16.7581028383866
BRA,Brazil,2005,18.3523037555262
BRA,Brazil,2004,13.5668304135261
BRA,Brazil,2003,18.5842465790452
BRA,Brazil,2002,6.14361610731487
BRA,Brazil,2001,38.4078080654788
BRA,Brazil,2000,19.7046372390105
BRA,Brazil,1999,18.115344500041
BRA,Brazil,1998,12.019348129374
BRA,Brazil,1997,17.2433206742621
BRA,Brazil,1996,31.0349042272703
BRA,Brazil,1995,44.302154919907
BRA,Brazil,1994,1102.38325242776
BRA,Brazil,1993,3280.65272709834
BRA,Brazil,1992,1749.38273093026
BRA,Brazil,1991,501.616587503433
BRA,Brazil,1990,640.868514747835
BRN,Brunei Darussalam,2023,2.68933848962653
BRN,Brunei Darussalam,2022,1.25150470423448
BRN,Brunei Darussalam,2021,2.70559579960102
BRN,Brunei Darussalam,2020,-0.429671233653523
BRN,Brunei Darussalam,2019,4.26895996246336
BRN,Brunei Darussalam,2018,2.83751550037399
BRN,Brunei Darussalam,2017,-0.441585055591851
BRN,Brunei Darussalam,2016,1.50926899284682
BRN,Brunei Darussalam,2015,-1.7593650562943
BRN,Brunei Darussalam,2014,3.22112611646944
BRN,Brunei Darussalam,2013,1.4662689657432
BRN,Brunei Darussalam,2012,0.899078957511013
BRN,Brunei Darussalam,2011,10.0548918063225
BRN,Brunei Darussalam,2010,4.80704568716595
BRN,Brunei Darussalam,2009,9.65560615099026
BRN,Brunei Darussalam,2008,9.57876240676493
BRN,Brunei Darussalam,2007,6.70615456556892
BRN,Brunei Darussalam,2006,2.11689429640714
BRN,Brunei Darussalam,2005,-4.4974160779339
BRN,Brunei Darussalam,2004,15.8346720830407
BRN,Brunei Darussalam,2003,4.07105887215846
BRN,Brunei Darussalam,2002,1.8854203176852
BRN,Brunei Darussalam,2001,-11.9303847149432
BRN,Brunei Darussalam,2000,47.6608321980224
BGR,Bulgaria,2023,8.69825982967889
BGR,Bulgaria,2022,13.195097164808
BGR,Bulgaria,2021,10.6987148417859
BGR,Bulgaria,2020,10.8841648659457
BGR,Bulgaria,2019,9.88239152075389
BGR,Bulgaria,2018,8.77829497368631
BGR,Bulgaria,2017,7.70576446040099
BGR,Bulgaria,2016,7.60685832515517
BGR,Bulgaria,2015,8.76553644651917
BGR,Bulgaria,2014,1.14402767166474
BGR,Bulgaria,2013,8.93577137376321
BGR,Bulgaria,2012,8.43229352228
BGR,Bulgaria,2011,12.181322544942
BGR,Bulgaria,2010,6.30450909887787
BGR,Bulgaria,2009,4.17212643201534
BGR,Bulgaria,2008,8.85665216433777
BGR,Bulgaria,2007,31.2858764745145
BGR,Bulgaria,2006,26.9273327223457
BGR,Bulgaria,2005,21.4931941705546
BGR,Bulgaria,2004,24.0079394665183
BGR,Bulgaria,2003,20.2042406274785
BGR,Bulgaria,2002,12.3446393024171
BGR,Bulgaria,2001,25.9580435618066
BGR,Bulgaria,2000,30.8003149309128
BGR,Bulgaria,1999,13.3736479971378
BGR,Bulgaria,1998,11.7561368067167
BGR,Bulgaria,1997,351.448616965317
BGR,Bulgaria,1996,123.889203285358
BGR,Bulgaria,1995,40.4640048887849
BGR,Bulgaria,1994,77.4813057385557
BGR,Bulgaria,1993,53.8779980572524
BGR,Bulgaria,1992,51.6650517115229
BFA,Burkina Faso,2023,-2.88383144359408
BFA,Burkina Faso,2022,2.35938172904218
BFA,Burkina Faso,2021,16.8623216574748
BFA,Burkina Faso,2020,17.8188029823361
BFA,Burkina Faso,2019,9.09412482713924
BFA,Burkina Faso,2018,10.4418753036708
BFA,Burkina Faso,2017,21.0775629087536
BFA,Burkina Faso,2016,11.6660945719734
BFA,Burkina Faso,2015,19.4154039598334
BFA,Burkina Faso,2014,11.0177403102591
BFA,Burkina Faso,2013,10.853154429694
BFA,Burkina Faso,2012,15.559898319978
BFA,Burkina Faso,2011,14.3850829744993
BFA,Burkina Faso,2010,17.9566507192134
BFA,Burkina Faso,2009,23.4535066009728
BFA,Burkina Faso,2008,26.9662042934324
BFA,Burkina Faso,2007,7.95939947327497
BFA,Burkina Faso,2006,10.3118162970408
BFA,Burkina Faso,2005,-2.45619723414636
BFA,Burkina Faso,2004,-4.34146677217646
BFA,Burkina Faso,2003,69.077923468095
BFA,Burkina Faso,2002,-3.0185934063277
BFA,Burkina Faso,2001,-3.11492703734363
BFA,Burkina Faso,2000,7.50513534761595
BFA,Burkina Faso,1999,2.55613253113857
BFA,Burkina Faso,1998,1.04461091399271
BFA,Burkina Faso,1997,17.7292368750708
BFA,Burkina Faso,1996,5.17486825740096
BFA,Burkina Faso,1995,22.2565661241542
BFA,Burkina Faso,1994,29.3892228477894
BFA,Burkina Faso,1993,7.96950343803204
BFA,Burkina Faso,1992,3.95647022139071
BFA,Burkina Faso,1991,4.46669216170806
BFA,Burkina Faso,1990,-0.497338603186416
BDI,Burundi,2023,17.4083386550268
BDI,Burundi,2022,37.1604738485934
BDI,Burundi,2021,20.3412407497567
BDI,Burundi,2020,24.1067693908159
BDI,Burundi,2019,22.5511384369432
BDI,Burundi,2018,19.8701858450167
BDI,Burundi,2017,26.3171279834636
BDI,Burundi,2016,7.29602848930747
BDI,Burundi,2015,-0.0640779326403089
BDI,Burundi,2014,12.1956672255391
BDI,Burundi,2013,12.4817056704414
BDI,Burundi,2012,16.0691825327873
BDI,Burundi,2011,6.99889250832732
BDI,Burundi,2010,24.9758564358511
BDI,Burundi,2009,17.0835643101644
BDI,Burundi,2008,33.63700236915
BDI,Burundi,2007,4.95448646227501
BDI,Burundi,2006,22.6615055209248
BDI,Burundi,2005,24.7314305878371
BDI,Burundi,2004,10.2271219694904
BDI,Burundi,2003,24.9985706014912
BDI,Burundi,2002,30.1856007055163
BDI,Burundi,2001,16.4118746856755
BDI,Burundi,2000,15.5448564631789
BDI,Burundi,1999,47.5856785347392
BDI,Burundi,1998,-0.845966591382441
BDI,Burundi,1997,8.437903680116
BDI,Burundi,1996,18.7420552399545
BDI,Burundi,1995,-7.97072608242821
BDI,Burundi,1994,33.0436633031291
BDI,Burundi,1993,5.95227483653791
BDI,Burundi,1992,5.66594917738053
BDI,Burundi,1991,18.0019678926224
BDI,Burundi,1990,9.98691278304702
CPV,Cabo Verde,2023,6.27047595566525
CPV,Cabo Verde,2022,5.80167504065324
CPV,Cabo Verde,2021,3.0366482045597
CPV,Cabo Verde,2020,3.77482505766179
CPV,Cabo Verde,2019,8.44815168748445
CPV,Cabo Verde,2018,1.39443738345822
CPV,Cabo Verde,2017,6.50545309524273
CPV,Cabo Verde,2016,8.35622933514122
CPV,Cabo Verde,2015,6.23706658401735
CPV,Cabo Verde,2014,7.43705292616453
CPV,Cabo Verde,2013,11.4127741622832
CPV,Cabo Verde,2012,6.30448451136181
CPV,Cabo Verde,2011,4.5845954135798
CPV,Cabo Verde,2010,5.40545455566545
CPV,Cabo Verde,2009,3.46164227689795
CPV,Cabo Verde,2008,7.57449057249651
CPV,Cabo Verde,2007,10.7394265422651
CPV,Cabo Verde,2006,18.029385720181
CPV,Cabo Verde,2005,15.7798653923107
CPV,Cabo Verde,2004,10.5826188273494
CPV,Cabo Verde,2003,8.59979566186541
CPV,Cabo Verde,2002,14.2209312274713
CPV,Cabo Verde,2001,9.71932696242447
CPV,Cabo Verde,2000,12.9979001425292
CPV,Cabo Verde,1999,16.7754025982276
CPV,Cabo Verde,1998,1.96790972748531
CPV,Cabo Verde,1997,9.91011515938985
CPV,Cabo Verde,1996,11.7891678936687
CPV,Cabo Verde,1995,14.0138745842842
CPV,Cabo Verde,1994,12.2323442695576
CPV,Cabo Verde,1993,89.6265039300129
CPV,Cabo Verde,1992,29.8778499586145
CPV,Cabo Verde,1991,9.36647053175877
CPV,Cabo Verde,1990,11.1519346281672
KHM,Cambodia,2023,12.5425100044602
KHM,Cambodia,2022,8.19379553392677
KHM,Cambodia,2021,16.4029214353518
KHM,Cambodia,2020,15.2872472711995
KHM,Cambodia,2019,18.1523073296895
KHM,Cambodia,2018,26.5512517510905
KHM,Cambodia,2017,23.1429712273213
KHM,Cambodia,2016,20.999978463086
KHM,Cambodia,2015,16.997185598626
KHM,Cambodia,2014,31.4966979478657
KHM,Cambodia,2013,21.8226518181842
KHM,Cambodia,2012,39.4102698337822
KHM,Cambodia,2011,3.93799032131575
KHM,Cambodia,2010,21.2999071375215
KHM,Cambodia,2009,35.5827743504495
KHM,Cambodia,2008,5.44604393384399
KHM,Cambodia,2007,61.8364968451107
KHM,Cambodia,2006,40.5459103866416
KHM,Cambodia,2005,15.8165215355577
KHM,Cambodia,2004,28.3486028690568
KHM,Cambodia,2003,15.4324374274091
KHM,Cambodia,2002,31.0897433807585
KHM,Cambodia,2001,20.5243208140847
KHM,Cambodia,2000,26.8979821879053
KHM,Cambodia,1999,17.2702787734327
KHM,Cambodia,1998,15.7306013617833
KHM,Cambodia,1997,16.5917083690756
KHM,Cambodia,1996,40.4420849599295
KHM,Cambodia,1995,43.5929086862841
KHM,Cambodia,1994,35.5586276385511
CMR,Cameroon,2018,13.9378563463
CMR,Cameroon,2017,5.43228321376026
CMR,Cameroon,2016,5.00098743515312
CMR,Cameroon,2015,8.80292225458133
CMR,Cameroon,2014,13.2432367021781
CMR,Cameroon,2013,11.4452794400338
CMR,Cameroon,2012,-0.0589025761589911
CMR,Cameroon,2011,10.1303731066654
CMR,Cameroon,2010,13.8078332109737
CMR,Cameroon,2009,8.23152231277215
CMR,Cameroon,2008,13.9513041127979
CMR,Cameroon,2007,14.8718532523588
CMR,Cameroon,2006,8.12791258010797
CMR,Cameroon,2005,5.65414369458343
CMR,Cameroon,2004,7.45071603479653
CMR,Cameroon,2003,1.94742014185132
CMR,Cameroon,2002,21.1735822369744
CMR,Cameroon,2001,1.37478435096477
CMR,Cameroon,2000,19.1337001652521
CMR,Cameroon,1999,13.2968993049171
CMR,Cameroon,1998,7.77365378940852
CMR,Cameroon,1997,18.5776472727148
CMR,Cameroon,1996,-10.1012265918325
CMR,Cameroon,1995,-6.15458747058943
CMR,Cameroon,1994,26.5409334773772
CMR,Cameroon,1993,-9.22840906635552
CMR,Cameroon,1992,-16.7204650840889
CMR,Cameroon,1991,1.47867114842476
CMR,Cameroon,1990,-0.709612544298484
CAN,Canada,2008,14.9217682589394
CAN,Canada,2007,-25.5506861418317
CAN,Canada,2006,12.4794920805704
CAN,Canada,2005,9.64519114148486
CAN,Canada,2004,5.46310787984703
CAN,Canada,2003,0.510667128492431
CAN,Canada,2002,2.65552561640498
CAN,Canada,2001,125.031003767194
CAN,Canada,2000,6.62329581424731
CAN,Canada,1999,5.36227033311612
CAN,Canada,1998,2.42054087792694
CAN,Canada,1997,4.37212285001031
CAN,Canada,1996,4.0452372668913
CAN,Canada,1995,4.82998544492887
CAN,Canada,1994,4.63057345927796
CAN,Canada,1993,1.90509505055276
CAN,Canada,1992,6.40097941786606
CAN,Canada,1991,3.88294636022846
CAN,Canada,1990,8.09337217122333
CAF,Central African Republic,2022,2.49028411877901
CAF,Central African Republic,2021,14.5690338384687
CAF,Central African Republic,2020,11.4701347096995
CAF,Central African Republic,2019,8.91638772582545
CAF,Central African Republic,2018,14.048377549731
CAF,Central African Republic,2017,10.3030125188443
CAF,Central African Republic,2016,5.75008242664029
CAF,Central African Republic,2015,5.3125
CAF,Central African Republic,2014,14.5799204306108
CAF,Central African Republic,2013,5.61622233537167
CAF,Central African Republic,2012,1.55529115271272
CAF,Central African Republic,2011,13.7941672141449
CAF,Central African Republic,2010,16.129182063649
CAF,Central African Republic,2009,11.7111708947536
CAF,Central African Republic,2008,18.4280510817571
CAF,Central African Republic,2007,-6.31038821139883
CAF,Central African Republic,2006,-4.5934538379464
CAF,Central African Republic,2005,18.2839802897152
CAF,Central African Republic,2004,13.0743643823255
CAF,Central African Republic,2003,-7.6397503488913
CAF,Central African Republic,2002,-5.08150274128859
CAF,Central African Republic,2001,-1.9889283589087
CAF,Central African Republic,2000,2.37868872130482
CAF,Central African Republic,1999,11.0647502665464
CAF,Central African Republic,1998,-16.1474451550787
CAF,Central African Republic,1997,-7.72525720450237
CAF,Central African Republic,1996,4.86532798748939
CAF,Central African Republic,1995,4.27534283409519
CAF,Central African Republic,1994,78.5212139981418
CAF,Central African Republic,1993,12.8192585863527
CAF,Central African Republic,1992,-3.34335213265341
CAF,Central African Republic,1991,-4.24124828199531
CAF,Central African Republic,1990,-3.54352199884586
TCD,Chad,2021,13.6320188435529
TCD,Chad,2020,17.538418120975
TCD,Chad,2019,22.7009979628714
TCD,Chad,2018,0.65096282276539
TCD,Chad,2017,-4.36501030020917
TCD,Chad,2016,-7.69282448337371
TCD,Chad,2015,-4.70080513385339
TCD,Chad,2014,26.4750408397018
TCD,Chad,2013,8.6485363064098
TCD,Chad,2012,13.4455325242648
TCD,Chad,2011,14.2173157369531
TCD,Chad,2010,25.346824579969
TCD,Chad,2009,-4.6447288912761
TCD,Chad,2008,26.3610458181746
TCD,Chad,2007,5.66450639906769
TCD,Chad,2006,49.8757206817383
TCD,Chad,2005,32.929385253006
TCD,Chad,2004,3.07373276879595
TCD,Chad,2003,0.581069232738105
TCD,Chad,2002,21.43197238424
TCD,Chad,2001,24.1751383665358
TCD,Chad,2000,19.4370341310318
TCD,Chad,1999,-3.3737680060652
TCD,Chad,1998,-7.71787135423499
TCD,Chad,1997,-4.09873188405797
TCD,Chad,1996,27.9285852234931
TCD,Chad,1995,48.7495411526246
TCD,Chad,1994,31.43906020558
TCD,Chad,1993,-28.297459500925
TCD,Chad,1992,-8.20815154360192
TCD,Chad,1991,3.36963192373014
TCD,Chad,1990,-0.99335876783948
CHL,Chile,2023,2.612362094973
CHL,Chile,2022,3.79180342377034
CHL,Chile,2021,19.2852459032946
CHL,Chile,2020,14.065633467554
CHL,Chile,2019,12.1600547005451
CHL,Chile,2018,4.1787397649643
CHL,Chile,2017,0.556021107539523
CHL,Chile,2016,4.90181744939997
CHL,Chile,2015,9.15150410432211
CHL,Chile,2014,8.74251950539312
CHL,Chile,2013,11.7428680339608
CHL,Chile,2012,10.3007746397346
CHL,Chile,2011,22.8766979282293
CHL,Chile,2010,7.71445579506161
CHL,Chile,2009,-4.69795098726649
CHL,Chile,2008,0.236514470150661
CHL,Chile,2007,18.7545814121829
CHL,Chile,2006,19.1863915854218
CHL,Chile,2005,11.1916460143186
CHL,Chile,2004,9.55333017615042
CHL,Chile,2003,-0.512352386177694
CHL,Chile,2002,6.07916276465261
CHL,Chile,2001,82.588308363306
CHL,Chile,2000,9.09259869123507
CHL,Chile,1999,12.9848172513259
CHL,Chile,1998,13.2940124003087
CHL,Chile,1997,24.4673526760198
CHL,Chile,1996,20.094079349474
CHL,Chile,1995,24.3475256018565
CHL,Chile,1994,11.6694985587633
CHL,Chile,1993,24.5375002735213
CHL,Chile,1992,26.0801784390471
CHL,Chile,1991,26.9741137081853
CHL,Chile,1990,24.2444285445799
CHN,China,2023,9.84883453512065
CHN,China,2022,11.6633002240566
CHN,China,2021,9.0757457335677
CHN,China,2020,10.0135623141248
CHN,China,2019,8.8822790596896
CHN,China,2018,6.99106169351358
CHN,China,2017,8.10977796183974
CHN,China,2016,11.3331189514331
CHN,China,2015,13.343101694296
CHN,China,2014,11.0119361361336
CHN,China,2013,13.5889022146314
CHN,China,2012,14.3916520166902
CHN,China,2011,17.3229697862854
CHN,China,2010,18.9483146133247
CHN,China,2009,28.4232778726154
CHN,China,2008,17.778107551017
CHN,China,2007,16.7355345835518
CHN,China,2006,22.1161188523734
CHN,China,2005,16.741652395309
CHN,China,2004,14.8869201406815
CHN,China,2003,19.2397666568681
CHN,China,2002,13.1404362825777
CHN,China,2001,15.042413505773
CHN,China,2000,12.3247819807429
CHN,China,1999,14.6664777063988
CHN,China,1998,14.9043500655997
CHN,China,1997,20.7273116736513
CHN,China,1996,25.2731567986698
CHN,China,1995,29.4610222014778
CHN,China,1994,31.5001345261317
CHN,China,1993,46.6697907289342
CHN,China,1992,30.7996709482819
CHN,China,1991,26.679108289799
CHN,China,1990,28.8665946932793
COL,Colombia,2023,4.28916670582807
COL,Colombia,2022,12.3881694594361
COL,Colombia,2021,16.6176002260878
COL,Colombia,2020,19.9310694741128
COL,Colombia,2019,7.18880497771489
COL,Colombia,2018,-19.2039180024237
COL,Colombia,2017,6.78977108858741
COL,Colombia,2016,7.18656806506316
COL,Colombia,2015,11.4209959856794
COL,Colombia,2014,9.19089669585043
COL,Colombia,2013,13.734793833431
COL,Colombia,2012,16.0716080723658
COL,Colombia,2011,18.9238170418615
COL,Colombia,2010,11.4576625933083
COL,Colombia,2009,8.05588580513637
COL,Colombia,2008,18.4819792755539
COL,Colombia,2007,17.3922512072947
COL,Colombia,2006,17.9495885478403
COL,Colombia,2005,17.6334785783414
COL,Colombia,2004,19.2887753120297
COL,Colombia,2003,10.5253958714064
COL,Colombia,2002,4.60750532418349
COL,Colombia,2001,19.5857328904759
COL,Colombia,2000,3.64844934326372
COL,Colombia,1999,11.8974582029556
COL,Colombia,1998,11.3581980959744
COL,Colombia,1997,23.8811471536528
COL,Colombia,1996,21.0279620938304
COL,Colombia,1995,28.2328580125072
COL,Colombia,1994,45.7348710917547
COL,Colombia,1993,39.0100341947419
COL,Colombia,1992,39.0322790153926
COL,Colombia,1991,32.8410928222499
COM,Comoros,2023,9.35729519316389
COM,Comoros,2022,7.37831732181366
COM,Comoros,2021,18.5415628211857
COM,Comoros,2020,12.897024029852
COM,Comoros,2019,5.90669993633771
COM,Comoros,2018,8.47150007896841
COM,Comoros,2017,1.81679233571367
COM,Comoros,2016,10.2596461134046
COM,Comoros,2015,17.1103236713253
COM,Comoros,2014,8.0969416728441
COM,Comoros,2013,2.8496315109187
COM,Comoros,2012,15.9911623205313
COM,Comoros,2011,9.57178617646536
COM,Comoros,2010,19.4120667816831
COM,Comoros,2009,13.3447341598715
COM,Comoros,2008,11.531908640933
COM,Comoros,2007,9.55829396183924
COM,Comoros,2006,12.5041913599772
COM,Comoros,2005,7.05846153111262
COM,Comoros,2004,-2.89289388118761
COM,Comoros,2003,-2.06748555968995
COM,Comoros,2002,11.2609118719366
COM,Comoros,2001,52.3103623488209
COM,Comoros,2000,14.5309658787036
COM,Comoros,1999,18.5443479363469
COM,Comoros,1998,-14.1558724284315
COM,Comoros,1997,-4.24223473003961
COM,Comoros,1996,9.7586088548221
COM,Comoros,1995,-6.13187285223368
COM,Comoros,1994,7.30583083659829
COM,Comoros,1993,3.37721126928346
COM,Comoros,1992,5.2535891166698
COM,Comoros,1991,2.97611362169141
COM,Comoros,1990,3.89000670690812
COD,"Congo, Dem. Rep.",2021,34.8119847815676
COD,"Congo, Dem. Rep.",2020,45.6547035754826
COD,"Congo, Dem. Rep.",2019,34.6858216818062
COD,"Congo, Dem. Rep.",2018,27.6587336614004
COD,"Congo, Dem. Rep.",2017,41.8654193599677
COD,"Congo, Dem. Rep.",2016,22.6051119822049
COD,"Congo, Dem. Rep.",2015,9.38545948426573
COD,"Congo, Dem. Rep.",2014,14.6603098236125
COD,"Congo, Dem. Rep.",2013,18.7403771509598
COD,"Congo, Dem. Rep.",2012,20.6706078857177
COD,"Congo, Dem. Rep.",2011,21.4968570515235
COD,"Congo, Dem. Rep.",2010,34.764283862489
COD,"Congo, Dem. Rep.",2009,56.2140459187766
COD,"Congo, Dem. Rep.",2008,55.0502772933807
COD,"Congo, Dem. Rep.",2007,50.58676252824
COD,"Congo, Dem. Rep.",2006,56.5303167340105
COD,"Congo, Dem. Rep.",2005,23.3407844403748
COD,"Congo, Dem. Rep.",2004,81.8542355027574
COD,"Congo, Dem. Rep.",2003,29.7357123256527
COD,"Congo, Dem. Rep.",2002,38.4425016309916
COD,"Congo, Dem. Rep.",2001,41.4272018618268
COD,"Congo, Dem. Rep.",1995,357.632305919064
COD,"Congo, Dem. Rep.",1994,6968.92251815981
COD,"Congo, Dem. Rep.",1993,2853.12491592666
COD,"Congo, Dem. Rep.",1992,3794.44895462051
COD,"Congo, Dem. Rep.",1991,2388.56716173122
COD,"Congo, Dem. Rep.",1990,195.386505972634
COG,"Congo, Rep.",2023,9.64001616784651
COG,"Congo, Rep.",2022,8.93634371659726
COG,"Congo, Rep.",2021,7.3305000364281
COG,"Congo, Rep.",2020,14.1113794903799
COG,"Congo, Rep.",2019,13.999202619855
COG,"Congo, Rep.",2018,-6.00980710632165
COG,"Congo, Rep.",2017,-11.5569234971099
COG,"Congo, Rep.",2016,-15.031902393003
COG,"Congo, Rep.",2015,-11.5129053659153
COG,"Congo, Rep.",2014,13.8053756757571
COG,"Congo, Rep.",2013,1.05492197764717
COG,"Congo, Rep.",2012,19.8605898123324
COG,"Congo, Rep.",2011,38.0335483832186
COG,"Congo, Rep.",2010,31.9459150773916
COG,"Congo, Rep.",2009,4.90943225491063
COG,"Congo, Rep.",2008,32.9684463837467
COG,"Congo, Rep.",2007,16.5648078439085
COG,"Congo, Rep.",2006,47.099290948327
COG,"Congo, Rep.",2005,34.214538290403
COG,"Congo, Rep.",2004,19.9829681932919
COG,"Congo, Rep.",2003,-1.74807332978141
COG,"Congo, Rep.",2002,12.6852388180231
COG,"Congo, Rep.",2001,-29.245243508436
COG,"Congo, Rep.",2000,58.5219539722961
COG,"Congo, Rep.",1999,19.8714159030446
COG,"Congo, Rep.",1998,-12.782909186461
COG,"Congo, Rep.",1997,9.51605284162174
COG,"Congo, Rep.",1996,15.6967321246843
COG,"Congo, Rep.",1995,-0.0514855463746641
COG,"Congo, Rep.",1994,28.1938184159691
COG,"Congo, Rep.",1993,-26.5599508192845
COG,"Congo, Rep.",1992,8.81327587315881
COG,"Congo, Rep.",1991,-4.80126874491002
COG,"Congo, Rep.",1990,18.3987878172736
CRI,Costa Rica,2023,4.9731923970235
CRI,Costa Rica,2022,-2.35512487440564
CRI,Costa Rica,2021,8.76885327082765
CRI,Costa Rica,2020,17.7769648530842
CRI,Costa Rica,2019,4.03912134162319
CRI,Costa Rica,2018,2.15916074215409
CRI,Costa Rica,2017,1.54754789770178
CRI,Costa Rica,2016,3.08607993849966
CRI,Costa Rica,2015,4.02881858095715
CRI,Costa Rica,2014,14.2685864882035
CRI,Costa Rica,2013,9.6191707295475
CRI,Costa Rica,2012,9.93291577389045
CRI,Costa Rica,2011,5.43347065015869
CRI,Costa Rica,2010,0.941285851648117
CRI,Costa Rica,2009,9.24120092384043
CRI,Costa Rica,2008,22.5028952501692
CRI,Costa Rica,2007,20.4614322318379
CRI,Costa Rica,2006,22.755135370652
CRI,Costa Rica,2005,27.6764360492575
CRI,Costa Rica,2004,22.7942064055102
CRI,Costa Rica,2003,24.6767163542663
CRI,Costa Rica,2002,19.284339840734
CRI,Costa Rica,2001,154.390782845104
CRI,Costa Rica,2000,24.0361773122231
CRI,Costa Rica,1999,30.1475061123983
CRI,Costa Rica,1998,20.3105941149051
CRI,Costa Rica,1997,-45.4729740311039
CRI,Costa Rica,1996,47.5867724122026
CRI,Costa Rica,1995,4.68747604813367
CRI,Costa Rica,1994,21.9824604050188
CRI,Costa Rica,1993,15.1311611285131
CRI,Costa Rica,1992,24.1630942874231
CRI,Costa Rica,1991,33.6729270416937
CRI,Costa Rica,1990,27.4027245103506
CIV,Cote d'Ivoire,2023,3.32639551187774
CIV,Cote d'Ivoire,2022,8.98298280676063
CIV,Cote d'Ivoire,2021,18.7449777034031
CIV,Cote d'Ivoire,2020,21.1007351049792
CIV,Cote d'Ivoire,2019,10.7609813744002
CIV,Cote d'Ivoire,2018,13.3967052428604
CIV,Cote d'Ivoire,2017,9.19340465385153
CIV,Cote d'Ivoire,2016,11.0384683432857
CIV,Cote d'Ivoire,2015,18.1546915307032
CIV,Cote d'Ivoire,2014,14.1777925634701
CIV,Cote d'Ivoire,2013,11.340164416661
CIV,Cote d'Ivoire,2012,4.85589316007314
CIV,Cote d'Ivoire,2011,11.0157964392722
CIV,Cote d'Ivoire,2010,19.1204121935271
CIV,Cote d'Ivoire,2009,21.1697848867048
CIV,Cote d'Ivoire,2008,8.01690586409246
CIV,Cote d'Ivoire,2007,32.1527289898297
CIV,Cote d'Ivoire,2006,13.1657096490292
CIV,Cote d'Ivoire,2005,-0.176792556330689
CIV,Cote d'Ivoire,2004,7.56792481095225
CIV,Cote d'Ivoire,2003,-27.6793378368258
CIV,Cote d'Ivoire,2002,29.7788097443809
CIV,Cote d'Ivoire,2001,4.55722942027382
CIV,Cote d'Ivoire,2000,-1.75846295093394
CIV,Cote d'Ivoire,1999,-1.68265861398716
CIV,Cote d'Ivoire,1998,6.01708131520131
CIV,Cote d'Ivoire,1997,8.18789335818749
CIV,Cote d'Ivoire,1996,3.92661506478793
CIV,Cote d'Ivoire,1995,18.0817630059379
CIV,Cote d'Ivoire,1994,46.7837521949597
CIV,Cote d'Ivoire,1993,-1.36228574653462
CIV,Cote d'Ivoire,1992,-1.18546482317214
CIV,Cote d'Ivoire,1991,0.115518092018689
CIV,Cote d'Ivoire,1990,-2.57195184379589
CZE,Czechia,2023,9.73024515792234
CZE,Czechia,2022,6.10585436585901
CZE,Czechia,2021,6.76941104340941
CZE,Czechia,2020,9.95628524375376
CZE,Czechia,2019,6.3584150761505
CZE,Czechia,2018,6.31137488253781
CZE,Czechia,2017,10.3570967013429
CZE,Czechia,2016,6.52779079563308
CZE,Czechia,2015,7.95092278730706
CZE,Czechia,2014,5.91995715715869
CZE,Czechia,2013,5.81022899915709
CZE,Czechia,2012,4.79031675688789
CZE,Czechia,2011,2.75445022953148
CZE,Czechia,2010,1.87646679713886
CZE,Czechia,2009,0.213326566463229
CZE,Czechia,2008,13.5862283105176
CZE,Czechia,2007,16.1173743136305
CZE,Czechia,2006,12.9505971665106
CZE,Czechia,2005,10.997177074229
CZE,Czechia,2004,7.35915245544553
CZE,Czechia,2003,6.56493026178685
CZE,Czechia,2002,-11.0921984156473
CZE,Czechia,2001,11.1836501134686
CZE,Czechia,2000,16.0008377494391
CZE,Czechia,1999,2.62410396113678
CZE,Czechia,1998,3.36261767489274
CZE,Czechia,1997,1.66441096857714
CZE,Czechia,1996,6.44123124876803
CZE,Czechia,1995,29.3035088367041
CZE,Czechia,1994,20.4062668052917
DNK,Denmark,2023,4.8138565827062
DNK,Denmark,2022,9.82498632297056
DNK,Denmark,2021,-1.04652285023299
DNK,Denmark,2020,9.83954459835281
DNK,Denmark,2019,5.80775708036393
DNK,Denmark,2018,1.50090679785704
DNK,Denmark,2017,5.16118020835127
DNK,Denmark,2016,-7.20490658126743
DNK,Denmark,2015,9.91131631313502
DNK,Denmark,2014,14.1032264295522
DNK,Denmark,2013,-9.37354206731861
DNK,Denmark,2012,2.04830211192183
DNK,Denmark,2011,-5.9362000963831
DNK,Denmark,2010,7.87826550924501
DNK,Denmark,2009,4.52866749848949
DNK,Denmark,2008,7.00027064997117
DNK,Denmark,2007,17.1656742541219
DNK,Denmark,2006,11.4789443178639
DNK,Denmark,2005,14.4170411278428
DNK,Denmark,2004,2.72736882906374
DNK,Denmark,2003,-2.17469051486778
DNK,Denmark,2002,4.24160848740917
DNK,Denmark,2001,3.565120984936
DNK,Denmark,2000,-5.16516872218846
DNK,Denmark,1999,-0.89205197614667
DNK,Denmark,1998,3.32547137868865
DNK,Denmark,1997,6.81873382122141
DNK,Denmark,1996,8.14356187202248
DNK,Denmark,1995,6.21268825171192
DNK,Denmark,1994,-9.95117259116915
DNK,Denmark,1993,19.706617288278
DNK,Denmark,1992,-0.739939745221923
DNK,Denmark,1991,3.93080210387903
DNK,Denmark,1990,6.52659225213395
DJI,Djibouti,2023,7.67589368499659
DJI,Djibouti,2022,-1.68907589026452
DJI,Djibouti,2021,5.29558051534839
DJI,Djibouti,2020,19.379237787864
DJI,Djibouti,2019,8.78066001207737
DJI,Djibouti,2018,-5.58225556253918
DJI,Djibouti,2017,21.9188084661777
DJI,Djibouti,2016,8.76586615499902
DJI,Djibouti,2015,19.0250316086382
DJI,Djibouti,2014,6.48767394886116
DJI,Djibouti,2013,6.93626054670204
DJI,Djibouti,2012,15.0441791999458
DJI,Djibouti,2011,-4.46690088257579
DJI,Djibouti,2010,12.2001689445392
DJI,Djibouti,2009,17.0095712884247
DJI,Djibouti,2008,21.0565733284375
DJI,Djibouti,2007,8.22643082330746
DJI,Djibouti,2006,11.6095322536969
DJI,Djibouti,2005,11.3511100740185
DJI,Djibouti,2004,13.8805177005977
DJI,Djibouti,2003,17.7554005754705
DJI,Djibouti,2002,15.6854460923828
DJI,Djibouti,2001,7.52927311435523
DJI,Djibouti,2000,1.12839045769977
DJI,Djibouti,1999,-3.84821544091825
DJI,Djibouti,1998,-4.10839935485014
DJI,Djibouti,1997,-4.54914566063272
DJI,Djibouti,1996,-7.40769748899576
DJI,Djibouti,1995,5.27886803654474
DJI,Djibouti,1994,3.65824472631543
DJI,Djibouti,1993,0.91603843566167
DJI,Djibouti,1992,-5.28732251687009
DJI,Djibouti,1991,4.04426764585883
DJI,Djibouti,1990,3.55791067373202
DMA,Dominica,2023,-0.449569901802602
DMA,Dominica,2022,-1.25656217166176
DMA,Dominica,2021,1.83088088230405
DMA,Dominica,2020,-11.760051050292
DMA,Dominica,2019,-11.7841644855541
DMA,Dominica,2018,1.56608313906501
DMA,Dominica,2017,17.206553352723
DMA,Dominica,2016,6.11641035623905
DMA,Dominica,2015,3.52084404608907
DMA,Dominica,2014,4.96958397524299
DMA,Dominica,2013,3.04276880208974
DMA,Dominica,2012,11.3018458804814
DMA,Dominica,2011,2.64586416053922
DMA,Dominica,2010,2.63746494079331
DMA,Dominica,2009,10.0886427464697
DMA,Dominica,2008,5.60030580946311
DMA,Dominica,2007,10.1667993045984
DMA,Dominica,2006,11.1897322479905
DMA,Dominica,2005,5.46574648244365
DMA,Dominica,2004,6.55172991497894
DMA,Dominica,2003,8.4085729277746
DMA,Dominica,2002,9.44758965636662
DMA,Dominica,2001,5.2542211703752
DMA,Dominica,2000,-3.20319651904978
DMA,Dominica,1999,8.66734110377129
DMA,Dominica,1998,3.16019809955537
DMA,Dominica,1997,4.85393048979125
DMA,Dominica,1996,6.34838425767459
DMA,Dominica,1995,20.6854370722789
DMA,Dominica,1994,5.05934485559181
DMA,Dominica,1993,-1.11198469259795
DMA,Dominica,1992,14.0265866347053
DMA,Dominica,1991,14.3566339260451
DMA,Dominica,1990,18.822425009824
DOM,Dominican Republic,2023,14.482607305691
DOM,Dominican Republic,2022,5.5682071599167
DOM,Dominican Republic,2021,13.7042096284029
DOM,Dominican Republic,2020,21.7508363792943
DOM,Dominican Republic,2019,11.6688562177909
DOM,Dominican Republic,2018,6.63694029296926
DOM,Dominican Republic,2017,9.71039798869414
DOM,Dominican Republic,2016,9.75223379825405
DOM,Dominican Republic,2015,12.1113155236581
DOM,Dominican Republic,2014,9.26752299008154
DOM,Dominican Republic,2013,11.950574689359
DOM,Dominican Republic,2012,9.95364367457718
DOM,Dominican Republic,2011,12.5686909059422
DOM,Dominican Republic,2010,12.3379520802011
DOM,Dominican Republic,2009,13.5313743668962
DOM,Dominican Republic,2008,5.4118994816359
DOM,Dominican Republic,2007,17.1364713087271
DOM,Dominican Republic,2006,5.96232391597341
DOM,Dominican Republic,2005,7.43751146680473
DOM,Dominican Republic,2004,15.6564029448711
DOM,Dominican Republic,2003,87.1990375729933
DOM,Dominican Republic,2002,5.4843812442903
DOM,Dominican Republic,2001,37.5664449845038
DOM,Dominican Republic,2000,16.7982485218143
DOM,Dominican Republic,1999,21.8994482803002
DOM,Dominican Republic,1998,17.7236248390297
DOM,Dominican Republic,1997,24.1189129279194
DOM,Dominican Republic,1996,17.1300203587042
DOM,Dominican Republic,1995,16.6467980089514
DOM,Dominican Republic,1994,11.4481435881555
DOM,Dominican Republic,1993,19.592203259228
DOM,Dominican Republic,1992,26.8970573434607
DOM,Dominican Republic,1991,35.4813293845609
DOM,Dominican Republic,1990,38.0416429086716
ECU,Ecuador,2023,5.21558916754545
ECU,Ecuador,2022,10.1204247321074
ECU,Ecuador,2021,12.6046528073998
ECU,Ecuador,2020,9.95834870726081
ECU,Ecuador,2019,8.85497141291489
ECU,Ecuador,2018,4.67651827876999
ECU,Ecuador,2017,-20.0102446343362
ECU,Ecuador,2016,17.8334656509724
ECU,Ecuador,2015,-4.82660428444028
ECU,Ecuador,2014,14.9406602713678
ECU,Ecuador,2013,13.9567237377983
ECU,Ecuador,2012,16.9591528897778
ECU,Ecuador,2011,16.6188415782455
ECU,Ecuador,2010,16.4379505271689
ECU,Ecuador,2009,7.08888037387183
ECU,Ecuador,2008,23.9021771334509
ECU,Ecuador,2007,16.1067758524903
ECU,Ecuador,2006,12.9710023242866
ECU,Ecuador,2005,19.5599976030434
ECU,Ecuador,2004,24.3693924046431
ECU,Ecuador,2003,17.8917816670234
ECU,Ecuador,2002,36.1221621372832
ECU,Ecuador,2001,31.7589466221808
ECU,Ecuador,2000,47.0031496856126
ECU,Ecuador,1999,-50.8120267534888
ECU,Ecuador,1998,-16.3709640663276
ECU,Ecuador,1997,9.08117135373454
ECU,Ecuador,1996,12.4290550752946
ECU,Ecuador,1995,6.77214905353615
ECU,Ecuador,1994,39.101536667076
ECU,Ecuador,1993,46.7638003933287
ECU,Ecuador,1992,4.44176887599245
ECU,Ecuador,1991,5.99120925658598
ECU,Ecuador,1990,50.3269841586276
EGY,"Egypt, Arab Rep.",2023,19.9230710751383
EGY,"Egypt, Arab Rep.",2022,27.1369749604278
EGY,"Egypt, Arab Rep.",2021,18.3339089698408
EGY,"Egypt, Arab Rep.",2020,19.7057863957347
EGY,"Egypt, Arab Rep.",2019,13.2785108458676
EGY,"Egypt, Arab Rep.",2018,13.3021398230359
EGY,"Egypt, Arab Rep.",2017,20.4504936953442
EGY,"Egypt, Arab Rep.",2016,39.5091419937945
EGY,"Egypt, Arab Rep.",2015,18.6049644446138
EGY,"Egypt, Arab Rep.",2014,15.7663852078814
EGY,"Egypt, Arab Rep.",2013,18.8907165816396
EGY,"Egypt, Arab Rep.",2012,12.3473047869843
EGY,"Egypt, Arab Rep.",2011,6.66488573646993
EGY,"Egypt, Arab Rep.",2010,12.4185133406482
EGY,"Egypt, Arab Rep.",2009,9.47259209811699
EGY,"Egypt, Arab Rep.",2008,10.482895270236
EGY,"Egypt, Arab Rep.",2007,19.1142488177078
EGY,"Egypt, Arab Rep.",2006,15.0021125763594
EGY,"Egypt, Arab Rep.",2005,11.4893543447633
EGY,"Egypt, Arab Rep.",2004,16.239251112765
EGY,"Egypt, Arab Rep.",2003,21.2797596244131
EGY,"Egypt, Arab Rep.",2002,12.6303720351456
EGY,"Egypt, Arab Rep.",2001,13.2152512344865
EGY,"Egypt, Arab Rep.",2000,11.5813216570176
EGY,"Egypt, Arab Rep.",1999,5.66364173921057
EGY,"Egypt, Arab Rep.",1998,10.776409714942
EGY,"Egypt, Arab Rep.",1997,10.7719639585706
EGY,"Egypt, Arab Rep.",1996,10.8359039924112
EGY,"Egypt, Arab Rep.",1995,9.89651519458344
EGY,"Egypt, Arab Rep.",1994,11.214676771765
EGY,"Egypt, Arab Rep.",1993,13.2490090880719
EGY,"Egypt, Arab Rep.",1992,19.4282371508746
EGY,"Egypt, Arab Rep.",1991,19.3388988677434
EGY,"Egypt, Arab Rep.",1990,28.7303704743851
SLV,El Salvador,2023,8.88359392512043
SLV,El Salvador,2022,4.6496099734149
SLV,El Salvador,2021,2.25799085747399
SLV,El Salvador,2020,8.87235395107724
SLV,El Salvador,2019,11.3051698208539
SLV,El Salvador,2018,6.06867056311359
SLV,El Salvador,2017,11.1211176560043
SLV,El Salvador,2016,3.04746060516971
SLV,El Salvador,2015,6.92461065055352
SLV,El Salvador,2014,0.313239755014357
SLV,El Salvador,2013,2.410596079057
SLV,El Salvador,2012,1.28927190093738
SLV,El Salvador,2011,-2.07014231372084
SLV,El Salvador,2010,0.144602282446536
SLV,El Salvador,2009,2.19449541066204
SLV,El Salvador,2008,-1.15509941422637
SLV,El Salvador,2007,17.3618163931332
SLV,El Salvador,2006,10.4934283089954
SLV,El Salvador,2005,3.852577855378
SLV,El Salvador,2004,3.60919285849896
SLV,El Salvador,2003,1.97560628666993
SLV,El Salvador,2002,-2.10000983230452
SLV,El Salvador,2001,26.4799343507998
SLV,El Salvador,2000,1.56354098880501
SLV,El Salvador,1999,8.8022676839017
SLV,El Salvador,1998,8.97597040512853
SLV,El Salvador,1997,10.5538895488466
SLV,El Salvador,1996,13.8007474907625
SLV,El Salvador,1995,11.9498874152332
SLV,El Salvador,1994,40.4437832725355
SLV,El Salvador,1993,33.4708419946963
SLV,El Salvador,1992,15.5333633245184
SLV,El Salvador,1991,18.8607408185417
SLV,El Salvador,1990,-17.5136457131032
GNQ,Equatorial Guinea,2023,8.72556368935942
GNQ,Equatorial Guinea,2022,21.9841634738186
GNQ,Equatorial Guinea,2021,-0.634517766497462
GNQ,Equatorial Guinea,2020,-5.06024096385542
GNQ,Equatorial Guinea,2019,-7.26256983240224
GNQ,Equatorial Guinea,2018,-0.776053215077605
GNQ,Equatorial Guinea,2017,-5.15247108307045
GNQ,Equatorial Guinea,2016,-21.0132890365449
GNQ,Equatorial Guinea,2015,-7.02702702702703
GNQ,Equatorial Guinea,2014,-15.8544509421702
GNQ,Equatorial Guinea,2013,6.2111801242236
GNQ,Equatorial Guinea,2012,59.5814977973568
GNQ,Equatorial Guinea,2011,0.0
GNQ,Equatorial Guinea,2010,27.887323943662
GNQ,Equatorial Guinea,2009,23.9622526211033
GNQ,Equatorial Guinea,2008,30.6792351880572
GNQ,Equatorial Guinea,2007,40.367692331096
GNQ,Equatorial Guinea,2006,12.7440873803936
GNQ,Equatorial Guinea,2005,36.9338099688011
GNQ,Equatorial Guinea,2004,32.9382998442214
GNQ,Equatorial Guinea,2003,60.4029605263158
GNQ,Equatorial Guinea,2002,54.3976168384041
GNQ,Equatorial Guinea,2001,28.2296950341286
GNQ,Equatorial Guinea,2000,36.2465161253626
GNQ,Equatorial Guinea,1999,68.6507746174877
GNQ,Equatorial Guinea,1998,15.5581421128478
GNQ,Equatorial Guinea,1997,9.30570701563068
GNQ,Equatorial Guinea,1996,42.7854671280277
GNQ,Equatorial Guinea,1995,48.9498775930937
GNQ,Equatorial Guinea,1994,139.537037037037
GNQ,Equatorial Guinea,1993,-25.4658385093168
GNQ,Equatorial Guinea,1992,30.266706622715
GNQ,Equatorial Guinea,1991,-11.8361955085865
GNQ,Equatorial Guinea,1990,-51.9852847900545
ERI,Eritrea,2014,12.9064594733419
ERI,Eritrea,2013,16.4671237125226
ERI,Eritrea,2012,14.3993841452217
ERI,Eritrea,2011,14.6241507653796
ERI,Eritrea,2010,15.5906313358102
ERI,Eritrea,2009,15.7214024772958
ERI,Eritrea,2008,15.8757591002183
ERI,Eritrea,2007,12.1136853670277
ERI,Eritrea,2006,5.76241497268125
ERI,Eritrea,2005,10.6659766861865
ERI,Eritrea,2004,11.6933818273112
ERI,Eritrea,2003,15.0619583330353
ERI,Eritrea,2002,20.7579542988386
ERI,Eritrea,2001,32.3706831462887
ERI,Eritrea,2000,17.2642733664536
ERI,Eritrea,1999,36.0891719684237
ERI,Eritrea,1998,20.5242775738769
ERI,Eritrea,1997,28.0715329592061
ERI,Eritrea,1996,21.0428504387632
SWZ,Eswatini,2022,3.62127259285027
SWZ,Eswatini,2021,0.27339849476271
SWZ,Eswatini,2020,15.44578650851
SWZ,Eswatini,2019,1.77844168042498
SWZ,Eswatini,2018,4.06275095593522
SWZ,Eswatini,2017,3.80030978694787
SWZ,Eswatini,2016,26.3936615569867
SWZ,Eswatini,2015,13.5791646751224
SWZ,Eswatini,2014,3.94497601036623
SWZ,Eswatini,2013,15.9362196406047
SWZ,Eswatini,2012,10.0181004222601
SWZ,Eswatini,2011,5.47506789611267
SWZ,Eswatini,2010,7.90204931705589
SWZ,Eswatini,2009,26.8005527624997
SWZ,Eswatini,2008,15.3832689951022
SWZ,Eswatini,2007,21.4654314443834
SWZ,Eswatini,2006,25.0837960791288
SWZ,Eswatini,2005,9.71741517474791
SWZ,Eswatini,2004,7.00971028184112
SWZ,Eswatini,2003,14.4423314696043
SWZ,Eswatini,2002,13.2411223182346
SWZ,Eswatini,2001,9.73003117486264
SWZ,Eswatini,2000,-6.60688446501595
SWZ,Eswatini,1999,15.6285917972444
SWZ,Eswatini,1998,12.8723950818865
SWZ,Eswatini,1997,19.4081152002958
SWZ,Eswatini,1996,16.3340326292849
SWZ,Eswatini,1995,3.86380021730227
SWZ,Eswatini,1994,10.8737035178001
SWZ,Eswatini,1993,13.5643477853213
SWZ,Eswatini,1992,21.21489207546
SWZ,Eswatini,1991,20.0927810107578
SWZ,Eswatini,1990,0.597270157087668
ETH,Ethiopia,2008,23.3896898185041
ETH,Ethiopia,2007,22.2125998151512
ETH,Ethiopia,2006,19.9936599770018
ETH,Ethiopia,2005,18.5918964162895
ETH,Ethiopia,2004,19.2644717451456
ETH,Ethiopia,2003,12.4379238009675
ETH,Ethiopia,2002,15.9341278120192
ETH,Ethiopia,2001,9.67575065975062
ETH,Ethiopia,2000,13.073874936876
ETH,Ethiopia,1999,13.7053564945609
ETH,Ethiopia,1998,-1.0934242347629
ETH,Ethiopia,1997,19.8250465310154
ETH,Ethiopia,1996,9.04520467012558
ETH,Ethiopia,1995,9.03001010577566
ETH,Ethiopia,1994,23.1748855591273
ETH,Ethiopia,1993,8.78209797517962
ETH,Ethiopia,1992,15.2181242399066
ETH,Ethiopia,1991,15.9265933642568
ETH,Ethiopia,1990,19.8741342757366
FJI,Fiji,2023,8.75673684503342
FJI,Fiji,2022,5.08067211757045
FJI,Fiji,2021,11.4211704340536
FJI,Fiji,2020,0.985935315732746
FJI,Fiji,2019,3.17848666934833
FJI,Fiji,2018,2.4600166735855
FJI,Fiji,2017,8.07688104606604
FJI,Fiji,2016,5.34484451132641
FJI,Fiji,2015,13.9356414797147
FJI,Fiji,2014,10.3953857613077
FJI,Fiji,2013,18.9859578290131
FJI,Fiji,2012,6.28929856837647
FJI,Fiji,2011,11.0475710651202
FJI,Fiji,2010,3.50639239938857
FJI,Fiji,2009,7.08181916000513
FJI,Fiji,2008,-6.46703047654739
FJI,Fiji,2007,8.28845997808064
FJI,Fiji,2006,22.2677005627211
FJI,Fiji,2005,15.1677090889507
FJI,Fiji,2004,9.46226726601261
FJI,Fiji,2003,16.2834942768808
FJI,Fiji,2002,21.0676764124056
FJI,Fiji,2001,11.5111712257494
FJI,Fiji,2000,-1.54580513391334
FJI,Fiji,1999,13.6417336929282
FJI,Fiji,1998,-0.536055798467946
FJI,Fiji,1997,-8.73086589606647
FJI,Fiji,1996,0.86155560776001
FJI,Fiji,1995,4.4911869580823
FJI,Fiji,1994,2.54093364640734
FJI,Fiji,1993,6.33548520623045
FJI,Fiji,1992,14.5730556035951
FJI,Fiji,1991,14.5456921886137
FJI,Fiji,1990,25.6939185702954
GAB,Gabon,2019,1.3637975449945
GAB,Gabon,2018,33.2329863986512
GAB,Gabon,2017,-17.4100618891899
GAB,Gabon,2016,-4.00335931702704
GAB,Gabon,2015,0.35627928010349
GAB,Gabon,2014,-2.63554692998752
GAB,Gabon,2013,10.8967977541029
GAB,Gabon,2012,9.97419205948491
GAB,Gabon,2011,27.0650207056367
GAB,Gabon,2010,20.7219295200894
GAB,Gabon,2009,3.39316082898502
GAB,Gabon,2008,10.8300641631337
GAB,Gabon,2007,7.50213790668091
GAB,Gabon,2006,14.3233055278582
GAB,Gabon,2005,32.6723217252984
GAB,Gabon,2004,9.71365256700261
GAB,Gabon,2003,-1.77387639716889
GAB,Gabon,2002,4.70915488983512
GAB,Gabon,2001,4.17328046090797
GAB,Gabon,2000,18.2780045758378
GAB,Gabon,1999,-2.99509339947997
GAB,Gabon,1998,-1.84463780001794
GAB,Gabon,1997,11.2755687692055
GAB,Gabon,1996,17.2211388455538
GAB,Gabon,1995,10.1161717022053
GAB,Gabon,1994,37.3658927141713
GAB,Gabon,1993,-1.7178971083998
GAB,Gabon,1992,-15.7911256656797
GAB,Gabon,1991,8.29172677901066
GAB,Gabon,1990,3.67101790874138
GMB,"Gambia, The",2023,9.26685101463361
GMB,"Gambia, The",2022,7.73723811461925
GMB,"Gambia, The",2021,21.7399839252029
GMB,"Gambia, The",2020,22.5080146369833
GMB,"Gambia, The",2019,27.0109180481329
GMB,"Gambia, The",2018,18.248939791733
GMB,"Gambia, The",2014,9.00427062562937
GMB,"Gambia, The",2013,14.6116060993331
GMB,"Gambia, The",2012,7.26727641186162
GMB,"Gambia, The",2011,11.1984279902887
GMB,"Gambia, The",2010,17.8406821455844
GMB,"Gambia, The",2009,14.8261746220985
GMB,"Gambia, The",2008,18.155838174947
GMB,"Gambia, The",2007,6.77835240555647
GMB,"Gambia, The",2006,26.6455638389301
GMB,"Gambia, The",2005,8.04978008149842
GMB,"Gambia, The",2004,22.450652829833
GMB,"Gambia, The",2003,42.7442203076249
GMB,"Gambia, The",2002,35.2810923047678
GMB,"Gambia, The",2001,19.4193759931395
GMB,"Gambia, The",2000,34.8262259402843
GMB,"Gambia, The",1999,12.1014349105659
GMB,"Gambia, The",1998,10.2103237624678
GMB,"Gambia, The",1997,22.9677925996342
GMB,"Gambia, The",1996,5.77864731342631
GMB,"Gambia, The",1995,14.2193703028638
GMB,"Gambia, The",1994,-3.78715993033451
GMB,"Gambia, The",1993,12.7627586954166
GMB,"Gambia, The",1992,13.8083053303326
GMB,"Gambia, The",1991,25.7028812803968
GMB,"Gambia, The",1990,8.38128438825654
GEO,Georgia,2023,15.3994287729997
GEO,Georgia,2022,11.0371862631102
GEO,Georgia,2021,11.4110987014637
GEO,Georgia,2020,25.9859163428126
GEO,Georgia,2019,16.2733151964788
GEO,Georgia,2018,13.9210015695667
GEO,Georgia,2017,14.589485788411
GEO,Georgia,2016,21.0834931737485
GEO,Georgia,2015,17.2526398939741
GEO,Georgia,2014,13.7569357948646
GEO,Georgia,2013,24.4552563872383
GEO,Georgia,2012,11.3551280520306
GEO,Georgia,2011,14.4985834869174
GEO,Georgia,2010,30.13266881192
GEO,Georgia,2009,7.73251383130446
GEO,Georgia,2008,7.87637229959679
GEO,Georgia,2007,46.3992779433106
GEO,Georgia,2006,42.7363255414779
GEO,Georgia,2005,27.8512951394182
GEO,Georgia,2004,40.0300399394426
GEO,Georgia,2003,23.061612640618
GEO,Georgia,2002,18.813775755611
GEO,Georgia,2001,19.4305880922207
GEO,Georgia,2000,39.1728881655466
GEO,Georgia,1999,20.5749554637543
GEO,Georgia,1998,-0.786577680613259
GEO,Georgia,1997,42.7771542524938
GEO,Georgia,1996,40.2318587354247
GHA,Ghana,2023,37.4107089233848
GHA,Ghana,2022,32.0270997817716
GHA,Ghana,2021,21.3034532185182
GHA,Ghana,2020,28.3611516144566
GHA,Ghana,2019,21.3545895341093
GHA,Ghana,2018,15.760909546432
GHA,Ghana,2017,16.06563109197
GHA,Ghana,2016,22.4990133892161
GHA,Ghana,2015,25.5740170073904
GHA,Ghana,2014,37.2926416981227
GHA,Ghana,2013,19.5005541805707
GHA,Ghana,2012,25.1392334638315
GHA,Ghana,2011,33.9949504391736
GHA,Ghana,2010,31.9177315237162
GHA,Ghana,2009,24.7390650635889
GHA,Ghana,2008,39.1781719013763
GHA,Ghana,2007,36.8344989637411
GHA,Ghana,2006,39.3405151334715
GHA,Ghana,2005,19.467508436325
GHA,Ghana,2004,27.2751758721829
GHA,Ghana,2003,23.2408348630501
GHA,Ghana,2002,39.2141694378057
GHA,Ghana,2001,56.5342181125258
GHA,Ghana,2000,54.2441562068798
GHA,Ghana,1999,25.4171404865604
GHA,Ghana,1998,17.4893122804785
GHA,Ghana,1997,44.0871618701727
GHA,Ghana,1996,39.1983548906241
GHA,Ghana,1995,43.1718945131123
GHA,Ghana,1994,52.5695180526964
GHA,Ghana,1993,33.5006446907483
GHA,Ghana,1992,52.2838288895183
GHA,Ghana,1991,39.0778235900456
GHA,Ghana,1990,13.3013555787278
GRD,Grenada,2023,1.361279609864
GRD,Grenada,2022,9.88630030468946
GRD,Grenada,2021,8.49567505876393
GRD,Grenada,2020,-1.20666486809981
GRD,Grenada,2019,-2.02960034005418
GRD,Grenada,2018,9.2462199780474
GRD,Grenada,2017,3.0912914956685
GRD,Grenada,2016,4.48198505962144
GRD,Grenada,2015,7.32287990569378
GRD,Grenada,2014,6.16586562216214
GRD,Grenada,2013,3.76671386175374
GRD,Grenada,2012,-4.99294656724075
GRD,Grenada,2011,0.361960011872599
GRD,Grenada,2010,3.15472051596851
GRD,Grenada,2009,3.33747135358313
GRD,Grenada,2008,5.09340075440767
GRD,Grenada,2007,12.1740121418444
GRD,Grenada,2006,2.28917618878619
GRD,Grenada,2005,-6.24777772647958
GRD,Grenada,2004,20.2224729269876
GRD,Grenada,2003,6.09572110433122
GRD,Grenada,2002,10.5380830503149
GRD,Grenada,2001,11.0296138689852
GRD,Grenada,2000,13.8047030730675
GRD,Grenada,1999,13.8243554466195
GRD,Grenada,1998,12.2774750668796
GRD,Grenada,1997,10.0555027603077
GRD,Grenada,1996,9.94259127649685
GRD,Grenada,1995,10.4956523818719
GRD,Grenada,1994,12.4530609724272
GRD,Grenada,1993,23.2402613185243
GRD,Grenada,1992,6.62745221229208
GRD,Grenada,1991,5.37782718678536
GRD,Grenada,1990,9.52667262883109
GTM,Guatemala,2023,6.05939459972489
GTM,Guatemala,2022,7.00837483299302
GTM,Guatemala,2021,8.02431661031368
GTM,Guatemala,2020,18.0658483465903
GTM,Guatemala,2019,8.75010633227027
GTM,Guatemala,2018,9.6506428847317
GTM,Guatemala,2017,7.30329268170074
GTM,Guatemala,2016,6.34958771505942
GTM,Guatemala,2015,9.09003340512221
GTM,Guatemala,2014,7.8747146513905
GTM,Guatemala,2013,9.54657549201375
GTM,Guatemala,2012,9.36068286662642
GTM,Guatemala,2011,7.23498304695296
GTM,Guatemala,2010,9.06434847178285
GTM,Guatemala,2009,11.345669298285
GTM,Guatemala,2008,8.51728748023266
GTM,Guatemala,2007,10.2857483628549
GTM,Guatemala,2006,12.993920434554
GTM,Guatemala,2005,13.7192541902102
GTM,Guatemala,2004,10.8106099995315
GTM,Guatemala,2003,45.1474519644689
GTM,Guatemala,2002,8.29013825870172
GTM,Guatemala,2001,36.8853741437708
GTM,Guatemala,2000,21.4460344087972
GTM,Guatemala,1999,8.70747112927564
GTM,Guatemala,1998,19.4763662718275
GTM,Guatemala,1997,25.3620061100953
GTM,Guatemala,1996,5.72569267253024
GTM,Guatemala,1995,15.5569893368299
GTM,Guatemala,1994,3.82554202982064
GTM,Guatemala,1993,6.28133971291866
GTM,Guatemala,1992,20.6196038598273
GTM,Guatemala,1991,48.5324372514058
GTM,Guatemala,1990,22.1518563195282
GIN,Guinea,2023,5.12102152638011
GIN,Guinea,2022,15.790519161629
GIN,Guinea,2021,8.69393179703784
GIN,Guinea,2020,22.7943341068091
GIN,Guinea,2019,23.3278336581445
GIN,Guinea,2018,9.90412318144886
GIN,Guinea,2017,16.8991307698844
GIN,Guinea,2016,12.8822611262695
GIN,Guinea,2015,13.6048474133019
GIN,Guinea,2014,14.1545562961394
GIN,Guinea,2013,13.4165340399531
GIN,Guinea,2012,-9.29511443424662
GIN,Guinea,2011,18.2371789343724
GIN,Guinea,2010,85.2590105514896
GIN,Guinea,2009,18.6378765331714
GIN,Guinea,2008,38.4209308822744
GIN,Guinea,2007,-12.2890140686598
GIN,Guinea,2006,94.3786259770291
GIN,Guinea,2005,33.3524199063847
GIN,Guinea,2004,36.4625555790041
GIN,Guinea,2003,33.16729858394
GIN,Guinea,2002,19.6819229598272
GIN,Guinea,2001,12.8506079604204
GIN,Guinea,1998,6.63675005299979
GIN,Guinea,1997,18.2020360219264
GIN,Guinea,1996,3.56853203568532
GIN,Guinea,1995,11.2589496065782
GIN,Guinea,1994,-3.44877838605028
GIN,Guinea,1993,22.7872672317549
GIN,Guinea,1992,23.2779291030461
GNB,Guinea-Bissau,2023,-1.09571560543555
GNB,Guinea-Bissau,2022,3.50619469539229
GNB,Guinea-Bissau,2021,20.8935240576511
GNB,Guinea-Bissau,2020,9.09282091290147
GNB,Guinea-Bissau,2019,0.253175206696849
GNB,Guinea-Bissau,2018,6.05553233666753
GNB,Guinea-Bissau,2017,2.81607554967406
GNB,Guinea-Bissau,2016,9.33870072431292
GNB,Guinea-Bissau,2015,27.1926089489466
GNB,Guinea-Bissau,2014,48.7791200277643
GNB,Guinea-Bissau,2013,4.99495646829284
GNB,Guinea-Bissau,2012,-5.38959729717715
GNB,Guinea-Bissau,2011,45.5221155996302
GNB,Guinea-Bissau,2010,19.545882748001
GNB,Guinea-Bissau,2009,7.2318290816366
GNB,Guinea-Bissau,2008,29.7291330766737
GNB,Guinea-Bissau,2007,26.6046215842444
GNB,Guinea-Bissau,2006,4.31657607207522
GNB,Guinea-Bissau,2005,18.5502832086042
GNB,Guinea-Bissau,2004,41.9466430033019
GNB,Guinea-Bissau,2003,-57.5672271085933
GNB,Guinea-Bissau,2002,25.7283443412265
GNB,Guinea-Bissau,2001,-13.3913040824672
GNB,Guinea-Bissau,2000,60.7351671637106
GNB,Guinea-Bissau,1999,21.5390301772961
GNB,Guinea-Bissau,1998,-11.1458363681148
GNB,Guinea-Bissau,1997,119.366575494297
GNB,Guinea-Bissau,1996,48.3019168058531
GNB,Guinea-Bissau,1995,42.9941618015019
GNB,Guinea-Bissau,1994,48.4996903676181
GNB,Guinea-Bissau,1993,40.4633876324527
GNB,Guinea-Bissau,1992,110.889685649963
GNB,Guinea-Bissau,1991,-67.3380348624878
GNB,Guinea-Bissau,1990,574.601322799926
GUY,Guyana,2023,22.0858566066482
GUY,Guyana,2022,15.4975256440201
GUY,Guyana,2021,13.7707621436391
GUY,Guyana,2020,14.50249374384
GUY,Guyana,2019,14.379729597693
GUY,Guyana,2018,5.98235487245442
GUY,Guyana,2017,-0.691578508084901
GUY,Guyana,2016,5.42913269692574
GUY,Guyana,2015,3.67214647189225
GUY,Guyana,2014,3.60606736843934
GUY,Guyana,2013,5.66508302693849
GUY,Guyana,2012,12.89387149343
GUY,Guyana,2011,13.3235185341131
GUY,Guyana,2010,15.8102695482092
GUY,Guyana,2009,10.4560909446993
GUY,Guyana,2008,12.2380633905504
GUY,Guyana,2007,13.0423040882671
GUY,Guyana,2006,16.9889613002792
GUY,Guyana,2005,6.01053346726188
GUY,Guyana,2004,9.6709016256206
GUY,Guyana,2003,9.47614364547061
GUY,Guyana,2002,8.12363177586379
GUY,Guyana,2001,16.8544189706711
GUY,Guyana,2000,9.95213554058817
GUY,Guyana,1999,10.2193840442432
GUY,Guyana,1998,7.79196405930312
GUY,Guyana,1997,10.8501836794621
GUY,Guyana,1996,21.0880571368752
GUY,Guyana,1995,24.0737549400727
GUY,Guyana,1994,15.236710139579
GUY,Guyana,1993,21.1720281627402
GUY,Guyana,1992,61.558167629314
GUY,Guyana,1991,71.5632644243538
GUY,Guyana,1990,51.9506802098124
HTI,Haiti,2023,-9.64122301791283
HTI,Haiti,2022,31.522481918824
HTI,Haiti,2021,35.4931594110694
HTI,Haiti,2020,4.22344437635192
HTI,Haiti,2019,13.7316262348661
HTI,Haiti,2018,19.1564176067039
HTI,Haiti,2017,8.49823099519149
HTI,Haiti,2016,19.1185070387828
HTI,Haiti,2015,23.7660972757231
HTI,Haiti,2014,7.73931489182376
HTI,Haiti,2013,7.56611653699525
HTI,Haiti,2012,7.16539632999037
HTI,Haiti,2011,6.84309007417117
HTI,Haiti,2010,26.1159789975388
HTI,Haiti,2009,13.592012137969
HTI,Haiti,2008,12.8450044265266
HTI,Haiti,2007,11.4671475806001
HTI,Haiti,2006,2.44273103852282
HTI,Haiti,2005,17.8188303234953
HTI,Haiti,2004,5.43020768441831
HTI,Haiti,2003,38.8954707089767
HTI,Haiti,2002,23.0840638819296
HTI,Haiti,2001,15.3967871242822
HTI,Haiti,2000,20.3032303048234
HTI,Haiti,1999,23.6741584878933
HTI,Haiti,1998,9.24490399270528
HTI,Haiti,1997,20.1372435582685
HTI,Haiti,1996,1.12824461207063
HTI,Haiti,1995,27.1123550590125
HTI,Haiti,1994,31.4497457781006
HTI,Haiti,1993,29.1604978085284
HTI,Haiti,1992,30.4652986287747
HTI,Haiti,1991,11.8792391467146
HTI,Haiti,1990,2.51965799142017
HND,Honduras,2023,10.9410191017942
HND,Honduras,2022,12.3997684262867
HND,Honduras,2021,9.5357464265145
HND,Honduras,2020,18.9203637086252
HND,Honduras,2019,10.2715257613191
HND,Honduras,2018,8.21091107138619
HND,Honduras,2017,12.4367074686025
HND,Honduras,2016,17.8439848274995
HND,Honduras,2015,7.85240429816961
HND,Honduras,2014,13.2751326305464
HND,Honduras,2013,8.27796395098632
HND,Honduras,2012,7.00123047574487
HND,Honduras,2011,12.3991874798555
HND,Honduras,2010,9.87654111132027
HND,Honduras,2009,0.566549354699872
HND,Honduras,2008,4.85861121428566
HND,Honduras,2007,16.6249511008291
HND,Honduras,2006,21.5858111735122
HND,Honduras,2005,17.3260374911011
HND,Honduras,2004,18.0710395954433
HND,Honduras,2003,12.1421667278715
HND,Honduras,2002,12.7744672507582
HND,Honduras,2001,24.3232656574381
HND,Honduras,2000,15.4162655524301
HND,Honduras,1999,19.4079008629963
HND,Honduras,1998,20.2741008943354
HND,Honduras,1997,61.1574400806141
HND,Honduras,1996,38.846329898866
HND,Honduras,1995,28.8870831292578
HND,Honduras,1994,28.2730063539659
HND,Honduras,1993,11.3983044107589
HND,Honduras,1992,24.7128602884291
HND,Honduras,1991,18.5750576280755
HND,Honduras,1990,20.5763067585581
HKG,"Hong Kong SAR, China",2023,3.87224458935109
HKG,"Hong Kong SAR, China",2022,3.26959719122442
HKG,"Hong Kong SAR, China",2021,3.19733962828616
HKG,"Hong Kong SAR, China",2020,6.03556177466453
HKG,"Hong Kong SAR, China",2019,4.81219363571778
HKG,"Hong Kong SAR, China",2018,3.90523947143358
HKG,"Hong Kong SAR, China",2017,12.7976244190127
HKG,"Hong Kong SAR, China",2016,6.5340454932775
HKG,"Hong Kong SAR, China",2015,6.76725074879927
HKG,"Hong Kong SAR, China",2014,8.513625953004
HKG,"Hong Kong SAR, China",2013,10.4840971242343
HKG,"Hong Kong SAR, China",2012,9.34046817095475
HKG,"Hong Kong SAR, China",2011,11.8637122029514
HKG,"Hong Kong SAR, China",2010,6.90869887628619
HKG,"Hong Kong SAR, China",2009,6.14631923610611
HKG,"Hong Kong SAR, China",2008,2.88116624961548
HKG,"Hong Kong SAR, China",2007,15.2406551328921
HKG,"Hong Kong SAR, China",2006,14.3855831565468
HKG,"Hong Kong SAR, China",2005,5.13279903566574
HKG,"Hong Kong SAR, China",2004,8.22522262904773
HKG,"Hong Kong SAR, China",2003,6.27654816632185
HKG,"Hong Kong SAR, China",2002,0.549648674758419
HKG,"Hong Kong SAR, China",2001,-0.276964461460178
HKG,"Hong Kong SAR, China",2000,9.3282140845857
HKG,"Hong Kong SAR, China",1999,8.30268218576874
HKG,"Hong Kong SAR, China",1998,11.1277760322782
HKG,"Hong Kong SAR, China",1997,8.71754718796747
HKG,"Hong Kong SAR, China",1996,12.4904806998724
HKG,"Hong Kong SAR, China",1995,10.6482708864874
HKG,"Hong Kong SAR, China",1994,11.7376612531419
HKG,"Hong Kong SAR, China",1993,14.4552054824331
HKG,"Hong Kong SAR, China",1992,8.4827156680565
HUN,Hungary,2023,3.4455394818152
HUN,Hungary,2022,8.45817898973613
HUN,Hungary,2021,18.4989667582386
HUN,Hungary,2020,21.0901442114129
HUN,Hungary,2019,8.14996704366379
HUN,Hungary,2018,11.8157497769553
HUN,Hungary,2017,7.78736534613451
HUN,Hungary,2016,7.23837066916986
HUN,Hungary,2015,5.68164520375055
HUN,Hungary,2014,2.49536992372764
HUN,Hungary,2013,7.80915596675156
HUN,Hungary,2012,-4.6368980672588
HUN,Hungary,2011,6.66657429838231
HUN,Hungary,2010,4.26720050740063
HUN,Hungary,2009,3.64840284210126
HUN,Hungary,2008,8.70968343367451
HUN,Hungary,2007,11.0115510911465
HUN,Hungary,2006,13.802586238336
HUN,Hungary,2005,14.7001207705754
HUN,Hungary,2004,11.5374961722861
HUN,Hungary,2003,10.9522648352945
HUN,Hungary,2002,13.8213670591371
HUN,Hungary,2001,16.351253642184
HUN,Hungary,2000,12.6071364747875
HUN,Hungary,1999,15.6730008086139
HUN,Hungary,1998,15.5987416668332
HUN,Hungary,1997,19.722036464114
HUN,Hungary,1996,22.2415531997985
HUN,Hungary,1995,20.8895743235396
HUN,Hungary,1994,14.1837038166775
HUN,Hungary,1993,17.686634450335
HUN,Hungary,1992,41.2910043070108
HUN,Hungary,1991,29.3872193814771
HUN,Hungary,1990,29.1909062262874
ISL,Iceland,2023,8.32048338318917
ISL,Iceland,2022,8.86771419409841
ISL,Iceland,2021,10.8672085465442
ISL,Iceland,2020,7.36536446591487
ISL,Iceland,2019,6.59399516121035
ISL,Iceland,2018,6.99179531051719
ISL,Iceland,2017,5.03419043062263
ISL,Iceland,2016,-4.63526518926591
ISL,Iceland,2015,5.57257934414828
ISL,Iceland,2014,5.78693781264403
ISL,Iceland,2013,4.65403968803136
ISL,Iceland,2012,-4.56844477394372
ISL,Iceland,2011,5.69272887874957
ISL,Iceland,2010,-10.0211566188311
ISL,Iceland,2009,2.47097439205013
ISL,Iceland,2008,32.090653097549
ISL,Iceland,2007,5.85446809601873
ISL,Iceland,2006,60.1191912133415
ISL,Iceland,2005,26.2064498972744
ISL,Iceland,2004,16.3541968104545
ISL,Iceland,2003,22.3690230594541
ISL,Iceland,2002,14.7418457087843
ISL,Iceland,2001,15.1603124991338
ISL,Iceland,2000,10.7392598551511
ISL,Iceland,1999,17.2579002249137
ISL,Iceland,1998,15.1908727867105
ISL,Iceland,1997,9.35241240884181
ISL,Iceland,1996,6.18932035653498
ISL,Iceland,1995,2.5205731635972
ISL,Iceland,1994,2.03603916386739
ISL,Iceland,1993,6.5331634809388
ISL,Iceland,1992,3.89894094860667
ISL,Iceland,1991,15.9103319168313
ISL,Iceland,1990,14.1055879433224
IND,India,2021,11.2971056705459
IND,India,2020,12.4791379043168
IND,India,2019,10.5102484286107
IND,India,2018,10.5196199752058
IND,India,2017,10.4310437100352
IND,India,2016,6.80095412358039
IND,India,2015,10.6177245568846
IND,India,2014,10.5873816012219
IND,India,2013,14.8315300046496
IND,India,2012,11.0456966601662
IND,India,2011,16.1375893445465
IND,India,2010,17.8021770638972
IND,India,2009,17.9958392170653
IND,India,2008,20.4952098768781
IND,India,2007,22.2715028743619
IND,India,2006,21.6331411155837
IND,India,2005,15.5999038993872
IND,India,2004,16.7323329477412
IND,India,2003,13.0336110878156
IND,India,2002,16.7611647429304
IND,India,2001,14.3205506885788
IND,India,2000,15.1717076348441
IND,India,1999,17.1491804784346
IND,India,1998,18.1730148042763
IND,India,1997,17.6567542931141
IND,India,1996,18.7362743385538
IND,India,1995,11.0111211014187
IND,India,1994,20.2777282522801
IND,India,1993,17.0076625114277
IND,India,1992,16.8624949702528
IND,India,1991,18.3169522756133
IND,India,1990,15.0666135109567
IDN,Indonesia,2023,3.5003275285658
IDN,Indonesia,2022,8.35491255424404
IDN,Indonesia,2021,13.9664354665972
IDN,Indonesia,2020,12.533660872002
IDN,Indonesia,2019,6.5404048812978
IDN,Indonesia,2018,6.29028912373828
IDN,Indonesia,2017,8.27552807924628
IDN,Indonesia,2016,10.028498820515
IDN,Indonesia,2015,8.99699007638042
IDN,Indonesia,2014,11.8795193618472
IDN,Indonesia,2013,12.7796979445433
IDN,Indonesia,2012,14.9549924820176
IDN,Indonesia,2011,16.4297838459004
IDN,Indonesia,2010,15.4022877708819
IDN,Indonesia,2009,12.9517964413527
IDN,Indonesia,2008,14.9228673286607
IDN,Indonesia,2007,19.3251210206586
IDN,Indonesia,2006,14.943188750138
IDN,Indonesia,2005,16.3351639133099
IDN,Indonesia,2004,9.14397251295485
IDN,Indonesia,2003,7.93771986383966
IDN,Indonesia,2002,4.75790231642729
IDN,Indonesia,2001,11.8708383967112
IDN,Indonesia,2000,16.6231305374338
IDN,Indonesia,1999,12.2333155048434
IDN,Indonesia,1998,62.7628704083026
IDN,Indonesia,1997,25.2548720561877
IDN,Indonesia,1996,27.0806823379176
IDN,Indonesia,1995,27.5237198773438
IDN,Indonesia,1994,20.2022726168412
IDN,Indonesia,1993,20.0565018833961
IDN,Indonesia,1992,19.6221806853583
IDN,Indonesia,1991,17.5259362533464
IDN,Indonesia,1990,44.5574285244908
IRN,"Iran, Islamic Rep.",2016,27.9590145407971
IRN,"Iran, Islamic Rep.",2015,24.3681300934198
IRN,"Iran, Islamic Rep.",2014,35.0985423671399
IRN,"Iran, Islamic Rep.",2013,26.0394302110046
IRN,"Iran, Islamic Rep.",2012,33.9789194975165
IRN,"Iran, Islamic Rep.",2011,20.1654888444675
IRN,"Iran, Islamic Rep.",2010,24.5812622090235
IRN,"Iran, Islamic Rep.",2009,27.0335927586022
IRN,"Iran, Islamic Rep.",2008,11.8769180990585
IRN,"Iran, Islamic Rep.",2007,33.8961602848014
IRN,"Iran, Islamic Rep.",2006,36.3507004721611
IRN,"Iran, Islamic Rep.",2005,32.8478907539097
IRN,"Iran, Islamic Rep.",2004,28.6814130292837
IRN,"Iran, Islamic Rep.",2003,27.2630757220921
IRN,"Iran, Islamic Rep.",2002,28.4132434126088
IRN,"Iran, Islamic Rep.",2001,29.3118175038997
IRN,"Iran, Islamic Rep.",2000,35.3701697231687
IRN,"Iran, Islamic Rep.",1999,21.4992937833198
IRN,"Iran, Islamic Rep.",1998,20.384428393127
IRN,"Iran, Islamic Rep.",1997,23.6821696884599
IRN,"Iran, Islamic Rep.",1996,32.4576596312524
IRN,"Iran, Islamic Rep.",1995,30.0937445749667
IRN,"Iran, Islamic Rep.",1994,33.2957303771625
IRN,"Iran, Islamic Rep.",1993,30.2513594634986
IRN,"Iran, Islamic Rep.",1992,24.3817192753629
IRN,"Iran, Islamic Rep.",1991,25.5752255786583
IRN,"Iran, Islamic Rep.",1990,17.9880924139767
IRQ,Iraq,2023,7.5370802876684
IRQ,Iraq,2022,20.3061051345809
IRQ,Iraq,2021,16.6627815658499
IRQ,Iraq,2020,15.9173902884236
IRQ,Iraq,2019,8.43940152240707
IRQ,Iraq,2018,2.72857964057294
IRQ,Iraq,2017,2.64261400614412
IRQ,Iraq,2016,7.02624979285344
IRQ,Iraq,2015,-9.0995870094509
IRQ,Iraq,2014,3.88416860986254
IRQ,Iraq,2013,15.967066704939
IRQ,Iraq,2012,4.16942629075962
IRQ,Iraq,2011,20.6944948754136
IRQ,Iraq,2010,31.2062745410482
IRQ,Iraq,2009,26.703991944018
IRQ,Iraq,2008,35.2150693048346
IRQ,Iraq,2007,37.1052731582911
IRQ,Iraq,2006,33.8005437245099
IRQ,Iraq,2005,3.70658378091696
ISR,Israel,2023,4.64781206290124
ISR,Israel,2022,5.74107886125669
ISR,Israel,2021,15.504386056178
ISR,Israel,2020,22.0785099821588
ISR,Israel,2019,7.51590183555772
ISR,Israel,2018,4.20704569714053
ISR,Israel,2017,5.20634778573727
ISR,Israel,2016,5.75749223132971
ISR,Israel,2015,4.21600383270357
ISR,Israel,2014,11.8254626739357
ISR,Israel,2013,8.52673540447931
ISR,Israel,2012,6.30058361221068
ISR,Israel,2011,11.5563053625351
ISR,Israel,2010,3.1326536554845
ISR,Israel,2009,5.78903719000599
ISR,Israel,2008,12.5188497490296
ISR,Israel,2007,-20.429637232885
ISR,Israel,2006,6.94490270974854
ISR,Israel,2005,10.0320185054859
ISR,Israel,2004,7.23100695429588
ISR,Israel,2003,-0.066776477301302
ISR,Israel,2002,11.0448692179368
ISR,Israel,2001,8.61029384742376
ISR,Israel,2000,8.0206429051523
ISR,Israel,1999,15.5386374741912
ISR,Israel,1998,19.6525355504825
ISR,Israel,1997,14.954413919339
ISR,Israel,1996,24.9848522282654
ISR,Israel,1995,21.6736510538743
ISR,Israel,1994,24.5933859804722
ISR,Israel,1993,21.966326310612
ISR,Israel,1992,26.4682679988334
ISR,Israel,1991,17.7258869312022
ISR,Israel,1990,19.4229200367392
JAM,Jamaica,2023,11.943552063286
JAM,Jamaica,2022,8.52108911828472
JAM,Jamaica,2021,13.4725293981021
JAM,Jamaica,2020,18.477046191301
JAM,Jamaica,2019,9.67137663065789
JAM,Jamaica,2018,9.89112228594527
JAM,Jamaica,2017,11.2524472126355
JAM,Jamaica,2016,13.4310372958956
JAM,Jamaica,2015,13.3969688240833
JAM,Jamaica,2014,6.74721431283641
JAM,Jamaica,2013,12.8163984045426
JAM,Jamaica,2012,8.69960741798332
JAM,Jamaica,2011,4.83257696772664
JAM,Jamaica,2010,5.58487492260461
JAM,Jamaica,2009,9.90714738696561
JAM,Jamaica,2008,5.15424837487751
JAM,Jamaica,2007,14.616282163115
JAM,Jamaica,2006,15.4767980852107
JAM,Jamaica,2005,7.28042847854556
JAM,Jamaica,2004,16.2864997495251
JAM,Jamaica,2003,11.0055901241209
JAM,Jamaica,2002,14.3711842175249
JAM,Jamaica,2001,26.2213799886903
JAM,Jamaica,2000,-6.96707890797617
JAM,Jamaica,1999,9.16212782632645
JAM,Jamaica,1998,8.48152968416026
JAM,Jamaica,1997,16.4017000197281
JAM,Jamaica,1996,22.3947376110589
JAM,Jamaica,1995,27.9871707443605
JAM,Jamaica,1994,28.5832168272353
JAM,Jamaica,1993,29.8476570850727
JAM,Jamaica,1992,54.4088998364214
JAM,Jamaica,1991,47.3202448663897
JAM,Jamaica,1990,21.601589761744
JPN,Japan,2023,2.13454290639148
JPN,Japan,2022,2.27007776448937
JPN,Japan,2021,2.94448247498499
JPN,Japan,2020,7.35689680384515
JPN,Japan,2019,2.06668456825313
JPN,Japan,2018,2.32259329464308
JPN,Japan,2017,3.48679482913745
JPN,Japan,2016,3.85264245657811
JPN,Japan,2015,2.99485194460402
JPN,Japan,2014,2.86309798968837
JPN,Japan,2013,3.55325057477692
JPN,Japan,2012,2.18022060742254
JPN,Japan,2011,2.91871687410843
JPN,Japan,2010,1.80296678517956
JPN,Japan,2009,2.10540872769038
JPN,Japan,2008,0.859827138738371
JPN,Japan,2007,0.672846842102966
JPN,Japan,2006,-0.71340541685522
JPN,Japan,2005,0.213876313762708
JPN,Japan,2004,0.621880971246173
JPN,Japan,2003,0.540504186193794
JPN,Japan,2002,0.923447004818944
JPN,Japan,2001,-17.2393876963163
JPN,Japan,2000,1.3355646309312
JPN,Japan,1999,2.8022420246442
JPN,Japan,1998,3.13639065679036
JPN,Japan,1997,5.81007844267697
JPN,Japan,1996,3.8039488483568
JPN,Japan,1995,4.07282908116519
JPN,Japan,1994,4.18713198933369
JPN,Japan,1993,4.41934542095333
JPN,Japan,1992,3.29045898544087
JPN,Japan,1991,5.54868699680879
JPN,Japan,1990,6.8522407852742
JOR,Jordan,2023,2.08648850573889
JOR,Jordan,2022,5.37842889123462
JOR,Jordan,2021,7.03569292231948
JOR,Jordan,2020,5.73527582553463
JOR,Jordan,2019,5.13043334204516
JOR,Jordan,2018,0.156451378577314
JOR,Jordan,2017,-0.0445764347295129
JOR,Jordan,2016,4.34340525561813
JOR,Jordan,2015,7.54007364619577
JOR,Jordan,2014,-4.16142494926554
JOR,Jordan,2013,14.1554418331357
JOR,Jordan,2012,-2.04208016363462
JOR,Jordan,2011,2.69780011899613
JOR,Jordan,2010,9.22337747832293
JOR,Jordan,2009,24.2896335283102
JOR,Jordan,2008,21.0942090736807
JOR,Jordan,2007,12.4250781293736
JOR,Jordan,2006,12.8359407017306
JOR,Jordan,2005,21.4143478001091
JOR,Jordan,2004,10.461572851306
JOR,Jordan,2003,16.614721334807
JOR,Jordan,2002,8.59077544816281
JOR,Jordan,2001,8.10277080861376
JOR,Jordan,2000,7.62309543363157
JOR,Jordan,1999,15.5008009862598
JOR,Jordan,1998,6.31501640206804
JOR,Jordan,1997,7.64187129894661
JOR,Jordan,1996,-0.909828667515851
JOR,Jordan,1995,5.728396140909
JOR,Jordan,1994,3.33309687068679
JOR,Jordan,1993,4.50664325470732
JOR,Jordan,1992,3.34153495056612
JOR,Jordan,1991,15.8036984271614
JOR,Jordan,1990,8.26946491370582
KAZ,Kazakhstan,2023,11.6795618517392
KAZ,Kazakhstan,2022,13.9427338944718
KAZ,Kazakhstan,2021,20.7944085922016
KAZ,Kazakhstan,2020,16.8638143050986
KAZ,Kazakhstan,2019,2.44409670955516
KAZ,Kazakhstan,2018,6.97480461387484
KAZ,Kazakhstan,2017,-1.72871508547001
KAZ,Kazakhstan,2016,15.6063093614479
KAZ,Kazakhstan,2015,33.7802674427028
KAZ,Kazakhstan,2014,10.3756254134942
KAZ,Kazakhstan,2013,10.2188044428142
KAZ,Kazakhstan,2012,7.90153979653577
KAZ,Kazakhstan,2011,14.9644323697406
KAZ,Kazakhstan,2010,13.2961415076374
KAZ,Kazakhstan,2009,19.4680963933521
KAZ,Kazakhstan,2008,35.3656981779187
KAZ,Kazakhstan,2007,25.8940235699693
KAZ,Kazakhstan,2006,78.0600771688442
KAZ,Kazakhstan,2005,25.1638742558176
KAZ,Kazakhstan,2004,69.8087292143526
KAZ,Kazakhstan,2003,34.2335302269178
KAZ,Kazakhstan,2002,30.0557638157462
KAZ,Kazakhstan,2001,40.2028019177367
KAZ,Kazakhstan,2000,44.9593636284703
KAZ,Kazakhstan,1999,84.3701008015709
KAZ,Kazakhstan,1998,-14.1329182541929
KAZ,Kazakhstan,1997,24.0562896193672
KAZ,Kazakhstan,1996,20.8590445815711
KAZ,Kazakhstan,1995,108.210476929462
KAZ,Kazakhstan,1994,575.981946816297
KEN,Kenya,2023,19.8736767831777
KEN,Kenya,2022,7.52712261006402
KEN,Kenya,2021,6.21881571634949
KEN,Kenya,2020,13.2732844936515
KEN,Kenya,2019,6.01749758930089
KEN,Kenya,2018,10.1229810507049
KEN,Kenya,2017,9.00832756301999
KEN,Kenya,2016,3.89041034386153
KEN,Kenya,2015,16.0698098990173
KEN,Kenya,2014,26.5212626467094
KEN,Kenya,2013,15.2783251317678
KEN,Kenya,2012,14.3923227362879
KEN,Kenya,2011,19.1520541858486
KEN,Kenya,2010,22.3616746976769
KEN,Kenya,2009,16.457322945514
KEN,Kenya,2008,15.5488382042457
KEN,Kenya,2007,20.4230451768644
KEN,Kenya,2006,16.9719063758045
KEN,Kenya,2005,9.90837157352701
KEN,Kenya,2004,13.4716639858768
KEN,Kenya,2003,11.7872992352311
KEN,Kenya,2002,9.88881025957129
KEN,Kenya,2001,5.64036301414031
KEN,Kenya,2000,4.90789773108046
KEN,Kenya,1999,6.48769519649102
KEN,Kenya,1998,2.93125162562463
KEN,Kenya,1997,20.1946630476641
KEN,Kenya,1996,25.3250564596369
KEN,Kenya,1995,29.0004780909347
KEN,Kenya,1994,23.177872414758
KEN,Kenya,1993,28.0334398779034
KEN,Kenya,1992,39.0214305866637
KEN,Kenya,1991,19.5727307777043
KEN,Kenya,1990,20.0572811300831
KOR,"Korea, Rep.",2023,3.8932411347225
KOR,"Korea, Rep.",2022,4.00000977288601
KOR,"Korea, Rep.",2021,12.9335375506965
KOR,"Korea, Rep.",2020,9.82376218361547
KOR,"Korea, Rep.",2019,7.89698535417928
KOR,"Korea, Rep.",2018,6.71877383152575
KOR,"Korea, Rep.",2017,5.10474089994852
KOR,"Korea, Rep.",2016,7.1231560157317
KOR,"Korea, Rep.",2015,8.19074818640474
KOR,"Korea, Rep.",2014,8.14449306578048
KOR,"Korea, Rep.",2013,4.63889133228525
KOR,"Korea, Rep.",2012,4.8064654842376
KOR,"Korea, Rep.",2011,5.4758619616047
KOR,"Korea, Rep.",2010,5.97887647571808
KOR,"Korea, Rep.",2009,9.88594854042114
KOR,"Korea, Rep.",2008,11.9562036963622
KOR,"Korea, Rep.",2007,10.8199645314506
KOR,"Korea, Rep.",2006,12.5129608596578
KOR,"Korea, Rep.",2005,6.98905937684345
KOR,"Korea, Rep.",2004,6.30831998688382
KOR,"Korea, Rep.",2003,2.98069024193587
KOR,"Korea, Rep.",2002,13.9998911970542
KOR,"Korea, Rep.",2001,85.2030807974552
KOR,"Korea, Rep.",2000,25.4257746478018
KOR,"Korea, Rep.",1999,27.3766401341697
KOR,"Korea, Rep.",1998,27.0261851359618
KOR,"Korea, Rep.",1997,14.1437236837087
KOR,"Korea, Rep.",1996,15.8277442341608
KOR,"Korea, Rep.",1995,15.5931841953706
KOR,"Korea, Rep.",1994,18.6773909254307
KOR,"Korea, Rep.",1993,16.5807350400535
KOR,"Korea, Rep.",1992,14.9415254257527
KOR,"Korea, Rep.",1991,21.8874213149947
KOR,"Korea, Rep.",1990,17.1741698553492
XKX,Kosovo,2023,11.2759375828619
XKX,Kosovo,2022,11.6781523206179
XKX,Kosovo,2021,11.982400607118
XKX,Kosovo,2020,15.3158613334907
XKX,Kosovo,2019,12.5709528000236
XKX,Kosovo,2018,8.04564791528426
XKX,Kosovo,2017,6.35626643846677
XKX,Kosovo,2016,8.88431996874987
XKX,Kosovo,2015,5.97415586276206
XKX,Kosovo,2014,-3.91526926290905
XKX,Kosovo,2013,17.17276469486
XKX,Kosovo,2012,7.12342786745305
XKX,Kosovo,2011,8.80038574363266
XKX,Kosovo,2010,13.512000744077
XKX,Kosovo,2009,10.8424078633552
XKX,Kosovo,2008,23.1746479885949
XKX,Kosovo,2007,23.4256407389935
XKX,Kosovo,2006,5.46883085943374
XKX,Kosovo,2005,20.2767526611618
XKX,Kosovo,2004,36.6240913548868
XKX,Kosovo,2003,20.0564561722348
XKX,Kosovo,2002,-12.2091929838351
KWT,Kuwait,2023,1.00812084910375
KWT,Kuwait,2022,6.45275483009101
KWT,Kuwait,2021,3.79278681727044
KWT,Kuwait,2020,-7.34957156629614
KWT,Kuwait,2019,-1.46790284590183
KWT,Kuwait,2018,4.05732497438653
KWT,Kuwait,2017,3.79591414381591
KWT,Kuwait,2016,3.43868923114566
KWT,Kuwait,2015,1.84090756870143
KWT,Kuwait,2014,3.69083893379848
KWT,Kuwait,2013,9.75954774289345
KWT,Kuwait,2012,6.46581258937254
KWT,Kuwait,2011,8.24077034386225
KWT,Kuwait,2010,2.96607203054577
KWT,Kuwait,2009,13.4192559991528
KWT,Kuwait,2008,15.7714440139076
KWT,Kuwait,2007,19.0908074443096
KWT,Kuwait,2006,21.6588474534929
KWT,Kuwait,2005,11.9897677561514
KWT,Kuwait,2004,12.3444045805243
KWT,Kuwait,2003,7.82617579428567
KWT,Kuwait,2002,4.7541516950728
KWT,Kuwait,2001,12.8052957173657
KWT,Kuwait,2000,6.31935399843709
KWT,Kuwait,1999,1.60788724938794
KWT,Kuwait,1998,-0.78125
KWT,Kuwait,1997,3.88901771951602
KWT,Kuwait,1996,-0.595270380213701
KWT,Kuwait,1995,9.37133874149105
KWT,Kuwait,1994,5.41546158055186
KWT,Kuwait,1993,5.57893868119171
KWT,Kuwait,1992,0.694732993169013
KGZ,Kyrgyz Republic,2022,30.5917038421641
KGZ,Kyrgyz Republic,2021,19.1167360707711
KGZ,Kyrgyz Republic,2020,23.8805918338776
KGZ,Kyrgyz Republic,2019,12.833498873342
KGZ,Kyrgyz Republic,2018,5.52274835434654
KGZ,Kyrgyz Republic,2017,17.908652291789
KGZ,Kyrgyz Republic,2016,14.5829421335259
KGZ,Kyrgyz Republic,2015,14.9029746661774
KGZ,Kyrgyz Republic,2014,3.02214259411503
KGZ,Kyrgyz Republic,2013,22.7643015185903
KGZ,Kyrgyz Republic,2012,23.8293793587303
KGZ,Kyrgyz Republic,2011,14.9081758946153
KGZ,Kyrgyz Republic,2010,21.1451258810398
KGZ,Kyrgyz Republic,2009,22.2231811290706
KGZ,Kyrgyz Republic,2008,7.7490346389849
KGZ,Kyrgyz Republic,2007,35.4005795240882
KGZ,Kyrgyz Republic,2006,50.178065370903
KGZ,Kyrgyz Republic,2005,9.89951564297463
KGZ,Kyrgyz Republic,2004,32.0700233976348
KGZ,Kyrgyz Republic,2003,33.3643759704226
KGZ,Kyrgyz Republic,2002,33.8784066067525
KGZ,Kyrgyz Republic,2001,11.312403519224
KGZ,Kyrgyz Republic,2000,11.7224458356303
KGZ,Kyrgyz Republic,1999,33.6756799318402
KGZ,Kyrgyz Republic,1998,17.5289606438968
KGZ,Kyrgyz Republic,1997,32.1807085054592
KGZ,Kyrgyz Republic,1996,14.800728199212
LAO,Lao PDR,2010,39.128963871411
LAO,Lao PDR,2009,32.4064874026609
LAO,Lao PDR,2008,18.3105983796166
LAO,Lao PDR,2007,38.7179043218112
LAO,Lao PDR,2006,26.7210278508149
LAO,Lao PDR,2005,7.86618427306323
LAO,Lao PDR,2004,21.6363215917242
LAO,Lao PDR,2003,20.0748002493342
LAO,Lao PDR,2002,37.5989769940624
LAO,Lao PDR,2001,13.7163765077454
LAO,Lao PDR,2000,46.0406059162035
LAO,Lao PDR,1999,78.3631971101657
LAO,Lao PDR,1998,113.283743842365
LAO,Lao PDR,1997,65.7623229588983
LAO,Lao PDR,1996,26.7315513333954
LAO,Lao PDR,1995,16.4021610161835
LAO,Lao PDR,1994,31.9313775348039
LAO,Lao PDR,1993,64.5889461431822
LAO,Lao PDR,1992,49.0051641820131
LAO,Lao PDR,1991,15.7333273190645
LAO,Lao PDR,1990,7.84404339154546
LBN,Lebanon,2017,4.2062236758971
LBN,Lebanon,2016,7.43270119558414
LBN,Lebanon,2015,5.06488060236029
LBN,Lebanon,2014,5.90480315852934
LBN,Lebanon,2013,6.88234482055033
LBN,Lebanon,2012,6.97016428412871
LBN,Lebanon,2011,5.47099631786173
LBN,Lebanon,2010,12.1049993205142
LBN,Lebanon,2009,19.6226761570625
LBN,Lebanon,2008,14.7755757558829
LBN,Lebanon,2007,12.4193283758827
LBN,Lebanon,2006,7.79653141597133
LBN,Lebanon,2005,4.49401857391758
LBN,Lebanon,2004,10.0936296843271
LBN,Lebanon,2003,13.0440176950847
LBN,Lebanon,2002,8.06469049563035
LBN,Lebanon,2001,7.46545126617758
LBN,Lebanon,2000,9.83756868361699
LBN,Lebanon,1999,11.6753203947206
LBN,Lebanon,1998,16.1101222838467
LBN,Lebanon,1997,19.555587987713
LBN,Lebanon,1996,26.3585868773679
LBN,Lebanon,1995,16.4468018996381
LBN,Lebanon,1994,25.3396268089868
LBN,Lebanon,1993,33.14145096495
LBN,Lebanon,1992,114.124795731393
LBN,Lebanon,1991,43.8784100981497
LBN,Lebanon,1990,55.0509592508534
LSO,Lesotho,2020,17.1188280297078
LSO,Lesotho,2019,-8.99494282387538
LSO,Lesotho,2018,10.694077631779
LSO,Lesotho,2017,25.5260736314313
LSO,Lesotho,2016,-4.8385947108094
LSO,Lesotho,2015,12.5582473479474
LSO,Lesotho,2014,3.95104601103941
LSO,Lesotho,2013,21.1637995594778
LSO,Lesotho,2012,7.34328076539692
LSO,Lesotho,2011,3.19828591308576
LSO,Lesotho,2010,22.3661896538084
LSO,Lesotho,2009,7.98932977131218
LSO,Lesotho,2008,19.6522664204801
LSO,Lesotho,2007,16.3503334184744
LSO,Lesotho,2006,35.3060998569373
LSO,Lesotho,2005,9.13561839205101
LSO,Lesotho,2004,3.38133472593947
LSO,Lesotho,2003,5.98064089726909
LSO,Lesotho,2002,8.80549161418791
LSO,Lesotho,2001,17.1562702098889
LSO,Lesotho,2000,1.37420485706946
LSO,Lesotho,1999,-5.14414818056807
LSO,Lesotho,1998,15.534720285863
LSO,Lesotho,1997,14.7656504671728
LSO,Lesotho,1996,17.148525500568
LSO,Lesotho,1995,9.81059317825241
LSO,Lesotho,1994,10.8893220826521
LSO,Lesotho,1993,22.3235074060703
LSO,Lesotho,1992,10.5847841558036
LSO,Lesotho,1991,10.2376066168205
LSO,Lesotho,1990,9.73827468122077
LBR,Liberia,2023,26.2598597169664
LBR,Liberia,2022,33.4090732190279
LBR,Liberia,2021,13.3398463906724
LBR,Liberia,2020,2.40361281526271
LBR,Liberia,2019,-7.39979860973077
LBR,Liberia,2018,3.03253415810346
LBR,Liberia,2017,10.6387058684654
LBR,Liberia,2016,-8.12962832170041
LBR,Liberia,2015,8.71028974407627
LBR,Liberia,2014,-7.95318685794188
LBR,Liberia,2013,22.6450071982966
LBR,Liberia,2012,2.20217953181111
LBR,Liberia,2011,30.1396985768538
LBR,Liberia,2010,28.4239953425014
LBR,Liberia,2009,25.6616194622587
LBR,Liberia,2008,37.6924107719349
LBR,Liberia,2007,24.7289260738203
LBR,Liberia,2006,32.431955680718
LBR,Liberia,2005,28.9157167070817
LBR,Liberia,2004,57.5849570768514
LBR,Liberia,2003,13.8578253962093
LBR,Liberia,2002,-17.4427104731167
LBR,Liberia,2001,-5.11230481515389
LBR,Liberia,2000,21.2202399560819
LBR,Liberia,1999,10.541362179973
LBR,Liberia,1998,150.987272606763
LBR,Liberia,1997,-4.13374882862544
LBR,Liberia,1996,-6.23259970346752
LBR,Liberia,1995,20.6701393946679
LBR,Liberia,1994,11.7209030862089
LBR,Liberia,1993,65.638616943014
LBR,Liberia,1992,19.6202424536444
LBY,Libya,2021,-20.2637679595475
LBY,Libya,2020,15.1802009417618
LBY,Libya,2019,-1.85373740169165
LBY,Libya,2018,-0.62871572645486
LBY,Libya,2017,24.7479730501131
LBY,Libya,2016,22.073680607261
LBY,Libya,2015,12.5070449184154
LBY,Libya,2014,-0.33870126393882
LBY,Libya,2013,6.29444895989434
LBY,Libya,2012,12.5826398452525
LBY,Libya,2011,24.0004281680902
LBY,Libya,2010,-0.573334861051129
LBY,Libya,2009,17.4128786898818
LBY,Libya,2008,49.1921476598143
LBY,Libya,2007,38.0430728572799
LBY,Libya,2006,14.0785314855337
LBY,Libya,2005,29.0059515874821
LBY,Libya,2004,13.769693293129
LBY,Libya,2003,6.50058906244062
LBY,Libya,2002,6.10615454407984
LBY,Libya,2001,4.31586585481276
LBY,Libya,2000,3.10538128747547
LBY,Libya,1999,7.40180037498108
LBY,Libya,1998,3.80547127159315
LBY,Libya,1997,-3.70409172923578
LBY,Libya,1996,1.02667231160034
LBY,Libya,1995,9.55713058031832
LBY,Libya,1994,14.0007020914393
LBY,Libya,1993,5.94488188976378
LBY,Libya,1992,16.4938016023291
LBY,Libya,1991,-1.08775151698697
LBY,Libya,1990,18.982461582509
MAC,"Macao SAR, China",2023,1.09638172541453
MAC,"Macao SAR, China",2022,4.38820009428687
MAC,"Macao SAR, China",2021,-0.69592945327697
MAC,"Macao SAR, China",2020,0.703661849387327
MAC,"Macao SAR, China",2019,5.53663493399623
MAC,"Macao SAR, China",2018,10.141996585668
MAC,"Macao SAR, China",2017,11.0785130410729
MAC,"Macao SAR, China",2016,12.6147668321256
MAC,"Macao SAR, China",2015,-3.00382200164796
MAC,"Macao SAR, China",2014,10.4350165346757
MAC,"Macao SAR, China",2013,17.7311371013272
MAC,"Macao SAR, China",2012,25.8310178822169
MAC,"Macao SAR, China",2011,22.5917234314209
MAC,"Macao SAR, China",2010,14.5220033646556
MAC,"Macao SAR, China",2009,11.8251379532775
MAC,"Macao SAR, China",2008,2.290485102274
MAC,"Macao SAR, China",2007,9.8446034536047
MAC,"Macao SAR, China",2006,24.5113664591837
MAC,"Macao SAR, China",2005,12.1646307768459
MAC,"Macao SAR, China",2004,8.8729704909835
MAC,"Macao SAR, China",2003,12.2582706744352
MAC,"Macao SAR, China",2002,8.09321310250065
MAC,"Macao SAR, China",2001,7.81015841544913
MAC,"Macao SAR, China",2000,-1.3688780865204
MAC,"Macao SAR, China",1999,6.78272477846512
MAC,"Macao SAR, China",1998,3.12693696526968
MAC,"Macao SAR, China",1997,5.17969044726581
MAC,"Macao SAR, China",1996,7.04042696899225
MAC,"Macao SAR, China",1995,13.4452410908536
MAC,"Macao SAR, China",1994,12.7036933038529
MAC,"Macao SAR, China",1993,6.91163653286313
MAC,"Macao SAR, China",1992,21.0997701253762
MAC,"Macao SAR, China",1991,36.890189583413
MAC,"Macao SAR, China",1990,26.3657563507379
MDG,Madagascar,2023,8.2270422160532
MDG,Madagascar,2022,13.7441824282863
MDG,Madagascar,2021,10.9393963176884
MDG,Madagascar,2020,11.0483857928981
MDG,Madagascar,2019,6.97820163710416
MDG,Madagascar,2018,11.9569357670256
MDG,Madagascar,2017,18.0989182312679
MDG,Madagascar,2016,18.4792345768785
MDG,Madagascar,2015,16.527246306641
MDG,Madagascar,2014,10.7783279189559
MDG,Madagascar,2013,3.64769583749525
MDG,Madagascar,2012,7.57098889581591
MDG,Madagascar,2011,16.9384526431736
MDG,Madagascar,2010,11.7567798931075
MDG,Madagascar,2009,10.113180169964
MDG,Madagascar,2008,12.2368189414952
MDG,Madagascar,2007,21.3081472791885
MDG,Madagascar,2006,30.9157141743712
MDG,Madagascar,2005,2.2465588742141
MDG,Madagascar,2004,25.2238503099194
MDG,Madagascar,2003,8.81394210428174
MDG,Madagascar,2002,7.9569049970753
MDG,Madagascar,2001,23.8280964985064
MDG,Madagascar,2000,17.15346754211
MDG,Madagascar,1999,19.1798182026678
MDG,Madagascar,1998,6.19267545053022
MDG,Madagascar,1997,20.8179161394416
MDG,Madagascar,1996,15.953739308184
MDG,Madagascar,1995,16.2157569256178
MDG,Madagascar,1994,52.5501720502845
MDG,Madagascar,1993,24.2204423035476
MDG,Madagascar,1992,22.260055570935
MDG,Madagascar,1991,31.1071919216903
MDG,Madagascar,1990,4.48110425105195
MWI,Malawi,2023,32.2340911811314
MWI,Malawi,2022,38.7993756372287
MWI,Malawi,2021,30.0415309688778
MWI,Malawi,2020,16.7275001409348
MWI,Malawi,2019,10.1935453487984
MWI,Malawi,2018,11.237109365779
MWI,Malawi,2017,17.3328715602903
MWI,Malawi,2016,16.398726935028
MWI,Malawi,2015,28.0164784013677
MWI,Malawi,2014,18.0454978269629
MWI,Malawi,2013,35.0710152954133
MWI,Malawi,2012,22.9391851848612
MWI,Malawi,2011,35.6565385847959
MWI,Malawi,2010,33.1424072258056
MWI,Malawi,2009,24.6262635044181
MWI,Malawi,2008,62.6402181751147
MWI,Malawi,2007,36.5917041196843
MWI,Malawi,2006,16.4175304145881
MWI,Malawi,2005,16.2463410265215
MWI,Malawi,2004,29.7014720516323
MWI,Malawi,2003,27.4750528540346
MWI,Malawi,2002,22.6271299783303
MWI,Malawi,2001,23.7278562536624
MWI,Malawi,2000,45.5321791176164
MWI,Malawi,1999,27.9897394337676
MWI,Malawi,1998,67.762266770941
MWI,Malawi,1997,2.07446163429444
MWI,Malawi,1996,39.95849689016
MWI,Malawi,1995,56.2258253697596
MWI,Malawi,1994,36.5449596830187
MWI,Malawi,1993,39.8589859417529
MWI,Malawi,1992,15.7941117431136
MWI,Malawi,1991,25.4383603106785
MWI,Malawi,1990,11.0747625590701
MYS,Malaysia,2023,5.83120097060203
MYS,Malaysia,2022,3.99701491521236
MYS,Malaysia,2021,5.55903409397077
MYS,Malaysia,2020,4.59324770584526
MYS,Malaysia,2019,2.6747203213164
MYS,Malaysia,2018,7.68802391999255
MYS,Malaysia,2017,4.64463909345224
MYS,Malaysia,2016,2.80113360263019
MYS,Malaysia,2015,3.04353513238196
MYS,Malaysia,2014,6.30404808616764
MYS,Malaysia,2013,7.39740068231736
MYS,Malaysia,2012,8.84601972895075
MYS,Malaysia,2011,14.6279382858505
MYS,Malaysia,2010,7.34773605081976
MYS,Malaysia,2009,7.73992812591865
MYS,Malaysia,2008,10.535425110552
MYS,Malaysia,2007,7.92253576816132
MYS,Malaysia,2006,13.6310078113537
MYS,Malaysia,2005,8.79316995043841
MYS,Malaysia,2004,12.6871027279104
MYS,Malaysia,2003,8.6271799396196
MYS,Malaysia,2002,4.48402432914587
MYS,Malaysia,2001,11.6359105759612
MYS,Malaysia,2000,10.0477651051237
MYS,Malaysia,1999,12.0988672196889
MYS,Malaysia,1998,0.229557897177802
MYS,Malaysia,1997,16.0355965133424
MYS,Malaysia,1996,18.4846986454946
MYS,Malaysia,1995,18.5254741222616
MYS,Malaysia,1994,11.5083208186672
MYS,Malaysia,1993,26.3624955122874
MYS,Malaysia,1992,71.9121062599959
MYS,Malaysia,1991,16.8771825011186
MYS,Malaysia,1990,-43.7382575357264
MDV,Maldives,2023,6.98328227162328
MDV,Maldives,2022,6.03778693061646
MDV,Maldives,2021,26.1851119380587
MDV,Maldives,2020,14.1923749544135
MDV,Maldives,2019,9.5293851137932
MDV,Maldives,2018,3.38203822808532
MDV,Maldives,2017,5.15697892600808
MDV,Maldives,2016,-0.182480036459652
MDV,Maldives,2015,12.1147985984118
MDV,Maldives,2014,14.8683012129305
MDV,Maldives,2013,18.3741041687707
MDV,Maldives,2012,4.9279228655525
MDV,Maldives,2011,20.0092857301265
MDV,Maldives,2010,14.6420382448308
MDV,Maldives,2009,14.4092796795532
MDV,Maldives,2008,21.8481944739517
MDV,Maldives,2007,24.1010320976589
MDV,Maldives,2006,18.8719324428492
MDV,Maldives,2005,10.6126605634446
MDV,Maldives,2004,31.3678986704677
MDV,Maldives,2003,17.1792847688474
MDV,Maldives,2002,21.5846497246587
MDV,Maldives,2001,7.77368944945621
MDV,Maldives,2000,4.17197089659598
MDV,Maldives,1999,3.52767638381919
MDV,Maldives,1998,22.9983218675593
MDV,Maldives,1997,23.3193743939238
MDV,Maldives,1996,26.1336303504073
MDV,Maldives,1995,15.4068781691862
MDV,Maldives,1994,23.9935855440065
MDV,Maldives,1993,35.9038418094112
MDV,Maldives,1992,12.5603741890899
MDV,Maldives,1991,24.757450953681
MDV,Maldives,1990,18.5930504562284
MLI,Mali,2023,-1.12911768488397
MLI,Mali,2022,10.720510250541
MLI,Mali,2021,36.4125142854465
MLI,Mali,2020,12.2607920919744
MLI,Mali,2019,4.36573761212251
MLI,Mali,2018,12.5069146912225
MLI,Mali,2017,4.32651865724179
MLI,Mali,2016,10.7445147717845
MLI,Mali,2015,10.3929516451567
MLI,Mali,2014,5.79240603376782
MLI,Mali,2013,8.19728454213352
MLI,Mali,2012,15.4859404605927
MLI,Mali,2011,12.9186274084265
MLI,Mali,2010,16.331685400489
MLI,Mali,2009,42.1301379860938
MLI,Mali,2008,-13.0495967482678
MLI,Mali,2007,-1.25016683398442
MLI,Mali,2006,9.83481250826343
MLI,Mali,2005,11.754519407503
MLI,Mali,2004,-3.59772975644394
MLI,Mali,2003,21.5935473375726
MLI,Mali,2002,25.6425848399093
MLI,Mali,2001,20.3815393534528
MLI,Mali,2000,12.5000654140766
MLI,Mali,1999,1.00663980550464
MLI,Mali,1998,4.17649878594701
MLI,Mali,1997,8.90320552516111
MLI,Mali,1996,24.4657644134693
MLI,Mali,1995,7.30578920700333
MLI,Mali,1994,39.2095441528567
MLI,Mali,1993,8.37032420538519
MLI,Mali,1992,2.96426770735796
MLI,Mali,1991,13.0910903157344
MLI,Mali,1990,-4.89475374460881
MRT,Mauritania,2019,9.94940435177813
MRT,Mauritania,2018,10.9110915968963
MRT,Mauritania,2017,16.659532919698
MRT,Mauritania,2016,6.67922518577173
MRT,Mauritania,2015,-0.286696526519389
MRT,Mauritania,2014,1.45236275793243
MRT,Mauritania,2013,22.4197535028999
MRT,Mauritania,2012,16.6087455385825
MRT,Mauritania,2011,21.6243401408966
MRT,Mauritania,2010,11.057715483201
MRT,Mauritania,2009,15.543257642494
MRT,Mauritania,2008,13.7430695514233
MRT,Mauritania,2007,18.9075866410369
MRT,Mauritania,2006,15.674635424455
MRT,Mauritania,1991,8.04371980052195
MRT,Mauritania,1990,12.7087752338331
MUS,Mauritius,2023,7.26565641246502
MUS,Mauritius,2022,5.25662705352603
MUS,Mauritius,2021,8.84810654987261
MUS,Mauritius,2020,16.8810646905944
MUS,Mauritius,2019,8.48462028173344
MUS,Mauritius,2018,6.28440588475142
MUS,Mauritius,2017,9.27061617481887
MUS,Mauritius,2016,9.08457920471175
MUS,Mauritius,2015,10.1726501326301
MUS,Mauritius,2014,8.73825114234485
MUS,Mauritius,2013,5.78430196041544
MUS,Mauritius,2012,8.16198202530313
MUS,Mauritius,2011,6.43013466928476
MUS,Mauritius,2010,6.90990143436713
MUS,Mauritius,2009,2.37424150558442
MUS,Mauritius,2008,14.6228864964711
MUS,Mauritius,2007,15.3224794470355
MUS,Mauritius,2006,9.54466381793479
MUS,Mauritius,2005,6.56960896608828
MUS,Mauritius,2004,18.8526872973132
MUS,Mauritius,2003,25.050382478463
MUS,Mauritius,2002,12.6385103509588
MUS,Mauritius,2001,11.1414186876563
MUS,Mauritius,2000,9.23699095475319
MUS,Mauritius,1999,15.1344854640907
MUS,Mauritius,1998,11.2112166334581
MUS,Mauritius,1997,16.3997477931904
MUS,Mauritius,1996,7.54453837878652
MUS,Mauritius,1995,18.5818071972339
MUS,Mauritius,1994,12.2462470666868
MUS,Mauritius,1993,16.9713553629871
MUS,Mauritius,1992,15.7944644703846
MUS,Mauritius,1991,21.7308241464327
MUS,Mauritius,1990,21.0370024194451
MEX,Mexico,2023,11.0177388297609
MEX,Mexico,2022,7.32427833539717
MEX,Mexico,2021,9.50769005668138
MEX,Mexico,2020,13.4400145872099
MEX,Mexico,2019,4.7000535891428
MEX,Mexico,2018,4.528957051035
MEX,Mexico,2017,11.2247047973686
MEX,Mexico,2016,12.3347318971308
MEX,Mexico,2015,12.188904831945
MEX,Mexico,2014,12.1926385335167
MEX,Mexico,2013,8.27958230523868
MEX,Mexico,2012,10.0839506428319
MEX,Mexico,2011,9.97857565555475
MEX,Mexico,2010,12.7638038623407
MEX,Mexico,2009,11.5244357450916
MEX,Mexico,2008,8.8989406727473
MEX,Mexico,2007,10.1477843745367
MEX,Mexico,2006,6.69259611037929
MEX,Mexico,2005,9.96849552544639
MEX,Mexico,2004,13.0461064261901
MEX,Mexico,2003,9.34288539528672
MEX,Mexico,2002,5.07161043787901
MEX,Mexico,2001,18.8441357070664
MEX,Mexico,2000,-4.48743089482922
MEX,Mexico,1999,18.7479247860382
MEX,Mexico,1998,17.4488953641526
MEX,Mexico,1997,56.8495331731946
MEX,Mexico,1996,27.0111848582944
MEX,Mexico,1995,31.8557435232858
MEX,Mexico,1994,20.1081987626414
MEX,Mexico,1993,16.8996029755523
MEX,Mexico,1992,23.5725224239772
MEX,Mexico,1991,49.2084217398401
MEX,Mexico,1990,83.7854952672977
FSM,"Micronesia, Fed. Sts.",2021,15.4212926145736
FSM,"Micronesia, Fed. Sts.",2020,15.6280743176772
FSM,"Micronesia, Fed. Sts.",2019,1.01198974625219
FSM,"Micronesia, Fed. Sts.",2018,2.33056211581005
FSM,"Micronesia, Fed. Sts.",2017,10.7398776446363
FSM,"Micronesia, Fed. Sts.",2016,22.039231964459
FSM,"Micronesia, Fed. Sts.",2015,-8.28917720411964
FSM,"Micronesia, Fed. Sts.",2014,33.3465957811696
FSM,"Micronesia, Fed. Sts.",2013,8.13607601979126
FSM,"Micronesia, Fed. Sts.",2012,13.8736136100623
FSM,"Micronesia, Fed. Sts.",2011,3.94594736980744
FSM,"Micronesia, Fed. Sts.",2010,-0.0640564398659202
FSM,"Micronesia, Fed. Sts.",2009,16.2830088567814
FSM,"Micronesia, Fed. Sts.",2008,3.22621417511928
FSM,"Micronesia, Fed. Sts.",2007,4.56633074508508
FSM,"Micronesia, Fed. Sts.",2006,-8.45617148272872
FSM,"Micronesia, Fed. Sts.",2005,1.61257273993935
FSM,"Micronesia, Fed. Sts.",2004,-0.0563161074306544
FSM,"Micronesia, Fed. Sts.",2003,-3.74520761262726
FSM,"Micronesia, Fed. Sts.",2002,-11.9703279541905
FSM,"Micronesia, Fed. Sts.",2001,5.96964152730148
FSM,"Micronesia, Fed. Sts.",2000,-0.956136117358879
FSM,"Micronesia, Fed. Sts.",1999,3.38928796708625
FSM,"Micronesia, Fed. Sts.",1998,0.716852675396592
FSM,"Micronesia, Fed. Sts.",1997,3.80530537920173
FSM,"Micronesia, Fed. Sts.",1996,-5.7857447558284
MDA,Moldova,2023,18.3157125906104
MDA,Moldova,2022,5.27126725973233
MDA,Moldova,2021,11.2814947779343
MDA,Moldova,2020,19.6554901860289
MDA,Moldova,2019,8.1216221813852
MDA,Moldova,2018,7.96580857424508
MDA,Moldova,2017,9.22362903177088
MDA,Moldova,2016,10.223122508128
MDA,Moldova,2015,-2.98244720819953
MDA,Moldova,2014,5.0818105016425
MDA,Moldova,2013,26.510818978624
MDA,Moldova,2012,20.8211022950932
MDA,Moldova,2011,10.602366267301
MDA,Moldova,2010,13.6219814844165
MDA,Moldova,2009,3.16814404383974
MDA,Moldova,2008,15.8590444381919
MDA,Moldova,2007,39.810291150945
MDA,Moldova,2006,23.5757062842086
MDA,Moldova,2005,34.4332453114828
MDA,Moldova,2004,38.1210711033793
MDA,Moldova,2003,30.3658582084063
MDA,Moldova,2002,36.5035627408429
MDA,Moldova,2001,34.1134712181679
MDA,Moldova,2000,41.7238136040126
MDA,Moldova,1999,42.86331282052
MDA,Moldova,1998,-8.26475975746088
MDA,Moldova,1997,34.457790919836
MDA,Moldova,1996,14.8461254667665
MDA,Moldova,1995,65.3222302073551
MDA,Moldova,1994,115.66760278499
MDA,Moldova,1993,318.784314187738
MDA,Moldova,1992,357.959405596262
MNG,Mongolia,2023,26.8306918731148
MNG,Mongolia,2022,6.46484823716741
MNG,Mongolia,2021,13.8179148023337
MNG,Mongolia,2020,17.5058478385064
MNG,Mongolia,2019,6.97800023574914
MNG,Mongolia,2018,22.7820048665252
MNG,Mongolia,2017,30.4532589758616
MNG,Mongolia,2016,20.9924866689379
MNG,Mongolia,2015,-5.50420035802192
MNG,Mongolia,2014,12.502220743688
MNG,Mongolia,2013,24.1816153873431
MNG,Mongolia,2012,18.7281432331187
MNG,Mongolia,2011,37.0296037333567
MNG,Mongolia,2010,62.4864684143913
MNG,Mongolia,2009,26.9917237454011
MNG,Mongolia,2008,-5.57353319896405
MNG,Mongolia,2007,56.2712932488062
MNG,Mongolia,2006,34.7698299968175
MNG,Mongolia,2005,34.6063022128447
MNG,Mongolia,2004,20.4313102018819
MNG,Mongolia,2003,49.5501493538753
MNG,Mongolia,2002,42.056613233757
MNG,Mongolia,2001,27.9134378952086
MNG,Mongolia,2000,17.5558178817979
MNG,Mongolia,1999,31.6397169260793
MNG,Mongolia,1998,-1.65577380479874
MNG,Mongolia,1997,42.2017734929282
MNG,Mongolia,1996,17.1981494384324
MNG,Mongolia,1995,32.6017012362941
MNG,Mongolia,1994,79.9576646131915
MNG,Mongolia,1993,227.622344459125
MNG,Mongolia,1992,31.6475931873256
MNE,Montenegro,2023,11.9691106223213
MNE,Montenegro,2022,22.9484874855143
MNE,Montenegro,2021,15.6110722160739
MNE,Montenegro,2020,-3.74832970766726
MNE,Montenegro,2019,-1.66872473126495
MNE,Montenegro,2018,3.14567719761219
MNE,Montenegro,2017,12.9593696138659
MNE,Montenegro,2016,9.16268459564663
MNE,Montenegro,2015,11.1155772977212
MNE,Montenegro,2014,9.21059102045099
MNE,Montenegro,2013,2.8769519198473
MNE,Montenegro,2012,7.91119336144281
MNE,Montenegro,2011,1.85931322954728
MNE,Montenegro,2010,3.23293522850557
MNE,Montenegro,2009,-8.98577540442124
MNE,Montenegro,2008,-10.1117741612261
MNE,Montenegro,2007,98.844598795225
MNE,Montenegro,2006,119.156601239247
MNE,Montenegro,2005,83.3803169577228
MNE,Montenegro,2004,22.487370274262
MNE,Montenegro,2003,18.6617897113026
MAR,Morocco,2023,3.91375528110209
MAR,Morocco,2022,8.01359504265407
MAR,Morocco,2021,5.09394192746297
MAR,Morocco,2020,8.36179141868821
MAR,Morocco,2019,3.77806065975292
MAR,Morocco,2018,4.06012946102122
MAR,Morocco,2017,5.54582078821969
MAR,Morocco,2016,4.73632258860282
MAR,Morocco,2015,5.69050203214417
MAR,Morocco,2014,6.19965031043247
MAR,Morocco,2013,3.08816298512282
MAR,Morocco,2012,4.51801110083078
MAR,Morocco,2011,6.43834587150305
MAR,Morocco,2010,4.19540574319343
MAR,Morocco,2009,7.00697400046565
MAR,Morocco,2008,13.3114783065378
MAR,Morocco,2007,17.5471331446552
MAR,Morocco,2006,18.0886095524192
MAR,Morocco,2005,14.0583836299319
MAR,Morocco,2004,8.35398058092525
MAR,Morocco,2003,7.8660246152784
MAR,Morocco,2002,10.3158838988731
MAR,Morocco,2001,18.1143578024195
MAR,Morocco,2000,8.444172915778
MAR,Morocco,1999,10.2392814906761
MAR,Morocco,1998,6.03773748289777
MAR,Morocco,1997,16.1907636583157
MAR,Morocco,1996,6.57530721224989
MAR,Morocco,1995,7.04422584681076
MAR,Morocco,1994,10.1786335325176
MAR,Morocco,1993,7.94364774379381
MAR,Morocco,1992,9.25856874384751
MAR,Morocco,1991,16.8028431560426
MAR,Morocco,1990,21.478455938373
MOZ,Mozambique,2023,3.54571072317434
MOZ,Mozambique,2022,8.7360820549451
MOZ,Mozambique,2021,1.87914680484284
MOZ,Mozambique,2020,23.2776258654505
MOZ,Mozambique,2019,13.3858923159739
MOZ,Mozambique,2018,8.22235681980794
MOZ,Mozambique,2017,5.08750438429984
MOZ,Mozambique,2016,10.1065640073057
MOZ,Mozambique,2015,26.0879553295384
MOZ,Mozambique,2014,22.1993540054804
MOZ,Mozambique,2013,16.3493508673617
MOZ,Mozambique,2012,29.3537961133612
MOZ,Mozambique,2011,7.78786469015778
MOZ,Mozambique,2010,24.5965843851451
MOZ,Mozambique,2009,32.6438461527535
MOZ,Mozambique,2008,20.304541200489
MOZ,Mozambique,2007,24.2473029464174
MOZ,Mozambique,2006,23.3415316452131
MOZ,Mozambique,2005,26.9840810281395
MOZ,Mozambique,2004,5.910357611378
MOZ,Mozambique,2003,15.2942590478123
MOZ,Mozambique,2002,37.1640383846865
MOZ,Mozambique,2001,14.8974438076266
MOZ,Mozambique,2000,38.3170457433723
MOZ,Mozambique,1999,31.7896371085064
MOZ,Mozambique,1998,17.8278888052441
MOZ,Mozambique,1997,23.8998390755086
MOZ,Mozambique,1996,19.1314527049008
MOZ,Mozambique,1995,47.6982358520742
MOZ,Mozambique,1994,50.4295592593545
MOZ,Mozambique,1993,67.0738916256158
MOZ,Mozambique,1992,70.7795849691531
MOZ,Mozambique,1991,44.2937214831744
MOZ,Mozambique,1990,37.2254489322243
MMR,Myanmar,2020,18.1773771157293
MMR,Myanmar,2019,15.5444260829973
MMR,Myanmar,2018,14.5703142669963
MMR,Myanmar,2017,20.5424223479744
MMR,Myanmar,2016,17.4488737254922
MMR,Myanmar,2015,30.6729173899543
MMR,Myanmar,2014,20.956889978489
MMR,Myanmar,2013,31.4251476008941
MMR,Myanmar,2012,32.5590169313472
MMR,Myanmar,2011,30.6013401794564
MMR,Myanmar,2010,42.4997268156954
MMR,Myanmar,2009,30.6373921787998
MMR,Myanmar,2008,14.8922041933974
MMR,Myanmar,2007,29.9210073504003
MMR,Myanmar,2006,27.3111436178943
MMR,Myanmar,2005,27.3085474966869
MMR,Myanmar,2004,32.0907388184894
MMR,Myanmar,2003,0.73328130762215
MMR,Myanmar,2002,35.5864771508149
MMR,Myanmar,2001,43.6410982844596
MMR,Myanmar,2000,42.4403234757508
MMR,Myanmar,1999,29.5386555287724
MMR,Myanmar,1998,33.6659500206152
MMR,Myanmar,1997,28.0776069448802
MMR,Myanmar,1996,39.0487135719823
MMR,Myanmar,1995,38.9347674643044
MMR,Myanmar,1994,33.201011732585
MMR,Myanmar,1993,26.967204395837
MMR,Myanmar,1992,34.1876605354342
MMR,Myanmar,1991,36.89116481027
MMR,Myanmar,1990,37.6559251559252
NAM,Namibia,2021,6.76114008751546
NAM,Namibia,2020,8.07704826577039
NAM,Namibia,2019,10.533627508929
NAM,Namibia,2018,6.39040956619964
NAM,Namibia,2017,13.9799771657181
NAM,Namibia,2016,6.05280666136413
NAM,Namibia,2015,9.10484296685909
NAM,Namibia,2014,7.84280565243246
NAM,Namibia,2013,12.7837363392588
NAM,Namibia,2012,4.14380677950692
NAM,Namibia,2011,11.6860117018392
NAM,Namibia,2010,10.5219246122883
NAM,Namibia,2009,59.5944243491992
NAM,Namibia,2008,13.3026478759573
NAM,Namibia,2007,16.1370154822123
NAM,Namibia,2006,29.6795338495866
NAM,Namibia,2005,5.11406704057886
NAM,Namibia,2004,22.515929441183
NAM,Namibia,2003,2.09480754046804
NAM,Namibia,2002,15.3631081189673
NAM,Namibia,2001,6.1684978172341
NAM,Namibia,2000,13.200793070497
NAM,Namibia,1999,19.4953535124742
NAM,Namibia,1998,10.549739050101
NAM,Namibia,1997,8.08907528833665
NAM,Namibia,1996,24.0754585930642
NAM,Namibia,1995,22.588960448673
NAM,Namibia,1994,30.9307949141782
NAM,Namibia,1993,19.4084955008246
NAM,Namibia,1992,46.5701797584243
NAM,Namibia,1991,30.296686315798
NPL,Nepal,2023,14.5599019966811
NPL,Nepal,2022,7.64288447145374
NPL,Nepal,2021,14.6916316108794
NPL,Nepal,2020,22.1139143932736
NPL,Nepal,2019,13.8134335887466
NPL,Nepal,2018,19.7554977120295
NPL,Nepal,2017,11.9678651564038
NPL,Nepal,2016,17.3635363373785
NPL,Nepal,2015,24.4350613316528
NPL,Nepal,2014,16.140326688033
NPL,Nepal,2013,21.658009779027
NPL,Nepal,2012,14.856498252651
NPL,Nepal,2011,18.6701885606796
NPL,Nepal,2010,9.58922266715192
NPL,Nepal,2009,29.6198358300109
NPL,Nepal,2008,38.8412646408509
NPL,Nepal,2007,18.5285927158216
NPL,Nepal,2006,16.9850202678353
NPL,Nepal,2005,9.7435865361544
NPL,Nepal,2004,13.0850770971597
NPL,Nepal,2003,10.2175928978658
NPL,Nepal,2002,2.65916698015118
NPL,Nepal,2001,16.7752653840681
NPL,Nepal,2000,18.845515164109
NPL,Nepal,1999,21.680363090787
NPL,Nepal,1998,11.1813749079941
NPL,Nepal,1997,29.5433323210908
NPL,Nepal,1996,12.2019361107446
NPL,Nepal,1995,15.4287644886549
NPL,Nepal,1994,17.9846630377249
NPL,Nepal,1993,25.0188411805914
NPL,Nepal,1992,20.5023196288594
NPL,Nepal,1991,22.7237443405088
NPL,Nepal,1990,18.7432080080051
NZL,New Zealand,2023,3.56339694999693
NZL,New Zealand,2022,1.8325450583825
NZL,New Zealand,2021,7.05943403469145
NZL,New Zealand,2020,12.1779427157231
NZL,New Zealand,2019,4.71178824795162
NZL,New Zealand,2018,6.4247723836915
NZL,New Zealand,2017,7.30184765325521
NZL,New Zealand,2016,7.6616105305133
NZL,New Zealand,2015,9.85032809850328
NZL,New Zealand,2014,6.70927552597721
NZL,New Zealand,2010,8.35918273887503
NZL,New Zealand,2009,-0.632903820525483
NZL,New Zealand,2008,10.3508364089726
NZL,New Zealand,2007,11.1419098695745
NZL,New Zealand,2006,11.2672832294732
NZL,New Zealand,2005,9.48787540879395
NZL,New Zealand,2004,3.52750167482724
NZL,New Zealand,2003,9.4998843810179
NZL,New Zealand,2002,0.235590306551123
NZL,New Zealand,2001,9.07853417128159
NZL,New Zealand,2000,1.50683848882122
NZL,New Zealand,1999,7.14095063573137
NZL,New Zealand,1998,0.287361560285815
NZL,New Zealand,1997,6.62538844423011
NZL,New Zealand,1996,14.1264989617308
NZL,New Zealand,1995,9.39223549396321
NZL,New Zealand,1994,9.1191411127256
NZL,New Zealand,1993,6.17933140434982
NZL,New Zealand,1992,3.93963461302992
NZL,New Zealand,1991,1.61885386213396
NZL,New Zealand,1990,10.2256398822475
NIC,Nicaragua,2022,11.3318996335419
NIC,Nicaragua,2021,13.8230904087894
NIC,Nicaragua,2020,15.6277946771385
NIC,Nicaragua,2019,6.2316081566645
NIC,Nicaragua,2018,-18.6534753336395
NIC,Nicaragua,2017,16.0185374258255
NIC,Nicaragua,2016,11.0441607426984
NIC,Nicaragua,2015,18.9619711424557
NIC,Nicaragua,2014,15.4307528436153
NIC,Nicaragua,2013,18.3193015727786
NIC,Nicaragua,2012,15.3938251090144
NIC,Nicaragua,2011,12.6216323811427
NIC,Nicaragua,2010,21.6733797891121
NIC,Nicaragua,2009,14.3389492023423
NIC,Nicaragua,2008,7.32993644476806
NIC,Nicaragua,2007,18.4790926972277
NIC,Nicaragua,2006,8.42014669584402
NIC,Nicaragua,2005,9.7796213720779
NIC,Nicaragua,2004,17.2162854524514
NIC,Nicaragua,2003,12.6429879971001
NIC,Nicaragua,2002,13.3001638812041
NIC,Nicaragua,2001,4.10519158317966
NIC,Nicaragua,2000,9.37517999689152
NIC,Nicaragua,1999,18.8097308944001
NIC,Nicaragua,1998,32.1499766858588
NIC,Nicaragua,1997,52.5445546514106
NIC,Nicaragua,1996,52.5264892574998
NIC,Nicaragua,1995,35.0712211312405
NIC,Nicaragua,1994,65.9018951039324
NIC,Nicaragua,1993,25.1960406960378
NIC,Nicaragua,1992,20.0655262794868
NIC,Nicaragua,1991,1519.6432405645
NIC,Nicaragua,1990,7677.83435284304
NER,Niger,2023,-0.924792570898072
NER,Niger,2022,11.9227225133545
NER,Niger,2021,9.72874157000328
NER,Niger,2020,17.0145203711136
NER,Niger,2019,15.057028029221
NER,Niger,2018,-2.10401399014504
NER,Niger,2017,-4.92102962564609
NER,Niger,2016,8.67052021319085
NER,Niger,2015,4.58523855783641
NER,Niger,2014,24.9133673476759
NER,Niger,2013,9.74291731884555
NER,Niger,2012,31.716388395592
NER,Niger,2011,6.84005977325747
NER,Niger,2010,22.613197069271
NER,Niger,2009,20.6933624614059
NER,Niger,2008,9.38255917550353
NER,Niger,2007,46.2003211590083
NER,Niger,2006,11.6831123826806
NER,Niger,2005,4.76776621800805
NER,Niger,2004,8.87744811526396
NER,Niger,2003,44.6551755476405
NER,Niger,2002,-18.4616534580159
NER,Niger,2001,48.610315762459
NER,Niger,2000,12.8154435682948
NER,Niger,1999,15.4079495299604
NER,Niger,1998,-18.4773273134394
NER,Niger,1997,-21.3111541762277
NER,Niger,1996,-6.58498444830134
NER,Niger,1995,3.75198540817046
NER,Niger,1994,6.72585231385766
NER,Niger,1993,0.071447731389646
NER,Niger,1992,-0.95634497953735
NER,Niger,1991,-8.86053529551559
NER,Niger,1990,-4.0518166740642
NGA,Nigeria,2023,50.9219774754511
NGA,Nigeria,2022,17.4226051694979
NGA,Nigeria,2021,14.2374143355273
NGA,Nigeria,2020,11.6325456444643
NGA,Nigeria,2019,6.44863105130051
NGA,Nigeria,2018,14.9821100195079
NGA,Nigeria,2017,1.38782910951685
NGA,Nigeria,2016,31.9221686077306
NGA,Nigeria,2015,4.09015662855131
NGA,Nigeria,2014,-0.794167076060823
NGA,Nigeria,2013,14.3020860661396
NGA,Nigeria,2012,27.0844679750277
NGA,Nigeria,2011,21.685616238181
NGA,Nigeria,2010,6.72486734324051
NGA,Nigeria,2009,14.8643529361757
NGA,Nigeria,2008,42.2234295522794
NGA,Nigeria,2007,87.7613486371324
NGA,Nigeria,2006,36.3507212028386
NGA,Nigeria,2005,22.6036325203928
NGA,Nigeria,2004,20.6770255396204
NGA,Nigeria,2003,13.5113689675845
NGA,Nigeria,2002,18.8210982703839
NGA,Nigeria,2001,26.3768004240801
NGA,Nigeria,2000,48.0675226932787
NGA,Nigeria,1999,33.1210582009053
NGA,Nigeria,1998,22.3177575904719
NGA,Nigeria,1997,16.0390029485685
NGA,Nigeria,1996,16.1781585908082
NGA,Nigeria,1995,19.4117147450513
NGA,Nigeria,1994,34.4951421517432
NGA,Nigeria,1993,53.7579683240045
NGA,Nigeria,1992,63.2602537657287
NGA,Nigeria,1991,37.3802138978897
NGA,Nigeria,1990,32.7010276475701
MKD,North Macedonia,2023,5.89462107968648
MKD,North Macedonia,2022,5.27630784445662
MKD,North Macedonia,2021,8.83069218060799
MKD,North Macedonia,2020,7.97042757225559
MKD,North Macedonia,2019,8.19219834569514
MKD,North Macedonia,2018,10.8155028800402
MKD,North Macedonia,2017,4.59020849953811
MKD,North Macedonia,2016,5.96073082774224
MKD,North Macedonia,2015,7.67188084452272
MKD,North Macedonia,2014,8.9216081820056
MKD,North Macedonia,2013,2.60487296772839
MKD,North Macedonia,2012,3.0641792945956
MKD,North Macedonia,2011,8.92782716504966
MKD,North Macedonia,2010,11.6159732844472
MKD,North Macedonia,2009,1.6701752723956
MKD,North Macedonia,2008,11.8182085913007
MKD,North Macedonia,2007,29.91197260036
MKD,North Macedonia,2006,24.8066572517199
MKD,North Macedonia,2005,15.7086909806709
MKD,North Macedonia,2004,16.5070753694727
MKD,North Macedonia,2003,18.495648942135
MKD,North Macedonia,2002,-8.07360876218088
MKD,North Macedonia,2001,66.6264090177134
MKD,North Macedonia,2000,22.2474367737526
MKD,North Macedonia,1999,31.2201772324472
MKD,North Macedonia,1998,13.0108660395718
MKD,North Macedonia,1997,23.8961169437886
MKD,North Macedonia,1996,-0.210536869015991
MKD,North Macedonia,1995,1.82217231523071
MKD,North Macedonia,1994,-55.1608916556049
NOR,Norway,2023,0.433080320796381
NOR,Norway,2022,5.54670209272964
NOR,Norway,2021,10.5019184861607
NOR,Norway,2020,12.158774076833
NOR,Norway,2019,3.97349820975716
NOR,Norway,2018,5.18291689438368
NOR,Norway,2017,6.08194862556396
NOR,Norway,2016,11.2385196367154
NOR,Norway,2015,-5.32642884781008
NOR,Norway,2014,6.1130650201955
NOR,Norway,2013,6.749028261994
NOR,Norway,2012,4.49556341054119
NOR,Norway,2011,6.42132716294043
NOR,Norway,2010,6.46892448480663
NOR,Norway,2009,0.898645662375538
NOR,Norway,2008,3.08676413935601
NOR,Norway,2007,18.1030597468918
NOR,Norway,2006,6.77671782098905
NOR,Norway,2005,10.5243752240654
NOR,Norway,2004,6.84975140197038
NOR,Norway,2003,2.14717370157529
NOR,Norway,2002,7.42563373974343
NOR,Norway,2001,16.4669753286726
NOR,Norway,2000,8.66334665240231
NOR,Norway,1999,1.70008026588456
NOR,Norway,1998,15.4709693562
NOR,Norway,1997,1.44212293079133
NOR,Norway,1996,6.90967809744026
NOR,Norway,1995,3.78101263312377
NOR,Norway,1994,5.02406745134959
NOR,Norway,1993,-0.669501081008389
NOR,Norway,1992,8.50079465560434
NOR,Norway,1991,2.9338299686445
NOR,Norway,1990,5.54735838334963
OMN,Oman,2017,4.18172214160061
OMN,Oman,2016,1.83087447760822
OMN,Oman,2015,14.2100843565087
OMN,Oman,2014,12.0293583025555
OMN,Oman,2013,8.48530598060621
OMN,Oman,2012,10.7270154974111
OMN,Oman,2011,12.1811464065537
OMN,Oman,2010,11.3420938618855
OMN,Oman,2009,4.73499908007441
OMN,Oman,2008,23.2661977658565
OMN,Oman,2007,34.6701889993094
OMN,Oman,2006,24.4498353743116
OMN,Oman,2005,21.6540623928236
OMN,Oman,2004,4.08087581670296
OMN,Oman,2003,2.42239735966085
OMN,Oman,2002,5.5549861907127
OMN,Oman,2001,10.8040508275195
OMN,Oman,2000,6.02405600277668
OMN,Oman,1999,6.39328455028963
OMN,Oman,1998,4.77019876893339
OMN,Oman,1997,24.4984980647436
OMN,Oman,1996,8.07250464332393
OMN,Oman,1995,7.67734004532589
OMN,Oman,1994,6.73450584736641
OMN,Oman,1993,3.24652696020721
OMN,Oman,1992,3.08886306925021
OMN,Oman,1991,5.45183686041362
OMN,Oman,1990,9.96925247964631
PAK,Pakistan,2023,16.2530631753901
PAK,Pakistan,2022,7.41151860135503
PAK,Pakistan,2021,10.4193580639993
PAK,Pakistan,2020,15.6327085508701
PAK,Pakistan,2019,11.6730296321604
PAK,Pakistan,2018,9.83439165904124
PAK,Pakistan,2017,9.9313214967248
PAK,Pakistan,2016,13.6160489814194
PAK,Pakistan,2015,12.1809800448258
PAK,Pakistan,2014,11.5437148414194
PAK,Pakistan,2013,13.315647619693
PAK,Pakistan,2012,17.3950199206229
PAK,Pakistan,2011,12.6026218346081
PAK,Pakistan,2010,14.5658158158495
PAK,Pakistan,2009,17.6100569348726
PAK,Pakistan,2008,6.52470214178465
PAK,Pakistan,2007,17.4383547032998
PAK,Pakistan,2006,42.9088740241616
PAK,Pakistan,2005,16.3728736632634
PAK,Pakistan,2004,18.8953995216099
PAK,Pakistan,2003,17.8579443187328
PAK,Pakistan,2002,17.6164482140701
PAK,Pakistan,2001,14.4302473934702
PAK,Pakistan,2000,12.1251582207596
PAK,Pakistan,1999,4.31422526833217
PAK,Pakistan,1998,7.85937933833109
PAK,Pakistan,1997,19.9117967945664
PAK,Pakistan,1996,20.0685610542707
PAK,Pakistan,1995,13.8097957858075
PAK,Pakistan,1994,17.3706019788836
PAK,Pakistan,1993,18.1334470492259
PAK,Pakistan,1992,29.3005626007176
PAK,Pakistan,1991,18.9443128821554
PAK,Pakistan,1990,11.6436708059216
PAN,Panama,2008,14.5831781935795
PAN,Panama,2007,16.0006025276446
PAN,Panama,2006,22.2770345944854
PAN,Panama,2005,8.56695970137625
PAN,Panama,2004,8.04541704147777
PAN,Panama,2003,3.52140497087299
PAN,Panama,2002,-1.70735763421427
PAN,Panama,2001,7.88980823285304
PAN,Panama,2000,9.26650359985334
PAN,Panama,1999,8.4646883164681
PAN,Panama,1998,15.5239483639042
PAN,Panama,1997,13.7366905920816
PAN,Panama,1996,7.30907592566951
PAN,Panama,1995,8.36683153278699
PAN,Panama,1994,15.7560704178317
PAN,Panama,1993,18.939701301813
PAN,Panama,1992,25.565140071168
PAN,Panama,1991,32.1807617532697
PAN,Panama,1990,36.6501630237894
PNG,Papua New Guinea,2019,4.41741848432163
PNG,Papua New Guinea,2018,-3.78025553538921
PNG,Papua New Guinea,2017,-0.93464358909331
PNG,Papua New Guinea,2016,10.8736211811917
PNG,Papua New Guinea,2015,8.02684397854762
PNG,Papua New Guinea,2014,3.38278651230437
PNG,Papua New Guinea,2013,6.7015100716433
PNG,Papua New Guinea,2012,10.9422518215796
PNG,Papua New Guinea,2011,17.3353266940175
PNG,Papua New Guinea,2010,10.2460848087047
PNG,Papua New Guinea,2009,21.8772560183881
PNG,Papua New Guinea,2008,7.84316311174187
PNG,Papua New Guinea,2007,27.7649227626307
PNG,Papua New Guinea,2006,38.8795916406242
PNG,Papua New Guinea,2005,29.4900311609728
PNG,Papua New Guinea,2004,14.7868365467413
PNG,Papua New Guinea,2003,-4.4462326106811
PNG,Papua New Guinea,2002,7.26424057784162
PNG,Papua New Guinea,2001,6.24948714252916
PNG,Papua New Guinea,2000,5.0089643381294
PNG,Papua New Guinea,1999,9.16809454487686
PNG,Papua New Guinea,1998,2.46121383827541
PNG,Papua New Guinea,1997,7.69396061635052
PNG,Papua New Guinea,1996,30.73954104372
PNG,Papua New Guinea,1995,13.7463554924996
PNG,Papua New Guinea,1994,-1.28250664260052
PNG,Papua New Guinea,1993,17.7941110732386
PNG,Papua New Guinea,1992,12.5146566493249
PNG,Papua New Guinea,1991,17.6454272627926
PNG,Papua New Guinea,1990,4.25108023992266
PRY,Paraguay,2023,8.70633273962185
PRY,Paraguay,2022,4.12245860148273
PRY,Paraguay,2021,8.30815399153625
PRY,Paraguay,2020,19.2223570247059
PRY,Paraguay,2019,9.79689733558738
PRY,Paraguay,2018,8.05910937065313
PRY,Paraguay,2017,8.40067486237709
PRY,Paraguay,2016,7.35048830619695
PRY,Paraguay,2015,13.2025648001844
PRY,Paraguay,2014,14.9995111102925
PRY,Paraguay,2013,20.937179932801
PRY,Paraguay,2012,11.7583390234964
PRY,Paraguay,2011,16.0945099908141
PRY,Paraguay,2010,19.016781648462
PRY,Paraguay,2009,21.1560792129866
PRY,Paraguay,2008,35.5802010617453
PRY,Paraguay,2007,29.9622881799967
PRY,Paraguay,2006,9.82629278501259
PRY,Paraguay,2005,10.959910393989
PRY,Paraguay,2004,15.098231324587
PRY,Paraguay,2003,10.9224022209882
PRY,Paraguay,2002,1.46226743450925
PRY,Paraguay,2001,39.5697272117949
PRY,Paraguay,2000,2.84062998097686
PRY,Paraguay,1999,12.8516905095254
PRY,Paraguay,1998,7.62037998586606
PRY,Paraguay,1997,5.21366907885692
PRY,Paraguay,1996,9.8089377778209
PRY,Paraguay,1995,0.528367407729823
PRY,Paraguay,1994,24.2303532879875
PRY,Paraguay,1993,27.9299809935629
PRY,Paraguay,1992,37.1287708911513
PRY,Paraguay,1991,49.75489893609
PRY,Paraguay,1990,53.9072408837377
PER,Peru,2022,9.31212092014772
PER,Peru,2021,2.88013991595159
PER,Peru,2020,38.2852960296511
PER,Peru,2019,8.31837591438002
PER,Peru,2018,5.43327443052405
PER,Peru,2017,9.33091398902329
PER,Peru,2016,2.75613711158984
PER,Peru,2015,13.3870674203525
PER,Peru,2014,6.26515057848418
PER,Peru,2013,16.4789848315359
PER,Peru,2012,15.0150228720275
PER,Peru,2011,11.7360187654868
PER,Peru,2010,21.0546552757542
PER,Peru,2009,4.57047933320316
PER,Peru,2008,22.7640711546424
PER,Peru,2007,29.403839604814
PER,Peru,2006,8.04516103950723
PER,Peru,2005,17.0952678011346
PER,Peru,2004,3.25992194167152
PER,Peru,2003,-2.13689889028637
PER,Peru,2002,4.32965353437533
PER,Peru,2001,0.563891323477896
PER,Peru,2000,-0.399441851801342
PER,Peru,1999,14.4902175465321
PER,Peru,1998,17.3271286102373
PER,Peru,1997,30.7820639804126
PER,Peru,1996,37.2447670222151
PER,Peru,1995,29.2640068835753
PER,Peru,1994,37.2170103202771
PER,Peru,1993,71.7970649690245
PER,Peru,1992,88.1788916992412
PER,Peru,1991,230.59502238985
PER,Peru,1990,6384.91591214941
PHL,Philippines,2022,7.82033923932235
PHL,Philippines,2021,7.98026843394554
PHL,Philippines,2020,8.65773205885667
PHL,Philippines,2019,9.84392163909669
PHL,Philippines,2018,8.9991457447848
PHL,Philippines,2017,11.4231249478661
PHL,Philippines,2016,13.3262730338008
PHL,Philippines,2015,9.19582460552392
PHL,Philippines,2014,12.437500484563
PHL,Philippines,2013,29.329502551069
PHL,Philippines,2012,6.977796231859
PHL,Philippines,2011,5.30674976285661
PHL,Philippines,2010,10.8970827706007
PHL,Philippines,2009,8.63839150729624
PHL,Philippines,2008,10.0409030903463
PHL,Philippines,2007,9.60570645544364
PHL,Philippines,2006,23.453614135034
PHL,Philippines,2005,6.84220070988929
PHL,Philippines,2004,10.7233201286362
PHL,Philippines,2003,4.28727600967241
PHL,Philippines,2002,9.96845059499668
PHL,Philippines,2001,9.98569242748058
PHL,Philippines,2000,8.12076492690662
PHL,Philippines,1999,16.8821846993211
PHL,Philippines,1998,8.56631126777686
PHL,Philippines,1997,23.1076554163027
PHL,Philippines,1996,23.7315080636429
PHL,Philippines,1995,23.8741403905504
PHL,Philippines,1994,26.7347778496205
PHL,Philippines,1993,28.1457715382721
PHL,Philippines,1992,13.109483215386
PHL,Philippines,1991,17.7164974414271
PHL,Philippines,1990,22.3981120550909
POL,Poland,2023,8.53585796595824
POL,Poland,2022,5.24723702348228
POL,Poland,2021,8.91363801981589
POL,Poland,2020,16.4293093435368
POL,Poland,2019,8.26404951360684
POL,Poland,2018,9.16474185064737
POL,Poland,2017,4.65390466030542
POL,Poland,2016,9.5661682772187
POL,Poland,2015,9.06207448787462
POL,Poland,2014,8.18416124988891
POL,Poland,2013,6.23944554661758
POL,Poland,2012,4.5279739715802
POL,Poland,2011,12.4864735187227
POL,Poland,2010,8.8052427696708
POL,Poland,2009,8.10530897738018
POL,Poland,2008,18.6256285343931
POL,Poland,2007,13.3888408828446
POL,Poland,2006,15.9643286094573
POL,Poland,2005,15.0432299943437
POL,Poland,2004,3.78793913645125
POL,Poland,2003,5.36949000194597
POL,Poland,2002,-1.99707456599409
POL,Poland,2001,14.6129553731936
POL,Poland,2000,11.5569243117687
POL,Poland,1999,19.5886267463975
POL,Poland,1998,25.1769370060184
POL,Poland,1997,29.0565165270319
POL,Poland,1996,31.2165282432749
POL,Poland,1995,35.619223096953
POL,Poland,1994,38.0774163705557
POL,Poland,1993,35.9925085601138
POL,Poland,1992,55.6730590897289
POL,Poland,1991,37.8998143194013
POL,Poland,1990,164.871294962762
QAT,Qatar,2023,1.14400394803619
QAT,Qatar,2022,17.4168361133101
QAT,Qatar,2021,1.43580350369261
QAT,Qatar,2020,3.7860600365632
QAT,Qatar,2019,2.4814433483213
QAT,Qatar,2018,-6.51782057332722
QAT,Qatar,2017,21.2611263498805
QAT,Qatar,2016,-4.57153882214739
QAT,Qatar,2015,3.44390039442949
QAT,Qatar,2014,10.600926847831
QAT,Qatar,2013,19.5935127424614
QAT,Qatar,2012,22.9340087887797
QAT,Qatar,2011,17.0937358668027
QAT,Qatar,2010,23.0768603816153
QAT,Qatar,2009,16.8890305685668
QAT,Qatar,2008,19.689472773007
QAT,Qatar,2007,39.5398034194089
QAT,Qatar,2006,39.6341683819749
QAT,Qatar,2005,42.8576715487474
QAT,Qatar,2004,20.7789579645462
QAT,Qatar,2003,5.52017338370536
QAT,Qatar,2002,8.84691844662189
QAT,Qatar,2001,38.4546478834056
QAT,Qatar,2000,10.6761552139542
QAT,Qatar,1999,11.3533992482782
QAT,Qatar,1998,8.04211832582433
QAT,Qatar,1997,9.86457888203813
QAT,Qatar,1996,5.56185054909647
QAT,Qatar,1995,1.10050600473429
QAT,Qatar,1994,9.05796672390313
QAT,Qatar,1993,12.4015762442606
QAT,Qatar,1992,7.95424500376478
QAT,Qatar,1991,2.35207517227838
QAT,Qatar,1990,-4.57041483069016
ROU,Romania,2023,10.5042570699552
ROU,Romania,2022,6.84221114412418
ROU,Romania,2021,15.814728647084
ROU,Romania,2020,15.3130692590717
ROU,Romania,2019,10.905108739629
ROU,Romania,2018,8.88797985953742
ROU,Romania,2017,11.4076738933702
ROU,Romania,2016,9.74068452525915
ROU,Romania,2015,9.39346661416349
ROU,Romania,2014,8.33017368215694
ROU,Romania,2013,8.80537482390374
ROU,Romania,2012,2.84245222608059
ROU,Romania,2011,6.46701411725749
ROU,Romania,2010,6.81737053267701
ROU,Romania,2009,9.03332207552948
ROU,Romania,2008,17.4937177869345
ROU,Romania,2007,33.8338795224371
ROU,Romania,2006,14.1267416359139
ROU,Romania,2005,20.0428905695894
ROU,Romania,2004,48.4211786467663
ROU,Romania,2003,21.0723332251961
ROU,Romania,2002,46.597095917485
ROU,Romania,2001,18.0222525396628
ROU,Romania,2000,40.8097757749873
ROU,Romania,1999,50.399082875287
ROU,Romania,1998,53.7488459259463
ROU,Romania,1997,113.429675280403
ROU,Romania,1996,69.545192861255
ROU,Romania,1995,69.6181851202503
ROU,Romania,1994,125.446872228094
ROU,Romania,1993,172.166739794017
ROU,Romania,1992,94.6955410689567
ROU,Romania,1991,104.024228731035
ROU,Romania,1990,30.091571564055
RUS,Russian Federation,2020,16.656413911723
RUS,Russian Federation,2019,5.1039386595789
RUS,Russian Federation,2018,12.3191096655941
RUS,Russian Federation,2017,7.41111146041277
RUS,Russian Federation,2016,-0.924467735122182
RUS,Russian Federation,2015,19.7170330182523
RUS,Russian Federation,2014,14.8276498781065
RUS,Russian Federation,2013,16.0313236476773
RUS,Russian Federation,2012,13.0583902913371
RUS,Russian Federation,2011,19.5846469667138
RUS,Russian Federation,2010,24.5103624911795
RUS,Russian Federation,2009,17.3164659422601
RUS,Russian Federation,2008,14.129346966484
RUS,Russian Federation,2007,41.0978788956037
RUS,Russian Federation,2006,40.3887209914881
RUS,Russian Federation,2005,36.1353041567373
RUS,Russian Federation,2004,33.735150491509
RUS,Russian Federation,2003,38.5350352991115
RUS,Russian Federation,2002,33.7560699107806
RWA,Rwanda,2023,24.7623627315429
RWA,Rwanda,2022,22.9141984849566
RWA,Rwanda,2021,18.2715266588691
RWA,Rwanda,2020,21.4279673585105
RWA,Rwanda,2019,10.2097381232914
RWA,Rwanda,2018,18.931607563513
RWA,Rwanda,2017,9.18779716351721
RWA,Rwanda,2016,8.47696815179376
RWA,Rwanda,2015,20.1654811902704
RWA,Rwanda,2014,17.1681093274131
RWA,Rwanda,2013,12.1284804686026
RWA,Rwanda,2012,13.1923723833464
RWA,Rwanda,2011,28.9650957455205
RWA,Rwanda,2010,20.1783464045638
RWA,Rwanda,2009,3.94593636689796
RWA,Rwanda,2008,17.1474641014466
RWA,Rwanda,2007,33.4124217930679
RWA,Rwanda,2006,26.3331142593499
RWA,Rwanda,2005,19.0919326205989
RWA,Rwanda,2004,17.6467335741438
RWA,Rwanda,2003,17.5369295472278
RWA,Rwanda,2002,14.8957963789764
RWA,Rwanda,2001,4.29818981530158
RWA,Rwanda,2000,15.6266947199757
RWA,Rwanda,1999,7.89570853919811
RWA,Rwanda,1998,3.52124310586361
RWA,Rwanda,1997,29.0576122672508
RWA,Rwanda,1996,8.61065597822553
RWA,Rwanda,1995,69.5481230284336
RWA,Rwanda,1994,-3.71769543276015
RWA,Rwanda,1993,2.52212600808057
RWA,Rwanda,1992,12.4401542557637
RWA,Rwanda,1991,5.54157202846549
RWA,Rwanda,1990,5.59340301109034
WSM,Samoa,2023,13.6771953531933
WSM,Samoa,2022,7.33278583124617
WSM,Samoa,2021,1.68986229504192
WSM,Samoa,2020,5.3937475107916
WSM,Samoa,2019,4.64090295627926
WSM,Samoa,2018,8.75890953842547
WSM,Samoa,2017,15.2064476654641
WSM,Samoa,2016,9.15773946267502
WSM,Samoa,2015,6.04369169149612
WSM,Samoa,2014,9.6162520964985
WSM,Samoa,2013,6.39286573842655
WSM,Samoa,2012,-1.64373238608031
WSM,Samoa,2011,-6.13377229888926
WSM,Samoa,2010,6.41355689373419
WSM,Samoa,2009,8.91895722247028
WSM,Samoa,2008,7.37018644719511
WSM,Samoa,2007,11.0068747559325
WSM,Samoa,2006,13.7507489514679
WSM,Samoa,2005,15.6479977062028
WSM,Samoa,2004,8.32103941817429
WSM,Samoa,2003,13.9600047192072
WSM,Samoa,2002,10.2139002665626
WSM,Samoa,2001,6.10147276928914
WSM,Samoa,2000,16.3256299149414
WSM,Samoa,1999,15.726424293077
WSM,Samoa,1998,2.48394004282655
WSM,Samoa,1997,15.1506849315069
WSM,Samoa,1996,6.28385067846951
WSM,Samoa,1995,24.3554461181924
WSM,Samoa,1994,13.8522427440633
WSM,Samoa,1993,1.43860823017732
WSM,Samoa,1992,0.716030662960155
WSM,Samoa,1991,-1.87634319722268
WSM,Samoa,1990,19.2508624938393
STP,Sao Tome and Principe,2023,5.99491602853105
STP,Sao Tome and Principe,2022,9.03651751858256
STP,Sao Tome and Principe,2021,-2.596183598587
STP,Sao Tome and Principe,2020,10.6045738916261
STP,Sao Tome and Principe,2019,-2.07863461805061
STP,Sao Tome and Principe,2018,15.1662284096243
STP,Sao Tome and Principe,2017,-0.21811852737293
STP,Sao Tome and Principe,2016,-4.8130543811865
STP,Sao Tome and Principe,2015,14.3338368260765
STP,Sao Tome and Principe,2014,17.7748407556437
STP,Sao Tome and Principe,2013,17.7784345574003
STP,Sao Tome and Principe,2012,18.1751975616662
STP,Sao Tome and Principe,2011,10.3065220277
STP,Sao Tome and Principe,2010,21.2123783161118
STP,Sao Tome and Principe,2009,8.2096507920431
STP,Sao Tome and Principe,2008,36.8667168199013
STP,Sao Tome and Principe,2007,34.2803481761027
STP,Sao Tome and Principe,2006,31.4512920120145
STP,Sao Tome and Principe,2005,45.3608834150938
STP,Sao Tome and Principe,2004,1.01821335058583
STP,Sao Tome and Principe,2003,53.8254321574316
STP,Sao Tome and Principe,2002,25.3835125745413
STP,Sao Tome and Principe,2001,36.3193633021509
STP,Sao Tome and Principe,2000,24.8784697700852
STP,Sao Tome and Principe,1999,7.71509469043777
STP,Sao Tome and Principe,1998,2.80944866579012
STP,Sao Tome and Principe,1997,116.443855114899
STP,Sao Tome and Principe,1996,84.4751248507283
SAU,Saudi Arabia,2017,0.150853085806096
SAU,Saudi Arabia,2016,0.547707244512804
SAU,Saudi Arabia,2015,2.9048048129634
SAU,Saudi Arabia,2014,11.8232615841061
SAU,Saudi Arabia,2013,8.35198722216788
SAU,Saudi Arabia,2012,16.4894781602796
SAU,Saudi Arabia,2011,13.2604479821531
SAU,Saudi Arabia,2010,5.17233508819135
SAU,Saudi Arabia,2009,10.8102417262156
SAU,Saudi Arabia,2008,17.9596695560637
SAU,Saudi Arabia,2007,20.1413745700629
SAU,Saudi Arabia,2006,20.4083906483268
SAU,Saudi Arabia,2005,13.2410107923811
SAU,Saudi Arabia,2004,17.2519884333968
SAU,Saudi Arabia,2003,8.49234471316397
SAU,Saudi Arabia,2002,15.1983856213513
SAU,Saudi Arabia,2001,5.08729920706328
SAU,Saudi Arabia,2000,4.46595613546796
SAU,Saudi Arabia,1999,6.83395801647577
SAU,Saudi Arabia,1998,3.6310346409727
SAU,Saudi Arabia,1997,5.21044405903486
SAU,Saudi Arabia,1996,7.25699192006134
SAU,Saudi Arabia,1995,3.35659970734372
SAU,Saudi Arabia,1994,2.98556540538992
SAU,Saudi Arabia,1993,3.38083805102641
SAU,Saudi Arabia,1992,2.05469154110366
SAU,Saudi Arabia,1991,14.5539115565604
SAU,Saudi Arabia,1990,4.58205507583167
SEN,Senegal,2023,9.60913886739405
SEN,Senegal,2022,21.5700223985475
SEN,Senegal,2021,15.340598354988
SEN,Senegal,2020,12.3385377863321
SEN,Senegal,2019,8.21945167396854
SEN,Senegal,2018,14.1495563288901
SEN,Senegal,2017,9.25314677556318
SEN,Senegal,2016,13.7243424704127
SEN,Senegal,2015,19.5699172201517
SEN,Senegal,2014,11.1197376163942
SEN,Senegal,2013,8.03914198604378
SEN,Senegal,2012,6.19571965579916
SEN,Senegal,2011,7.49801698755946
SEN,Senegal,2010,11.4210651001441
SEN,Senegal,2009,13.2107907989499
SEN,Senegal,2008,9.42986198618059
SEN,Senegal,2007,12.9298719233339
SEN,Senegal,2006,12.2536256000655
SEN,Senegal,2005,9.3228473607167
SEN,Senegal,2004,14.7780240033205
SEN,Senegal,2003,33.0422454744276
SEN,Senegal,2002,7.29912277397109
SEN,Senegal,2001,-8.62279339894998
SEN,Senegal,2000,10.8194004067079
SEN,Senegal,1999,13.1382154175038
SEN,Senegal,1998,8.48702839871998
SEN,Senegal,1997,3.73296670878635
SEN,Senegal,1996,11.6928623600178
SEN,Senegal,1995,7.4237785803541
SEN,Senegal,1994,38.688771961
SEN,Senegal,1993,-12.5808345434378
SEN,Senegal,1992,3.59087104994766
SEN,Senegal,1991,5.81739537757756
SEN,Senegal,1990,-4.81405538291405
SRB,Serbia,2023,12.6586446049278
SRB,Serbia,2022,6.85871887093123
SRB,Serbia,2021,13.2933558898644
SRB,Serbia,2020,18.1050223040969
SRB,Serbia,2019,8.35399044069606
SRB,Serbia,2018,14.5215780271712
SRB,Serbia,2017,3.56721963198315
SRB,Serbia,2016,11.5533073898659
SRB,Serbia,2015,6.56415473144976
SRB,Serbia,2014,7.64805533239586
SRB,Serbia,2013,4.57290910321263
SRB,Serbia,2012,9.42120465675493
SRB,Serbia,2011,10.263800832554
SRB,Serbia,2010,12.8741727457438
SRB,Serbia,2009,21.5108465990566
SRB,Serbia,2008,9.667209135315
SRB,Serbia,2007,42.1093522110571
SRB,Serbia,2006,38.688626516691
SRB,Serbia,2005,42.1675030026951
SRB,Serbia,2004,31.9330014542694
SRB,Serbia,2003,27.8685929254402
SRB,Serbia,2002,52.7600408658451
SRB,Serbia,2001,92.6085352355184
SRB,Serbia,2000,160.807505713484
SRB,Serbia,1999,25.6980143130733
SRB,Serbia,1998,32.9714515480499
SYC,Seychelles,2023,5.72811011607558
SYC,Seychelles,2022,0.604964445976114
SYC,Seychelles,2021,-5.09283346219056
SYC,Seychelles,2020,27.2142827863356
SYC,Seychelles,2019,13.6916730148656
SYC,Seychelles,2018,7.72153148876857
SYC,Seychelles,2017,16.4126131581834
SYC,Seychelles,2016,12.1195366490381
SYC,Seychelles,2015,2.93506001838516
SYC,Seychelles,2014,26.6076364835963
SYC,Seychelles,2013,25.8484567837517
SYC,Seychelles,2012,-2.28903014373419
SYC,Seychelles,2011,4.406613595964
SYC,Seychelles,2010,13.6569335890974
SYC,Seychelles,2009,7.82803682661956
SYC,Seychelles,2008,27.9887409658861
SYC,Seychelles,2007,-7.97281957229179
SYC,Seychelles,2006,3.03038113519774
SYC,Seychelles,2005,1.6513875682657
SYC,Seychelles,2004,13.9868646844602
SYC,Seychelles,2003,5.35786994130142
SYC,Seychelles,2002,10.3444942448628
SYC,Seychelles,2001,12.6063330009963
SYC,Seychelles,2000,4.64572902269395
SYC,Seychelles,1999,18.7995103004856
SYC,Seychelles,1998,15.7952735476485
SYC,Seychelles,1997,16.2265003980605
SYC,Seychelles,1996,14.2997219736819
SYC,Seychelles,1995,14.3945458245709
SYC,Seychelles,1994,18.7832393231265
SYC,Seychelles,1993,23.728813559322
SYC,Seychelles,1992,14.5631067961165
SYC,Seychelles,1991,11.7136659436009
SYC,Seychelles,1990,13.5797101449275
SLE,Sierra Leone,2023,32.8257328479183
SLE,Sierra Leone,2022,41.7442087119149
SLE,Sierra Leone,2021,22.0520191857773
SLE,Sierra Leone,2020,38.1799410598493
SLE,Sierra Leone,2019,14.3092552002694
SLE,Sierra Leone,2018,14.4511240417433
SLE,Sierra Leone,2017,6.99097513633881
SLE,Sierra Leone,2016,17.8618977062947
SLE,Sierra Leone,2015,-99.8882433538181
SLE,Sierra Leone,2014,23.9154529091602
SLE,Sierra Leone,2013,10.6763160454565
SLE,Sierra Leone,2012,21.9846904360639
SLE,Sierra Leone,2011,29.6279922054001
SLE,Sierra Leone,2010,24.1548933658202
SLE,Sierra Leone,2009,34.5296252888743
SLE,Sierra Leone,2008,26.5389963138042
SLE,Sierra Leone,2007,17.1093317221701
SLE,Sierra Leone,2006,21.6605478219259
SLE,Sierra Leone,2005,31.1454254009252
SLE,Sierra Leone,2004,20.1513319496239
SLE,Sierra Leone,2003,22.0225903205549
SLE,Sierra Leone,2002,29.0886075659396
SLE,Sierra Leone,2001,131118.959315151
SLE,Sierra Leone,2000,12.0758085231889
SLE,Sierra Leone,1999,37.7996807093934
SLE,Sierra Leone,1998,11.2658442829876
SLE,Sierra Leone,1997,47.1386138462005
SLE,Sierra Leone,1996,29.6479534577533
SLE,Sierra Leone,1995,19.6147186069182
SLE,Sierra Leone,1994,8.80834907542381
SLE,Sierra Leone,1993,21.9225023007876
SLE,Sierra Leone,1992,33.2383575884569
SLE,Sierra Leone,1991,76.2132890033556
SLE,Sierra Leone,1990,73.9987539354546
SGP,Singapore,2020,13.1910292122895
SGP,Singapore,2019,4.95135060515991
SGP,Singapore,2018,3.90187887013683
SGP,Singapore,2017,3.19855609797754
SGP,Singapore,2016,8.0439173974027
SGP,Singapore,2015,1.5239908444241
SGP,Singapore,2014,3.3317228215038
SGP,Singapore,2013,4.31565677441557
SGP,Singapore,2012,7.22530738682461
SGP,Singapore,2011,9.98812939333385
SGP,Singapore,2010,8.59032053414725
SGP,Singapore,2009,11.3368089297754
SGP,Singapore,2008,12.0486895854093
SGP,Singapore,2007,13.4119145617806
SGP,Singapore,2006,19.3688281258886
SGP,Singapore,2005,6.1936534317657
SGP,Singapore,2004,6.2360518281729
SGP,Singapore,2003,8.05292934379615
SGP,Singapore,2002,-0.332045392987635
SGP,Singapore,2001,5.8578801390303
SGP,Singapore,2000,-2.04958905051756
SGP,Singapore,1999,8.5145288088367
SGP,Singapore,1998,30.2485337480963
SGP,Singapore,1997,10.2660985609776
SGP,Singapore,1996,9.79032637690256
SGP,Singapore,1995,8.49968078314535
SGP,Singapore,1994,14.4283453062218
SGP,Singapore,1993,8.45394041833932
SGP,Singapore,1992,8.89534382100026
SGP,Singapore,1991,12.4456302045436
SGP,Singapore,1990,19.9802118496101
SLB,Solomon Islands,2023,6.1280498210946
SLB,Solomon Islands,2022,5.26420081408543
SLB,Solomon Islands,2021,1.94180166520135
SLB,Solomon Islands,2020,6.61389325997636
SLB,Solomon Islands,2019,-3.06402553766335
SLB,Solomon Islands,2018,6.82719004061328
SLB,Solomon Islands,2017,3.49780238355247
SLB,Solomon Islands,2016,13.4395940037596
SLB,Solomon Islands,2015,15.0106462155386
SLB,Solomon Islands,2014,5.55985960602908
SLB,Solomon Islands,2013,12.3863239762165
SLB,Solomon Islands,2012,17.3866496624392
SLB,Solomon Islands,2011,25.8015120512659
SLB,Solomon Islands,2010,13.3207467437694
SLB,Solomon Islands,2009,16.8195284282823
SLB,Solomon Islands,2008,8.00531041459285
SLB,Solomon Islands,2007,21.7002750337292
SLB,Solomon Islands,2006,26.4236259834331
SLB,Solomon Islands,2005,46.1181934366404
SLB,Solomon Islands,2004,17.7298972132472
SLB,Solomon Islands,2003,23.8157954259986
SLB,Solomon Islands,2002,6.36989299213034
SLB,Solomon Islands,2001,-10.136126858071
SLB,Solomon Islands,2000,0.562437068379724
SLB,Solomon Islands,1999,6.97068993945699
SLB,Solomon Islands,1998,2.54088152157606
SLB,Solomon Islands,1997,6.67999532565454
SLB,Solomon Islands,1996,15.3129348351471
SLB,Solomon Islands,1995,9.21058945852995
SLB,Solomon Islands,1994,25.1260968423749
SLB,Solomon Islands,1993,15.6336502587556
SLB,Solomon Islands,1992,24.4722286241069
SLB,Solomon Islands,1991,23.8749830489119
SLB,Solomon Islands,1990,9.81964399087638
ZAF,South Africa,2023,7.59374277685431
ZAF,South Africa,2022,8.63772594295266
ZAF,South Africa,2021,5.70998519867421
ZAF,South Africa,2020,9.42732646118054
ZAF,South Africa,2019,6.11024523226612
ZAF,South Africa,2018,5.59961566272095
ZAF,South Africa,2017,6.42553637795089
ZAF,South Africa,2016,6.0794489265993
ZAF,South Africa,2015,10.3236455754922
ZAF,South Africa,2014,7.27948797272016
ZAF,South Africa,2013,5.91659072840692
ZAF,South Africa,2012,5.17173025655565
ZAF,South Africa,2011,8.34128453392681
ZAF,South Africa,2010,6.93402988299978
ZAF,South Africa,2009,1.76108595452723
ZAF,South Africa,2008,14.7382134965665
ZAF,South Africa,2007,23.9311377038079
ZAF,South Africa,2006,22.6230098902238
ZAF,South Africa,2005,20.6974499044266
ZAF,South Africa,2004,13.1529978250787
ZAF,South Africa,2003,13.3506016752208
ZAF,South Africa,2002,18.2861907179626
ZAF,South Africa,2001,20.1898763195526
ZAF,South Africa,2000,7.2150569801568
ZAF,South Africa,1999,10.9072517477965
ZAF,South Africa,1998,13.6529503084555
ZAF,South Africa,1997,17.813208209646
ZAF,South Africa,1996,14.2789399770195
ZAF,South Africa,1995,16.0313711547903
ZAF,South Africa,1994,18.316029210941
ZAF,South Africa,1993,6.30978492333901
ZAF,South Africa,1992,2.86121074391479
ZAF,South Africa,1991,17.1112327445867
ZAF,South Africa,1990,11.8541812895805
SSD,South Sudan,2023,63.3956882552959
SSD,South Sudan,2022,90.8329253986324
SSD,South Sudan,2021,55.2829568110752
SSD,South Sudan,2020,56.5035011024353
SSD,South Sudan,2019,26.8203482331384
SSD,South Sudan,2018,51.3220598257541
SSD,South Sudan,2017,67.5936984647717
SSD,South Sudan,2016,142.700937030965
SSD,South Sudan,2015,116.557281296462
SSD,South Sudan,2014,21.7446819045021
SSD,South Sudan,2013,-1.56937674793811
SSD,South Sudan,2012,33.8544480976193
LKA,Sri Lanka,2019,8.32354431836197
LKA,Sri Lanka,2018,11.4104489361823
LKA,Sri Lanka,2017,17.4045049056201
LKA,Sri Lanka,2016,16.1861322324137
LKA,Sri Lanka,2015,17.0348928652722
LKA,Sri Lanka,2014,14.506698090753
LKA,Sri Lanka,2013,16.2285338754895
LKA,Sri Lanka,2012,17.6277361444479
LKA,Sri Lanka,2011,49.9832185268453
LKA,Sri Lanka,2010,15.7935506395363
LKA,Sri Lanka,2009,18.6100619614446
LKA,Sri Lanka,2008,8.45751130560778
LKA,Sri Lanka,2007,16.5601342075629
LKA,Sri Lanka,2006,17.830628514143
LKA,Sri Lanka,2005,19.0568024360981
LKA,Sri Lanka,2004,19.6148133698525
LKA,Sri Lanka,2003,15.318795004552
LKA,Sri Lanka,2002,13.3575243836281
LKA,Sri Lanka,2001,13.5921372119646
LKA,Sri Lanka,2000,12.864804036244
LKA,Sri Lanka,1999,13.3895676165501
LKA,Sri Lanka,1998,13.2086345683031
LKA,Sri Lanka,1997,15.5937224910352
LKA,Sri Lanka,1996,11.2604103349616
LKA,Sri Lanka,1995,35.8322124762185
LKA,Sri Lanka,1994,19.6672925694495
LKA,Sri Lanka,1993,23.3064272567731
LKA,Sri Lanka,1992,16.8034061463075
LKA,Sri Lanka,1991,21.8717139282149
LKA,Sri Lanka,1990,19.8699034108183
KNA,St. Kitts and Nevis,2023,-1.85401968785128
KNA,St. Kitts and Nevis,2022,3.73967844766491
KNA,St. Kitts and Nevis,2021,8.86009200757073
KNA,St. Kitts and Nevis,2020,-8.12324956754765
KNA,St. Kitts and Nevis,2019,-15.1175872982392
KNA,St. Kitts and Nevis,2018,-2.57396168531748
KNA,St. Kitts and Nevis,2017,-2.46606256199916
KNA,St. Kitts and Nevis,2016,-0.439056633860097
KNA,St. Kitts and Nevis,2015,4.85679116978138
KNA,St. Kitts and Nevis,2014,10.6916567658012
KNA,St. Kitts and Nevis,2013,11.0358533067774
KNA,St. Kitts and Nevis,2012,11.9737601465883
KNA,St. Kitts and Nevis,2011,9.66290072614756
KNA,St. Kitts and Nevis,2010,6.41492283315476
KNA,St. Kitts and Nevis,2009,4.87086708437345
KNA,St. Kitts and Nevis,2008,0.232705450301432
KNA,St. Kitts and Nevis,2007,11.1855336631594
KNA,St. Kitts and Nevis,2006,14.511875273236
KNA,St. Kitts and Nevis,2005,6.8196375591817
KNA,St. Kitts and Nevis,2004,16.4150650631904
KNA,St. Kitts and Nevis,2003,9.53825866290841
KNA,St. Kitts and Nevis,2002,5.491847973826
KNA,St. Kitts and Nevis,2001,4.96626437370586
KNA,St. Kitts and Nevis,2000,24.0992895245656
KNA,St. Kitts and Nevis,1999,6.47737902643794
KNA,St. Kitts and Nevis,1998,11.9505439752834
KNA,St. Kitts and Nevis,1997,11.4193254009676
KNA,St. Kitts and Nevis,1996,5.18136254540773
KNA,St. Kitts and Nevis,1995,16.6243209171781
KNA,St. Kitts and Nevis,1994,6.4895691870649
KNA,St. Kitts and Nevis,1993,10.397007547811
KNA,St. Kitts and Nevis,1992,17.2519981134883
KNA,St. Kitts and Nevis,1991,7.38769629112025
KNA,St. Kitts and Nevis,1990,10.1247927080972
LCA,St. Lucia,2023,10.9785206418603
LCA,St. Lucia,2022,4.05488797374227
LCA,St. Lucia,2021,14.8643979502173
LCA,St. Lucia,2020,-12.6896668720706
LCA,St. Lucia,2019,-8.34166713472733
LCA,St. Lucia,2018,4.9599612564093
LCA,St. Lucia,2017,2.87487061975214
LCA,St. Lucia,2016,1.0031891065554
LCA,St. Lucia,2015,5.4182008042381
LCA,St. Lucia,2014,2.83147651290813
LCA,St. Lucia,2013,2.9904244517038
LCA,St. Lucia,2012,3.27920416149163
LCA,St. Lucia,2011,3.20269499345791
LCA,St. Lucia,2010,1.82117740299474
LCA,St. Lucia,2009,3.02783476907028
LCA,St. Lucia,2008,7.68913360915921
LCA,St. Lucia,2007,6.94511988840499
LCA,St. Lucia,2006,17.4318904126077
LCA,St. Lucia,2005,12.4562231255758
LCA,St. Lucia,2004,7.99059992409862
LCA,St. Lucia,2003,10.7118692405485
LCA,St. Lucia,2002,1.33663109104814
LCA,St. Lucia,2001,4.48039208270123
LCA,St. Lucia,2000,6.14704796155995
LCA,St. Lucia,1999,8.16089495881408
LCA,St. Lucia,1998,11.5585080674273
LCA,St. Lucia,1997,4.19447656933983
LCA,St. Lucia,1996,4.91230005180994
LCA,St. Lucia,1995,10.7672359155177
LCA,St. Lucia,1994,6.5001139525904
LCA,St. Lucia,1993,6.08693400318525
LCA,St. Lucia,1992,2.81601843458518
LCA,St. Lucia,1991,7.94519867895738
LCA,St. Lucia,1990,11.7551902356411
VCT,St. Vincent and the Grenadines,2023,3.76903777383117
VCT,St. Vincent and the Grenadines,2022,0.181967367186715
VCT,St. Vincent and the Grenadines,2021,12.7816112543839
VCT,St. Vincent and the Grenadines,2020,-6.55817326811951
VCT,St. Vincent and the Grenadines,2019,5.40132286471166
VCT,St. Vincent and the Grenadines,2018,1.23902874364482
VCT,St. Vincent and the Grenadines,2017,1.39519433063891
VCT,St. Vincent and the Grenadines,2016,1.88013018455346
VCT,St. Vincent and the Grenadines,2015,4.16531298826489
VCT,St. Vincent and the Grenadines,2014,8.69932424744889
VCT,St. Vincent and the Grenadines,2013,6.74603670807137
VCT,St. Vincent and the Grenadines,2012,4.891295502403
VCT,St. Vincent and the Grenadines,2011,2.16135392057332
VCT,St. Vincent and the Grenadines,2010,2.6761409663523
VCT,St. Vincent and the Grenadines,2009,-2.01246338225682
VCT,St. Vincent and the Grenadines,2008,4.07164325351839
VCT,St. Vincent and the Grenadines,2007,7.9756937058975
VCT,St. Vincent and the Grenadines,2006,4.76226782571852
VCT,St. Vincent and the Grenadines,2005,3.99295935650058
VCT,St. Vincent and the Grenadines,2004,4.72732316682946
VCT,St. Vincent and the Grenadines,2003,2.25651489042948
VCT,St. Vincent and the Grenadines,2002,4.55322207837728
VCT,St. Vincent and the Grenadines,2001,5.02290949544638
VCT,St. Vincent and the Grenadines,2000,4.75753761414314
VCT,St. Vincent and the Grenadines,1999,12.8868305753119
VCT,St. Vincent and the Grenadines,1998,13.138292620965
VCT,St. Vincent and the Grenadines,1997,12.0649863145377
VCT,St. Vincent and the Grenadines,1996,6.79714682695399
VCT,St. Vincent and the Grenadines,1995,5.82048589045053
VCT,St. Vincent and the Grenadines,1994,6.76608090115154
VCT,St. Vincent and the Grenadines,1993,9.54831945010776
VCT,St. Vincent and the Grenadines,1992,7.816389950284
VCT,St. Vincent and the Grenadines,1991,1.4661911911274
VCT,St. Vincent and the Grenadines,1990,13.4605095338769
SDN,Sudan,2020,87.9913831302034
SDN,Sudan,2019,60.0789296283337
SDN,Sudan,2018,111.826326805131
SDN,Sudan,2017,68.7846305867026
SDN,Sudan,2016,28.2588878696591
SDN,Sudan,2015,20.8769390792482
SDN,Sudan,2014,16.990136238177
SDN,Sudan,2013,13.0735854393737
SDN,Sudan,2012,39.140602726195
SDN,Sudan,2011,17.7200945120186
SDN,Sudan,2010,26.272516302831
SDN,Sudan,2009,23.7870987633119
SDN,Sudan,2008,16.3416629733584
SDN,Sudan,2007,10.7682797693837
SDN,Sudan,2006,32.1888104507858
SDN,Sudan,2005,43.4173771363269
SDN,Sudan,2004,30.1653053290674
SDN,Sudan,2003,28.1598280605037
SDN,Sudan,2002,30.4327358776433
SDN,Sudan,2001,24.5146225557476
SDN,Sudan,2000,36.8580141883169
SDN,Sudan,1999,23.4667611610527
SDN,Sudan,1998,29.9305958848977
SDN,Sudan,1997,38.0038979880788
SDN,Sudan,1996,65.6174866868252
SDN,Sudan,1995,72.6803614790597
SDN,Sudan,1994,51.1755370401859
SDN,Sudan,1993,103.919740481896
SDN,Sudan,1992,139.788405149079
SDN,Sudan,1991,67.5498882429061
SDN,Sudan,1990,48.7518132209712
SUR,Suriname,2023,19.6155013570744
SUR,Suriname,2022,46.8548557834865
SUR,Suriname,2021,43.9068241723904
SUR,Suriname,2020,62.0542995477968
SUR,Suriname,2019,5.69446377485855
SUR,Suriname,2018,9.06456035757818
SUR,Suriname,2017,8.69518164223845
SUR,Suriname,2016,52.2075463658633
SUR,Suriname,2015,11.7544950140815
SUR,Suriname,2014,5.45082424642804
SUR,Suriname,2013,11.0677321140968
SUR,Suriname,2012,21.1390435174354
SUR,Suriname,2011,21.4559721530218
SUR,Suriname,2010,10.67944305701
SUR,Suriname,2009,14.8879244882069
SUR,Suriname,2008,20.8684981710095
SUR,Suriname,2007,28.7855492680333
SUR,Suriname,2006,27.1408489660771
SUR,Suriname,2005,11.1401740304065
SUR,Suriname,2004,32.4135086848898
SUR,Suriname,2003,19.8709159941271
SUR,Suriname,2002,116.751601255684
SUR,Suriname,2001,28.1621941329841
SUR,Suriname,2000,80.5482245574555
SUR,Suriname,1999,37.8468674743327
SUR,Suriname,1998,38.0170587857744
SUR,Suriname,1997,19.0479624691556
SUR,Suriname,1996,38.5492673610452
SUR,Suriname,1995,181.699299132101
SUR,Suriname,1994,205.560297431766
SUR,Suriname,1993,65.9737016618512
SUR,Suriname,1992,19.4693360332102
SUR,Suriname,1991,23.6955029867047
SUR,Suriname,1990,4.23024041592679
SWE,Sweden,2023,-1.2815143580151
SWE,Sweden,2022,2.87099561636584
SWE,Sweden,2021,10.4475315520707
SWE,Sweden,2020,18.1336662046918
SWE,Sweden,2019,7.05650936347593
SWE,Sweden,2018,3.81822692075168
SWE,Sweden,2017,10.0639182390636
SWE,Sweden,2016,8.84685293256139
SWE,Sweden,2015,6.64832835273634
SWE,Sweden,2014,4.1774057955312
SWE,Sweden,2013,3.81599354340264
SWE,Sweden,2012,3.36892606915059
SWE,Sweden,2011,6.64863971977526
SWE,Sweden,2010,3.50297512121341
SWE,Sweden,2009,0.505098058416057
SWE,Sweden,2008,2.71906858795869
SWE,Sweden,2007,18.5897781453118
SWE,Sweden,2006,15.0215300021636
SWE,Sweden,2005,16.4819325245292
SWE,Sweden,2004,3.36975669575135
SWE,Sweden,2003,4.41188177928152
SWE,Sweden,2002,8.25757092878259
SWE,Sweden,2001,22.4286821236818
SWE,Sweden,2000,1.92048536391652
SWE,Sweden,1999,8.5140703823011
SWE,Sweden,1998,-0.436546982355369
SWE,Sweden,1997,1.12326959816615
SWE,Sweden,1996,8.86316277532922
SWE,Sweden,1995,3.09141280325912
SWE,Sweden,1994,0.694858407385637
SWE,Sweden,1993,4.16726696441435
SWE,Sweden,1992,3.27731767632731
SWE,Sweden,1991,4.15408147609757
SWE,Sweden,1990,0.774311233135148
CHE,Switzerland,2016,3.30738697507558
CHE,Switzerland,2015,0.0794145151533264
CHE,Switzerland,2014,4.5699547970414
CHE,Switzerland,2013,4.07568743554397
CHE,Switzerland,2012,13.0049811619879
CHE,Switzerland,2011,11.2288814640572
CHE,Switzerland,2010,5.501184989208
CHE,Switzerland,2009,7.6057570610455
CHE,Switzerland,2008,4.01897023809639
CHE,Switzerland,2007,3.32901707682785
CHE,Switzerland,2006,4.60606762087496
CHE,Switzerland,2005,6.88769804723943
CHE,Switzerland,2004,2.85023318029875
CHE,Switzerland,2003,8.35913016889283
CHE,Switzerland,2002,5.7321146989266
CHE,Switzerland,2001,3.91325899092265
CHE,Switzerland,2000,-16.930526803309
CHE,Switzerland,1999,13.2799202208374
CHE,Switzerland,1998,5.09823674734555
CHE,Switzerland,1997,6.62420625516005
CHE,Switzerland,1996,9.56671608598962
CHE,Switzerland,1995,4.6060794044665
CHE,Switzerland,1994,4.15613538321203
CHE,Switzerland,1993,8.89797734439469
CHE,Switzerland,1992,2.5969648553821
CHE,Switzerland,1991,2.33105107780219
CHE,Switzerland,1990,0.834714025550794
SYR,Syrian Arab Republic,2011,-7.80988123117233
SYR,Syrian Arab Republic,2010,13.4708842266029
SYR,Syrian Arab Republic,2009,8.61351547042452
SYR,Syrian Arab Republic,2008,25.1818028892002
SYR,Syrian Arab Republic,2007,12.433260176008
SYR,Syrian Arab Republic,2006,7.2850609647017
SYR,Syrian Arab Republic,2005,11.3761123265003
SYR,Syrian Arab Republic,2004,10.7232350490634
SYR,Syrian Arab Republic,2003,7.80853949909266
SYR,Syrian Arab Republic,2002,18.5107981571375
SYR,Syrian Arab Republic,2001,23.536479315669
SYR,Syrian Arab Republic,2000,18.960029202178
SYR,Syrian Arab Republic,1999,13.4354962546861
SYR,Syrian Arab Republic,1998,10.5053462116302
SYR,Syrian Arab Republic,1997,8.23406918557856
SYR,Syrian Arab Republic,1996,10.1970782160976
SYR,Syrian Arab Republic,1995,9.16345300379851
SYR,Syrian Arab Republic,1994,12.2324504345916
SYR,Syrian Arab Republic,1993,30.3288062145529
SYR,Syrian Arab Republic,1992,19.4436685344693
SYR,Syrian Arab Republic,1991,13.1781033783807
SYR,Syrian Arab Republic,1990,26.1244268301905
TJK,Tajikistan,2023,50.6446808716
TJK,Tajikistan,2022,-7.56058170780226
TJK,Tajikistan,2021,8.17895855197134
TJK,Tajikistan,2020,18.4979035405517
TJK,Tajikistan,2019,16.9444551811162
TJK,Tajikistan,2018,5.14485182096075
TJK,Tajikistan,2017,21.8381135579434
TJK,Tajikistan,2016,37.058918164236
TJK,Tajikistan,2015,18.6724630938473
TJK,Tajikistan,2014,7.06705690690538
TJK,Tajikistan,2013,19.7269426578231
TJK,Tajikistan,2012,19.5501759797688
TJK,Tajikistan,2011,33.0743178818493
TJK,Tajikistan,2010,18.5893090335655
TJK,Tajikistan,2009,40.7387954141315
TJK,Tajikistan,2008,-2.06009106419086
TJK,Tajikistan,2007,80.2223608282765
TJK,Tajikistan,2006,45.354624555413
TJK,Tajikistan,2005,59.6903739649905
TJK,Tajikistan,2004,41.6976435970299
TJK,Tajikistan,2003,56.9918079601715
TJK,Tajikistan,2002,45.3396384162227
TJK,Tajikistan,2001,36.5847809616261
TJK,Tajikistan,2000,63.2608725364573
TJK,Tajikistan,1999,24.5902250058295
TZA,Tanzania,2023,14.0553470430988
TZA,Tanzania,2022,11.6383030690923
TZA,Tanzania,2021,15.499292263209
TZA,Tanzania,2020,5.67729156224582
TZA,Tanzania,2019,9.6412099544991
TZA,Tanzania,2018,4.48779672013
TZA,Tanzania,2017,8.02722779326997
TZA,Tanzania,2016,3.44806721990586
TZA,Tanzania,2015,18.8091511371336
TZA,Tanzania,2014,15.5672628833781
TZA,Tanzania,2013,9.965542218655
TZA,Tanzania,2012,12.4855443255808
TZA,Tanzania,2011,18.2395320637285
TZA,Tanzania,2010,25.4269236910024
TZA,Tanzania,2009,17.7155570238218
TZA,Tanzania,2008,19.8469166797341
TZA,Tanzania,2007,20.508125533713
TZA,Tanzania,2006,21.4958760114288
TZA,Tanzania,2005,34.781864960487
TZA,Tanzania,2004,13.4928681607951
TZA,Tanzania,2003,17.9687421523589
TZA,Tanzania,2002,25.5562503860946
TZA,Tanzania,2001,34.2292679616146
TZA,Tanzania,2000,14.797068901793
TZA,Tanzania,1999,18.5539404703481
TZA,Tanzania,1998,10.7775149422535
TZA,Tanzania,1997,12.8513102924421
TZA,Tanzania,1996,8.40466874723709
TZA,Tanzania,1995,33.0078097781122
TZA,Tanzania,1994,35.346730047451
TZA,Tanzania,1993,39.2220068095596
TZA,Tanzania,1992,40.5905991012085
TZA,Tanzania,1991,30.0783218310953
TZA,Tanzania,1990,41.863512353537
THA,Thailand,2023,1.95048091318844
THA,Thailand,2022,3.87577190401605
THA,Thailand,2021,4.80510932600993
THA,Thailand,2020,10.159916138524
THA,Thailand,2019,3.63689698519263
THA,Thailand,2018,4.66754763850258
THA,Thailand,2017,5.01277099942724
THA,Thailand,2016,4.22178650304791
THA,Thailand,2015,4.43563648660048
THA,Thailand,2014,4.64784956646177
THA,Thailand,2013,7.32085031482377
THA,Thailand,2012,10.3754478189973
THA,Thailand,2011,15.1209680158006
THA,Thailand,2010,10.9429050955698
THA,Thailand,2009,6.76441683206241
THA,Thailand,2008,9.16478327823315
THA,Thailand,2007,6.25297359488566
THA,Thailand,2006,8.15519670247754
THA,Thailand,2005,6.09647929371457
THA,Thailand,2004,5.79279814667161
THA,Thailand,2003,6.24564193777105
THA,Thailand,2002,1.30589499894612
THA,Thailand,2001,16.3771980273823
THA,Thailand,2000,4.90795143092956
THA,Thailand,1999,3.79912281611537
THA,Thailand,1998,10.0696133843312
THA,Thailand,1997,19.5505422821044
THA,Thailand,1996,10.620175603965
THA,Thailand,1995,17.7427316710277
THA,Thailand,1994,10.6860962987035
THA,Thailand,1993,18.9909564645932
THA,Thailand,1992,15.5136756624884
THA,Thailand,1991,19.3955051933368
THA,Thailand,1990,25.5190553318751
TLS,Timor-Leste,2023,2.70907339795558
TLS,Timor-Leste,2022,8.60509618570337
TLS,Timor-Leste,2021,28.2876980986845
TLS,Timor-Leste,2020,10.613656234832
TLS,Timor-Leste,2019,-7.10863145315821
TLS,Timor-Leste,2018,3.12197197823297
TLS,Timor-Leste,2017,12.1298090418298
TLS,Timor-Leste,2016,14.2654140843731
TLS,Timor-Leste,2015,7.07464549393858
TLS,Timor-Leste,2014,19.9273934552137
TLS,Timor-Leste,2013,22.9040421702917
TLS,Timor-Leste,2012,26.2135369870948
TLS,Timor-Leste,2011,9.28809096544817
TLS,Timor-Leste,2010,9.93819100409719
TLS,Timor-Leste,2009,39.291017979964
TLS,Timor-Leste,2008,34.0563047630627
TLS,Timor-Leste,2007,43.8669187305579
TLS,Timor-Leste,2006,28.1616853223819
TLS,Timor-Leste,2005,18.2981987751827
TLS,Timor-Leste,2004,6.91538074346327
TLS,Timor-Leste,2003,41.1078939755812
TGO,Togo,2023,6.67641434676608
TGO,Togo,2022,15.3624655849792
TGO,Togo,2021,12.2797760765898
TGO,Togo,2020,11.5850928864143
TGO,Togo,2019,4.53167858210492
TGO,Togo,2018,9.33494749776415
TGO,Togo,2017,9.95699570871958
TGO,Togo,2016,12.3877282908383
TGO,Togo,2015,20.7785475642935
TGO,Togo,2014,3.62229387815256
TGO,Togo,2013,16.9426411309444
TGO,Togo,2012,10.1293720826652
TGO,Togo,2011,17.2726328215895
TGO,Togo,2010,14.7367829003732
TGO,Togo,2009,14.4024814725102
TGO,Togo,2008,24.8819450245735
TGO,Togo,2007,10.6044386416701
TGO,Togo,2006,23.8808491886964
TGO,Togo,2005,2.60286969395756
TGO,Togo,2004,18.6763377363183
TGO,Togo,2003,13.2657106909014
TGO,Togo,2002,-2.68468350325594
TGO,Togo,2001,-9.06390585394999
TGO,Togo,2000,15.3683736657952
TGO,Togo,1999,8.37978598391963
TGO,Togo,1998,0.0652647765594907
TGO,Togo,1997,5.26232846562475
TGO,Togo,1996,-6.34970425479864
TGO,Togo,1995,22.2742526882181
TGO,Togo,1994,44.2897152293973
TGO,Togo,1993,-16.1872669704681
TGO,Togo,1992,-18.002944411048
TGO,Togo,1991,3.14203539075546
TGO,Togo,1990,9.53184374004187
TON,Tonga,2023,1.99100324919598
TON,Tonga,2022,3.60913122262904
TON,Tonga,2021,16.1189729727304
TON,Tonga,2020,17.4805288891808
TON,Tonga,2019,-0.499911817315999
TON,Tonga,2018,7.97049605324082
TON,Tonga,2017,9.45394447279798
TON,Tonga,2016,13.761923226317
TON,Tonga,2015,16.187026969414
TON,Tonga,2014,8.89314645086223
TON,Tonga,2013,3.12970618809935
TON,Tonga,2012,12.7392051032482
TON,Tonga,2011,-1.54203665693273
TON,Tonga,2010,6.34391988267678
TON,Tonga,2009,-2.40234361467858
TON,Tonga,2008,3.46709197427115
TON,Tonga,2007,12.034401350532
TON,Tonga,2006,6.75288422309082
TON,Tonga,2005,22.1429557257892
TON,Tonga,2004,13.8822301199618
TON,Tonga,2003,14.4755460008672
TON,Tonga,2002,8.33342231115982
TON,Tonga,2001,14.4125292098398
TON,Tonga,2000,18.5933819734419
TON,Tonga,1999,12.0422738332001
TON,Tonga,1998,14.8270626734189
TON,Tonga,1997,7.01027907967618
TON,Tonga,1996,4.93782311024172
TON,Tonga,1995,4.42687054978405
TON,Tonga,1994,4.48675925784764
TON,Tonga,1993,24.7370923267091
TON,Tonga,1992,-4.72523689598319
TON,Tonga,1991,12.0943173971323
TON,Tonga,1990,20.6932052161977
TTO,Trinidad and Tobago,2023,1.39534471683338
TTO,Trinidad and Tobago,2022,1.86699431028493
TTO,Trinidad and Tobago,2021,1.67773922794864
TTO,Trinidad and Tobago,2020,7.12486920321094
TTO,Trinidad and Tobago,2019,2.8831569668164
TTO,Trinidad and Tobago,2018,1.17346972008107
TTO,Trinidad and Tobago,2017,-0.360456789140669
TTO,Trinidad and Tobago,2016,2.7896000024118
TTO,Trinidad and Tobago,2015,1.13282755417916
TTO,Trinidad and Tobago,2014,7.19501492154754
TTO,Trinidad and Tobago,2013,3.20741842881653
TTO,Trinidad and Tobago,2012,20.8324283036385
TTO,Trinidad and Tobago,2011,0.78943236096994
TTO,Trinidad and Tobago,2010,1.01720238927913
TTO,Trinidad and Tobago,2009,17.2534607845297
TTO,Trinidad and Tobago,2008,16.4377688029942
TTO,Trinidad and Tobago,2007,11.6073869982177
TTO,Trinidad and Tobago,2006,19.7343099932187
TTO,Trinidad and Tobago,2005,26.6917626063547
TTO,Trinidad and Tobago,2004,19.1982554568186
TTO,Trinidad and Tobago,2003,0.389611908134706
TTO,Trinidad and Tobago,2002,1.45196281869741
TTO,Trinidad and Tobago,2001,13.816160330387
TTO,Trinidad and Tobago,2000,11.6890835083368
TTO,Trinidad and Tobago,1999,4.23354551650388
TTO,Trinidad and Tobago,1998,14.4906211546983
TTO,Trinidad and Tobago,1997,11.3291738967383
TTO,Trinidad and Tobago,1996,23.194149982157
TTO,Trinidad and Tobago,1995,3.95909446501012
TTO,Trinidad and Tobago,1994,16.659767043637
TTO,Trinidad and Tobago,1993,15.253906461792
TTO,Trinidad and Tobago,1992,-6.90591560670301
TTO,Trinidad and Tobago,1991,2.52960172228202
TTO,Trinidad and Tobago,1990,6.24498279028338
TUN,Tunisia,2023,8.95360388445458
TUN,Tunisia,2022,9.13387825590637
TUN,Tunisia,2021,8.68328822281857
TUN,Tunisia,2020,10.312212913936
TUN,Tunisia,2019,10.947581497216
TUN,Tunisia,2018,7.11393184065234
TUN,Tunisia,2017,11.9644084180508
TUN,Tunisia,2016,8.0401615104041
TUN,Tunisia,2015,5.41253975321252
TUN,Tunisia,2014,7.94682990343025
TUN,Tunisia,2013,6.24244037691929
TUN,Tunisia,2012,8.06566316312261
TUN,Tunisia,2011,9.58076537706858
TUN,Tunisia,2010,11.754481466612
TUN,Tunisia,2009,12.8538093581906
TUN,Tunisia,2008,13.3314698196958
TUN,Tunisia,2007,13.374679995818
TUN,Tunisia,2006,11.7673355673498
TUN,Tunisia,2005,11.1695286669981
TUN,Tunisia,2004,8.15543612778854
TUN,Tunisia,2003,4.7396479693325
TUN,Tunisia,2002,3.10810755198832
TUN,Tunisia,2001,18.3672411997566
TUN,Tunisia,2000,14.1385907779219
TUN,Tunisia,1999,18.8719967301105
TUN,Tunisia,1998,5.44169118193652
TUN,Tunisia,1997,16.5048177059484
TUN,Tunisia,1996,13.3494271248438
TUN,Tunisia,1995,6.57009403232745
TUN,Tunisia,1994,8.06822956847834
TUN,Tunisia,1993,6.13560092542972
TUN,Tunisia,1992,8.32827070608886
TUN,Tunisia,1991,5.80264389188009
TUN,Tunisia,1990,7.64850532640605
TUR,Turkiye,2023,69.9363518878266
TUR,Turkiye,2022,60.3393272630693
TUR,Turkiye,2021,52.5179442604431
TUR,Turkiye,2020,34.2428853167296
TUR,Turkiye,2019,27.0230864954567
TUR,Turkiye,2018,18.3800271601425
TUR,Turkiye,2017,16.3519224190184
TUR,Turkiye,2016,17.6487882326682
TUR,Turkiye,2015,16.5146558080824
TUR,Turkiye,2014,11.1834252618819
TUR,Turkiye,2013,21.1528217605728
TUR,Turkiye,2012,10.4222746838655
TUR,Turkiye,2011,15.2040266142652
TUR,Turkiye,2010,18.5468590903933
TUR,Turkiye,2009,12.659447539705
TUR,Turkiye,2008,24.8236892617555
TUR,Turkiye,2007,15.2256667825437
TUR,Turkiye,2006,22.1742755205438
TUR,Turkiye,2005,35.9674535965493
TUR,Turkiye,2004,20.7916923029449
TUR,Turkiye,2003,14.4368313894372
TUR,Turkiye,2002,27.8854548386466
TUR,Turkiye,2001,90.3681345819734
TUR,Turkiye,2000,40.6579603704381
TUR,Turkiye,1999,101.990903596583
TUR,Turkiye,1998,89.3165372669224
TUR,Turkiye,1997,97.795962978652
TUR,Turkiye,1996,116.539752813045
TUR,Turkiye,1995,104.189575356313
TUR,Turkiye,1994,144.796792283409
TUR,Turkiye,1993,64.2219816444731
TUR,Turkiye,1992,78.1406013654508
TUR,Turkiye,1991,82.9299971922575
TUR,Turkiye,1990,53.0784361009812
UGA,Uganda,2023,10.6648539317608
UGA,Uganda,2022,7.50270902859625
UGA,Uganda,2021,5.03542937653592
UGA,Uganda,2020,17.1323242180716
UGA,Uganda,2019,15.8761399568799
UGA,Uganda,2018,8.23215310256675
UGA,Uganda,2017,12.7000740652139
UGA,Uganda,2016,11.1360017435445
UGA,Uganda,2015,11.7356183498368
UGA,Uganda,2014,14.6086103366625
UGA,Uganda,2013,9.90323956134904
UGA,Uganda,2012,15.5056573911872
UGA,Uganda,2011,13.0980478595473
UGA,Uganda,2010,38.0835978056808
UGA,Uganda,2009,17.4908669093786
UGA,Uganda,2008,30.8162103572088
UGA,Uganda,2007,21.9660478242065
UGA,Uganda,2006,16.9209410464131
UGA,Uganda,2005,17.182852689076
UGA,Uganda,2004,8.77371545604728
UGA,Uganda,2003,17.9328258391295
UGA,Uganda,2002,24.526993625341
UGA,Uganda,2001,9.78880268860431
UGA,Uganda,2000,18.1421426991232
UGA,Uganda,1999,13.5583402571813
UGA,Uganda,1998,22.9368504689138
UGA,Uganda,1997,19.4175732960241
UGA,Uganda,1996,19.3465943429495
UGA,Uganda,1995,13.9446220557982
UGA,Uganda,1994,35.8045601475298
UGA,Uganda,1993,57.2189737138929
UGA,Uganda,1992,66.4893302240729
UGA,Uganda,1991,51.6634452720133
UGA,Uganda,1990,60.2409065888995
UKR,Ukraine,2023,23.007631520217
UKR,Ukraine,2022,20.7720424103957
UKR,Ukraine,2021,11.9648544109257
UKR,Ukraine,2020,28.6236079216128
UKR,Ukraine,2019,12.5760074164158
UKR,Ukraine,2018,5.68933472084972
UKR,Ukraine,2017,9.6271963450068
UKR,Ukraine,2016,10.928715698468
UKR,Ukraine,2015,3.90228755834977
UKR,Ukraine,2014,5.25123614602557
UKR,Ukraine,2013,17.5628423282208
UKR,Ukraine,2012,12.7909835066834
UKR,Ukraine,2011,14.6591729414952
UKR,Ukraine,2010,22.6910970600374
UKR,Ukraine,2009,-5.51238885474323
UKR,Ukraine,2008,30.1827088220741
UKR,Ukraine,2007,51.7472213589823
UKR,Ukraine,2006,34.5198311308109
UKR,Ukraine,2005,54.3858007516501
UKR,Ukraine,2004,31.8572075026617
UKR,Ukraine,2003,46.3777455385405
UKR,Ukraine,2002,42.3419158412813
UKR,Ukraine,2001,44.7478575834943
UKR,Ukraine,2000,44.5449515817961
UKR,Ukraine,1999,40.5796002181457
UKR,Ukraine,1998,24.0447808125888
UKR,Ukraine,1997,33.919769798979
UKR,Ukraine,1996,35.1292596805472
UKR,Ukraine,1995,115.50423384318
UKR,Ukraine,1994,567.909882994573
UKR,Ukraine,1993,1809.15219207616
ARE,United Arab Emirates,2023,18.7400983197593
ARE,United Arab Emirates,2022,8.99537755314214
ARE,United Arab Emirates,2021,5.70929259769499
ARE,United Arab Emirates,2020,4.63080770411969
ARE,United Arab Emirates,2019,8.00454284211942
ARE,United Arab Emirates,2018,2.53052371254229
ARE,United Arab Emirates,2017,4.13593318400104
ARE,United Arab Emirates,2016,3.2555987991409
ARE,United Arab Emirates,2015,5.45472478026138
ARE,United Arab Emirates,2014,7.91290473523929
ARE,United Arab Emirates,2013,22.7442635607822
ARE,United Arab Emirates,2012,4.48701315470708
ARE,United Arab Emirates,2011,5.07919360403586
ARE,United Arab Emirates,2010,6.27708897543933
ARE,United Arab Emirates,2009,8.07943323888304
ARE,United Arab Emirates,2008,21.2711344233023
ARE,United Arab Emirates,2007,41.4079939725762
ARE,United Arab Emirates,2006,23.3012268263518
ARE,United Arab Emirates,2005,30.6458755320109
ARE,United Arab Emirates,2004,23.7397004505419
ARE,United Arab Emirates,2003,15.1746061427703
ARE,United Arab Emirates,2002,10.5228146091
ARE,United Arab Emirates,2001,21.9470894470304
ARE,United Arab Emirates,2000,15.3225733203753
ARE,United Arab Emirates,1999,11.4542840945902
ARE,United Arab Emirates,1998,4.19703602130689
ARE,United Arab Emirates,1997,9.04396034137701
ARE,United Arab Emirates,1996,6.85955187374786
ARE,United Arab Emirates,1995,10.2183749221057
ARE,United Arab Emirates,1994,7.89739092304319
ARE,United Arab Emirates,1993,-1.57672886305765
ARE,United Arab Emirates,1992,4.61591716332551
ARE,United Arab Emirates,1991,14.5428216797683
ARE,United Arab Emirates,1990,-8.1977590681775
GBR,United Kingdom,2023,-2.63048241290666
GBR,United Kingdom,2022,8.60749957375268
GBR,United Kingdom,2021,9.73272949147508
GBR,United Kingdom,2020,9.7064401774406
GBR,United Kingdom,2019,-1.36415811942606
GBR,United Kingdom,2018,5.29982604936391
GBR,United Kingdom,2017,8.29633161273095
GBR,United Kingdom,2016,8.71683817906946
GBR,United Kingdom,2015,1.97421475965121
GBR,United Kingdom,2014,-2.53440176509608
GBR,United Kingdom,2013,2.10230580720378
GBR,United Kingdom,2012,0.769940279705385
GBR,United Kingdom,2011,-4.41804958924313
GBR,United Kingdom,2010,3.99003584410402
GBR,United Kingdom,2009,-0.0651350828031801
GBR,United Kingdom,2008,17.8034358014177
GBR,United Kingdom,2007,15.8115468409586
GBR,United Kingdom,2006,14.0974697921909
GBR,United Kingdom,2005,13.8495378397027
GBR,United Kingdom,2004,9.82162021191399
GBR,United Kingdom,2003,9.79774874691057
GBR,United Kingdom,2002,4.99404467865654
GBR,United Kingdom,2001,8.8246818925847
GBR,United Kingdom,2000,11.063613580673
GBR,United Kingdom,1999,4.3967037590754
GBR,United Kingdom,1998,20.8452448889622
GBR,United Kingdom,1997,25.5052180834724
GBR,United Kingdom,1996,14.5064589540129
GBR,United Kingdom,1995,20.291332268871
GBR,United Kingdom,1994,7.65484732334532
GBR,United Kingdom,1993,4.69509174650351
GBR,United Kingdom,1992,-28.6297783996028
GBR,United Kingdom,1991,1.66151446154199
GBR,United Kingdom,1990,10.5212114553268
USA,United States,2023,1.81977474451414
USA,United States,2022,-0.865150140224395
USA,United States,2021,14.5395068823421
USA,United States,2020,19.5598177699877
USA,United States,2019,8.39189902015057
USA,United States,2018,4.03042002361151
USA,United States,2017,4.80195396372877
USA,United States,2016,3.84943175924811
USA,United States,2015,3.14303976348123
USA,United States,2014,5.17839955418545
USA,United States,2013,4.50111351356626
USA,United States,2012,4.9016933844745
USA,United States,2011,6.68335521506315
USA,United States,2010,-2.75233991566368
USA,United States,2009,5.51260115427482
USA,United States,2008,8.17510450082247
USA,United States,2007,11.7134893815654
USA,United States,2006,9.00282393246698
USA,United States,2005,8.07350612101042
USA,United States,2004,5.74204572685685
USA,United States,2003,4.40369366436937
USA,United States,2002,4.4521933056666
USA,United States,2001,7.9327961660052
USA,United States,2000,8.11046448534502
USA,United States,1999,9.508532583145
USA,United States,1998,9.6018980689528
USA,United States,1997,8.0034975144461
USA,United States,1996,7.86548945474707
USA,United States,1995,6.86921920992869
USA,United States,1994,0.404668958759194
USA,United States,1993,0.596428630339938
USA,United States,1992,-0.153170227029685
USA,United States,1991,1.50050822184513
USA,United States,1990,2.67796315144365
URY,Uruguay,2023,1.3380817256915
URY,Uruguay,2022,-1.7165266255559
URY,Uruguay,2021,16.817337622646
URY,Uruguay,2020,24.3264847907326
URY,Uruguay,2019,15.9329453196368
URY,Uruguay,2018,11.8401890477847
URY,Uruguay,2017,1.91061875513374
URY,Uruguay,2016,3.94508914702679
URY,Uruguay,2015,23.817568833516
URY,Uruguay,2014,19.3363632095007
URY,Uruguay,2013,19.1894824050413
URY,Uruguay,2012,9.95409852341594
URY,Uruguay,2011,17.9909015552694
URY,Uruguay,2010,22.1496907634719
URY,Uruguay,2009,-2.64969291130767
URY,Uruguay,2008,28.565319569646
URY,Uruguay,2007,3.81531178595899
URY,Uruguay,2006,11.6317257949422
URY,Uruguay,2005,0.027486349583054
URY,Uruguay,2004,-3.04862556127392
URY,Uruguay,2003,15.1960748980011
URY,Uruguay,2002,25.9269337903415
URY,Uruguay,2001,14.5752971216667
URY,Uruguay,2000,9.54454507861544
URY,Uruguay,1999,12.9717226158826
URY,Uruguay,1998,26.6488156270387
URY,Uruguay,1997,28.6485226167817
URY,Uruguay,1996,34.1045441082021
URY,Uruguay,1995,36.8790595271785
URY,Uruguay,1994,42.184476267161
URY,Uruguay,1993,36.5107668257447
URY,Uruguay,1992,50.5080330625568
URY,Uruguay,1991,81.8529131007323
URY,Uruguay,1990,116.368228582504
UZB,Uzbekistan,2023,12.1643927892729
UZB,Uzbekistan,2022,30.174954487344
UZB,Uzbekistan,2021,29.6776167679218
UZB,Uzbekistan,2020,17.7006473999362
UZB,Uzbekistan,2019,13.8829478920437
UZB,Uzbekistan,2018,14.1243831148292
UZB,Uzbekistan,2017,40.2059506904501
UZB,Uzbekistan,2016,23.4967284380081
UZB,Uzbekistan,2015,24.2911855352605
UZB,Uzbekistan,2014,15.7395157892315
VUT,Vanuatu,2023,5.94567489957422
VUT,Vanuatu,2022,7.32082278574917
VUT,Vanuatu,2021,8.87194116360697
VUT,Vanuatu,2020,-0.559056477213318
VUT,Vanuatu,2019,6.91011104616666
VUT,Vanuatu,2018,13.0876466996415
VUT,Vanuatu,2017,9.2978535910864
VUT,Vanuatu,2016,10.6187166614452
VUT,Vanuatu,2015,11.4217632268772
VUT,Vanuatu,2014,8.58986964103062
VUT,Vanuatu,2013,-5.5472219954004
VUT,Vanuatu,2012,-0.623775156124315
VUT,Vanuatu,2011,1.32360737225448
VUT,Vanuatu,2010,-5.99610755230488
VUT,Vanuatu,2009,0.456076919103102
VUT,Vanuatu,2008,13.3513109830423
VUT,Vanuatu,2007,15.9563635938947
VUT,Vanuatu,2006,7.03308641281424
VUT,Vanuatu,2005,11.5713390106681
VUT,Vanuatu,2004,9.9073804804699
VUT,Vanuatu,2003,-0.858614629187887
VUT,Vanuatu,2002,-1.61552503502703
VUT,Vanuatu,2001,5.47448509692755
VUT,Vanuatu,2000,5.53767134430037
VUT,Vanuatu,1999,-9.19491250975807
VUT,Vanuatu,1998,12.6086006570022
VUT,Vanuatu,1997,-0.343154335607108
VUT,Vanuatu,1996,10.0717990538849
VUT,Vanuatu,1995,13.3000905284644
VUT,Vanuatu,1994,2.87159205241675
VUT,Vanuatu,1993,5.21496166032585
VUT,Vanuatu,1992,-4.58226901111138
VUT,Vanuatu,1991,-0.34311093797569
VUT,Vanuatu,1990,5.63257670392901
VEN,"Venezuela, RB",2013,58.8430706651518
VEN,"Venezuela, RB",2012,53.2897238079186
VEN,"Venezuela, RB",2011,49.2045729344607
VEN,"Venezuela, RB",2010,23.5461771314654
VEN,"Venezuela, RB",2009,23.3315611539432
VEN,"Venezuela, RB",2008,28.8009048093836
VEN,"Venezuela, RB",2007,33.8935499673661
VEN,"Venezuela, RB",2006,72.7361549262953
VEN,"Venezuela, RB",2005,47.4398513078883
VEN,"Venezuela, RB",2004,49.9514872516717
VEN,"Venezuela, RB",2003,62.4050738989221
VEN,"Venezuela, RB",2002,14.6398208174466
VEN,"Venezuela, RB",2001,10.7348703245856
VEN,"Venezuela, RB",2000,33.734085920071
VEN,"Venezuela, RB",1999,21.6735573631883
VEN,"Venezuela, RB",1998,7.37712144550657
VEN,"Venezuela, RB",1997,55.5485679504748
VEN,"Venezuela, RB",1996,68.8074497089111
VEN,"Venezuela, RB",1995,36.5614947506536
VEN,"Venezuela, RB",1994,68.8910357090733
VEN,"Venezuela, RB",1993,25.5475593704139
VEN,"Venezuela, RB",1992,17.7422866507794
VEN,"Venezuela, RB",1991,47.5536137241788
VEN,"Venezuela, RB",1990,64.8803977512129
VNM,Viet Nam,2022,5.67940973729915
VNM,Viet Nam,2021,9.67595141463418
VNM,Viet Nam,2020,13.6334900036844
VNM,Viet Nam,2019,13.6213022976993
VNM,Viet Nam,2018,12.6983839076477
VNM,Viet Nam,2017,14.2563683115213
VNM,Viet Nam,2016,17.8803568555182
VNM,Viet Nam,2015,14.9084399187805
VNM,Viet Nam,2014,19.7400184853866
VNM,Viet Nam,2013,21.3994701544947
VNM,Viet Nam,2012,24.5447476994067
VNM,Viet Nam,2011,11.9424460401465
VNM,Viet Nam,2010,29.7146068413459
VNM,Viet Nam,2009,26.2326704190675
VNM,Viet Nam,2008,20.6975270606376
VNM,Viet Nam,2007,49.1059973689467
VNM,Viet Nam,2006,29.6707958733482
VNM,Viet Nam,2005,30.9067104594998
VNM,Viet Nam,2004,31.0499764852015
VNM,Viet Nam,2003,33.0520443309966
VNM,Viet Nam,2002,13.274534903329
VNM,Viet Nam,2001,27.3364623562903
VNM,Viet Nam,2000,35.4193184888872
VNM,Viet Nam,1999,66.451597275209
VNM,Viet Nam,1998,23.8094491308103
VNM,Viet Nam,1997,25.2921093986626
VNM,Viet Nam,1996,25.7952551736556
VNM,Viet Nam,1993,13.1768801063396
PSE,West Bank and Gaza,2023,6.79569100800767
PSE,West Bank and Gaza,2022,-0.124825212864048
PSE,West Bank and Gaza,2021,8.25739902138892
PSE,West Bank and Gaza,2020,13.8858419798361
PSE,West Bank and Gaza,2019,9.98642921020079
PSE,West Bank and Gaza,2018,3.82274219555192
PSE,West Bank and Gaza,2017,12.6538642229797
PSE,West Bank and Gaza,2016,10.0318012730727
PSE,West Bank and Gaza,2015,10.3531876808195
PSE,West Bank and Gaza,2014,7.1803996262527
PSE,West Bank and Gaza,2013,10.7320490231398
PSE,West Bank and Gaza,2012,6.76345782887253
PSE,West Bank and Gaza,2011,3.96363959974952
PSE,West Bank and Gaza,2010,9.56809986792112
PSE,West Bank and Gaza,2009,6.02741186814666
PSE,West Bank and Gaza,2008,13.1582257182427
PSE,West Bank and Gaza,2007,20.4113312145095
PSE,West Bank and Gaza,2006,6.10246644428903
PSE,West Bank and Gaza,2005,3.87653657169333
PSE,West Bank and Gaza,2004,4.33119384591513
PSE,West Bank and Gaza,2003,8.87639901885934
PSE,West Bank and Gaza,2002,-4.47138843753845
PSE,West Bank and Gaza,2001,-3.45585986136315
PSE,West Bank and Gaza,2000,24.9468290102187
PSE,West Bank and Gaza,1999,18.7514073080715
YEM,"Yemen, Rep.",2013,13.7310086229305
YEM,"Yemen, Rep.",2012,22.0072730087107
YEM,"Yemen, Rep.",2011,0.403483208781233
YEM,"Yemen, Rep.",2010,11.7734566822428
YEM,"Yemen, Rep.",2009,12.8089231757455
YEM,"Yemen, Rep.",2008,13.2240705159813
YEM,"Yemen, Rep.",2007,16.999495828068
YEM,"Yemen, Rep.",2006,26.0976225347576
YEM,"Yemen, Rep.",2005,14.3994477406695
YEM,"Yemen, Rep.",2004,14.5727706365134
YEM,"Yemen, Rep.",2003,19.6500500510272
YEM,"Yemen, Rep.",2002,17.4996724824113
YEM,"Yemen, Rep.",2001,18.762500454949
YEM,"Yemen, Rep.",2000,25.252299863613
YEM,"Yemen, Rep.",1999,13.7874831984813
YEM,"Yemen, Rep.",1998,11.805640109222
YEM,"Yemen, Rep.",1997,11.1864927045023
YEM,"Yemen, Rep.",1996,8.05541961796126
YEM,"Yemen, Rep.",1995,50.7195901462149
YEM,"Yemen, Rep.",1994,32.4791512419758
YEM,"Yemen, Rep.",1993,31.1365042784286
YEM,"Yemen, Rep.",1992,20.8508531353837
YEM,"Yemen, Rep.",1991,11.2650818472663
ZMB,Zambia,2023,24.5799613166838
ZMB,Zambia,2022,24.503893776855
ZMB,Zambia,2021,3.65702508304102
ZMB,Zambia,2020,46.4435493408135
ZMB,Zambia,2019,12.5452246885134
ZMB,Zambia,2018,16.4780078048778
ZMB,Zambia,2017,21.3561456656206
ZMB,Zambia,2016,-5.70227249362343
ZMB,Zambia,2015,35.1924714884861
ZMB,Zambia,2014,12.6180852988294
ZMB,Zambia,2013,20.7915795117709
ZMB,Zambia,2012,17.8594271854124
ZMB,Zambia,2011,21.7019803670348
ZMB,Zambia,2010,29.8590751203246
ZMB,Zambia,2009,7.66123120594909
ZMB,Zambia,2008,23.2286245715782
ZMB,Zambia,2007,25.266457072071
ZMB,Zambia,2006,44.0480880478724
ZMB,Zambia,2005,3.25496701207701
ZMB,Zambia,2004,31.9566420859544
ZMB,Zambia,2003,24.9776016863202
ZMB,Zambia,2002,28.1665119722777
ZMB,Zambia,2001,8.71328332418044
ZMB,Zambia,2000,73.7626553656042
ZMB,Zambia,1999,27.6936121418328
ZMB,Zambia,1998,25.6143240576834
ZMB,Zambia,1997,25.0597057035766
ZMB,Zambia,1996,35.0089077523051
ZMB,Zambia,1995,55.4728328149595
ZMB,Zambia,1994,59.1871668215386
ZMB,Zambia,1991,97.3068029300949
ZMB,Zambia,1990,47.8786429532207
ZWE,Zimbabwe,2023,708.928599788008
ZWE,Zimbabwe,2022,391.883944100134
ZWE,Zimbabwe,2021,131.829477898324
ZWE,Zimbabwe,2020,485.547045499664
ZWE,Zimbabwe,2019,249.835278181966
ZWE,Zimbabwe,2018,28.0484644724302
ZWE,Zimbabwe,2017,38.6464885329429
ZWE,Zimbabwe,2016,19.0480483005334
ZWE,Zimbabwe,2015,8.20189487907827
ZWE,Zimbabwe,2014,12.5811618335904
ZWE,Zimbabwe,2013,4.55132050173969
ZWE,Zimbabwe,2012,27.4796658661133
ZWE,Zimbabwe,2011,31.1927980633031
ZWE,Zimbabwe,2010,61.0729891282212
ZWE,Zimbabwe,2005,43.42783915948
ZWE,Zimbabwe,2004,-54.6851532842064
ZWE,Zimbabwe,2003,-58.1723798535869
ZWE,Zimbabwe,2002,191.804054430283
ZWE,Zimbabwe,2001,84.3273354055097
ZWE,Zimbabwe,2000,45.6666799112176
ZWE,Zimbabwe,1999,-16.0052598231279
ZWE,Zimbabwe,1998,-43.0829910459903
ZWE,Zimbabwe,1997,16.6063003786306
ZWE,Zimbabwe,1996,15.5160066963891
ZWE,Zimbabwe,1995,18.070772947301
ZWE,Zimbabwe,1994,7.3032067218572
ZWE,Zimbabwe,1993,34.8261486511256
ZWE,Zimbabwe,1992,-24.2154110971776
ZWE,Zimbabwe,1991,-27.5924090578594
ZWE,Zimbabwe,1990,-52.9608778126187
