iso3,country,year,value
AFE,Africa Eastern and Southern,2023,7.39918558080627
AFE,Africa Eastern and Southern,2022,10.8834775726018
AFE,Africa Eastern and Southern,2021,6.82472709282067
AFE,Africa Eastern and Southern,2020,5.19162942092851
AFE,Africa Eastern and Southern,2019,4.10285075461156
AFE,Africa Eastern and Southern,2018,4.6898064677633
AFE,Africa Eastern and Southern,2017,6.22137528933118
AFE,Africa Eastern and Southern,2016,6.44687722255584
AFE,Africa Eastern and Southern,2015,5.09856164363687
AFE,Africa Eastern and Southern,2014,5.52581923392517
AFE,Africa Eastern and Southern,2013,5.74883133553454
AFE,Africa Eastern and Southern,2012,9.15870843167905
AFE,Africa Eastern and Southern,2011,8.97120640995788
AFE,Africa Eastern and Southern,2010,5.53753791645676
AFE,Africa Eastern and Southern,2009,8.95421802392949
AFE,Africa Eastern and Southern,2008,12.5666446595157
AFE,Africa Eastern and Southern,2007,8.45077480635
AFE,Africa Eastern and Southern,2006,8.89816380214033
AFE,Africa Eastern and Southern,2005,8.55803802239778
AFE,Africa Eastern and Southern,2004,5.02342068616285
AFE,Africa Eastern and Southern,2003,7.44970014007366
AFE,Africa Eastern and Southern,2002,8.76375520313543
AFE,Africa Eastern and Southern,2001,5.84035398311557
AFE,Africa Eastern and Southern,2000,8.60148514851491
AFE,Africa Eastern and Southern,1999,7.81986477630862
AFE,Africa Eastern and Southern,1998,7.49525542305607
AFE,Africa Eastern and Southern,1997,10.2495987403066
AFE,Africa Eastern and Southern,1996,9.70658632526504
AFE,Africa Eastern and Southern,1995,12.2885912601426
AFE,Africa Eastern and Southern,1994,14.8528149833969
AFE,Africa Eastern and Southern,1993,13.1356607683724
AFE,Africa Eastern and Southern,1992,16.1676123963339
AFE,Africa Eastern and Southern,1991,17.6781002638523
AFE,Africa Eastern and Southern,1990,12.4579139789566
AFW,Africa Western and Central,2023,5.22116801324002
AFW,Africa Western and Central,2022,7.94925143524016
AFW,Africa Western and Central,2021,3.74556782333009
AFW,Africa Western and Central,2020,2.49037783931949
AFW,Africa Western and Central,2019,1.98309228487232
AFW,Africa Western and Central,2018,1.78404994832044
AFW,Africa Western and Central,2017,1.72548602374731
AFW,Africa Western and Central,2016,1.48741550755546
AFW,Africa Western and Central,2015,2.13081738058791
AFW,Africa Western and Central,2014,1.76843582146224
AFW,Africa Western and Central,2013,2.43920076104126
AFW,Africa Western and Central,2012,4.57837463515948
AFW,Africa Western and Central,2011,4.01869907534492
AFW,Africa Western and Central,2010,1.78484420477113
AFW,Africa Western and Central,2009,3.28244037589321
AFW,Africa Western and Central,2008,8.45297623326755
AFW,Africa Western and Central,2007,3.60736767984596
AFW,Africa Western and Central,2006,4.41589984169561
AFW,Africa Western and Central,2005,5.63163351357613
AFW,Africa Western and Central,2004,0.694336305945758
AFW,Africa Western and Central,2003,1.76090410099629
AFW,Africa Western and Central,2002,3.18869330220589
AFW,Africa Western and Central,2001,4.36152914007256
AFW,Africa Western and Central,2000,2.53077516737997
AFW,Africa Western and Central,1999,0.372266170311928
AFW,Africa Western and Central,1998,4.47112543851099
AFW,Africa Western and Central,1997,3.99714170439303
AFW,Africa Western and Central,1996,4.91423972637201
AFW,Africa Western and Central,1995,10.5632886691814
AFW,Africa Western and Central,1994,31.8410168416385
AFW,Africa Western and Central,1993,0.553455723541917
AFW,Africa Western and Central,1992,-0.0629990064787035
AFW,Africa Western and Central,1991,1.74188785932669
AFW,Africa Western and Central,1990,1.05736139457209
ARB,Arab World,2023,4.00025877060152
ARB,Arab World,2022,5.17222088647606
ARB,Arab World,2021,2.86833027751015
ARB,Arab World,2020,1.44703656998741
ARB,Arab World,2019,1.33601568147656
ARB,Arab World,2018,2.30874696703938
ARB,Arab World,2017,2.06932928164424
ARB,Arab World,2016,2.22799991129428
ARB,Arab World,2015,1.83135233156369
ARB,Arab World,2014,2.89947905006057
ARB,Arab World,2013,3.25423910998847
ARB,Arab World,2012,4.6118443220664
ARB,Arab World,2011,4.7531638888563
ARB,Arab World,2010,3.91106195534028
ARB,Arab World,2009,2.92089711805367
ARB,Arab World,2008,11.2706652380848
ARB,Arab World,2007,4.74390639021648
ARB,Arab World,2006,3.54498591605033
ARB,Arab World,2005,3.49368534619531
ARB,Arab World,2004,3.63228004956625
ARB,Arab World,2003,2.71259247474352
ARB,Arab World,2002,1.83299389002049
ARB,Arab World,2001,1.77220437351017
ARB,Arab World,2000,1.85379035325277
ARB,Arab World,1999,2.66937369053701
ARB,Arab World,1998,3.41731948975798
ARB,Arab World,1997,3.60116103260946
ARB,Arab World,1996,4.68130623916413
ARB,Arab World,1995,6.54379068524171
ARB,Arab World,1994,5.11259890444314
ARB,Arab World,1993,9.37034415971461
ARB,Arab World,1992,9.35975158953134
ARB,Arab World,1991,9.00000000000003
ARB,Arab World,1990,8.4514624080388
CSS,Caribbean small states,2023,4.10449281822017
CSS,Caribbean small states,2022,5.82838638517959
CSS,Caribbean small states,2021,2.22891330700344
CSS,Caribbean small states,2020,0.121434644614894
CSS,Caribbean small states,2019,1.00054293027237
CSS,Caribbean small states,2018,1.20715793367008
CSS,Caribbean small states,2017,1.6992957045984
CSS,Caribbean small states,2016,0.402621696824957
CSS,Caribbean small states,2015,-0.852705497033039
CSS,Caribbean small states,2014,1.14542060958206
CSS,Caribbean small states,2013,1.08324168178149
CSS,Caribbean small states,2012,2.50461059084482
CSS,Caribbean small states,2011,3.32776554447465
CSS,Caribbean small states,2010,3.31018474700138
CSS,Caribbean small states,2009,0.213901348378942
CSS,Caribbean small states,2008,7.21385213950187
CSS,Caribbean small states,2007,3.94652952677361
CSS,Caribbean small states,2006,3.4963141902432
CSS,Caribbean small states,2005,3.6046180511121
CSS,Caribbean small states,2004,2.35433222144196
CSS,Caribbean small states,2003,2.19518237141616
CSS,Caribbean small states,2002,2.10733447564151
CSS,Caribbean small states,2001,2.60262402317311
CSS,Caribbean small states,2000,2.3088156083548
CSS,Caribbean small states,1999,2.09072882416176
CSS,Caribbean small states,1998,2.1952625003759
CSS,Caribbean small states,1997,2.43629715479674
CSS,Caribbean small states,1996,2.08657385169121
CSS,Caribbean small states,1995,2.88961584372151
CSS,Caribbean small states,1994,2.00580631724619
CSS,Caribbean small states,1993,2.25887956702186
CSS,Caribbean small states,1992,5.30536169644503
CSS,Caribbean small states,1991,5.52453270215233
CSS,Caribbean small states,1990,4.13927035305795
CEB,Central Europe and the Baltics,2023,9.44284140088564
CEB,Central Europe and the Baltics,2022,14.6081439492433
CEB,Central Europe and the Baltics,2021,3.83984491500146
CEB,Central Europe and the Baltics,2020,1.67244096855756
CEB,Central Europe and the Baltics,2019,2.6645613342544
CEB,Central Europe and the Baltics,2018,2.53445424186598
CEB,Central Europe and the Baltics,2017,2.07593553673859
CEB,Central Europe and the Baltics,2016,-0.0549995416705683
CEB,Central Europe and the Baltics,2015,-0.464499004645003
CEB,Central Europe and the Baltics,2014,0.0538213132399802
CEB,Central Europe and the Baltics,2013,1.4382978723404
CEB,Central Europe and the Baltics,2012,3.33492267693442
CEB,Central Europe and the Baltics,2011,4.13027562645085
CEB,Central Europe and the Baltics,2010,1.80117022137138
CEB,Central Europe and the Baltics,2009,2.75320223914819
CEB,Central Europe and the Baltics,2008,6.3586638015237
CEB,Central Europe and the Baltics,2007,4.83732928313989
CEB,Central Europe and the Baltics,2006,3.93032603841001
CEB,Central Europe and the Baltics,2005,3.31717824448043
CEB,Central Europe and the Baltics,2004,3.5929759424951
CEB,Central Europe and the Baltics,2003,2.34864169582758
CEB,Central Europe and the Baltics,2002,3.12714222984609
CEB,Central Europe and the Baltics,2001,5.74827981651373
CEB,Central Europe and the Baltics,2000,8.91174418658757
CEB,Central Europe and the Baltics,1999,4.01913875598084
CEB,Central Europe and the Baltics,1998,8.20833333333298
CEB,Central Europe and the Baltics,1997,8.88104848465892
CEB,Central Europe and the Baltics,1996,19.7949669196707
CEB,Central Europe and the Baltics,1995,27.951388563304
CEB,Central Europe and the Baltics,1994,35.9247053929643
CEB,Central Europe and the Baltics,1993,72.8787913866333
CEB,Central Europe and the Baltics,1992,150.615831956876
CEB,Central Europe and the Baltics,1991,118.527578905984
EAR,Early-demographic dividend,2023,5.88585897042164
EAR,Early-demographic dividend,2022,7.19861615609867
EAR,Early-demographic dividend,2021,4.12676744440695
EAR,Early-demographic dividend,2020,2.96354992076065
EAR,Early-demographic dividend,2019,2.76252019386111
EAR,Early-demographic dividend,2018,3.97561015740694
EAR,Early-demographic dividend,2017,3.32817337461305
EAR,Early-demographic dividend,2016,3.52317317628473
EAR,Early-demographic dividend,2015,3.12900274473925
EAR,Early-demographic dividend,2014,4.07392957476225
EAR,Early-demographic dividend,2013,4.82778705505169
EAR,Early-demographic dividend,2012,5.01827254237431
EAR,Early-demographic dividend,2011,5.81149223300287
EAR,Early-demographic dividend,2010,4.3974138315007
EAR,Early-demographic dividend,2009,4.37376765455939
EAR,Early-demographic dividend,2008,10.4469875128223
EAR,Early-demographic dividend,2007,6.17781214809388
EAR,Early-demographic dividend,2006,5.68713772607963
EAR,Early-demographic dividend,2005,4.8217005071285
EAR,Early-demographic dividend,2004,4.43526108410782
EAR,Early-demographic dividend,2003,5.45293224327203
EAR,Early-demographic dividend,2002,4.24026660688645
EAR,Early-demographic dividend,2001,3.7508205747202
EAR,Early-demographic dividend,2000,3.89952980284712
EAR,Early-demographic dividend,1999,5.02344345094613
EAR,Early-demographic dividend,1998,6.42073242971301
EAR,Early-demographic dividend,1997,7.01828599869913
EAR,Early-demographic dividend,1996,8.51995195925336
EAR,Early-demographic dividend,1995,10.0221733553239
EAR,Early-demographic dividend,1994,9.59324963960294
EAR,Early-demographic dividend,1993,9.97366476029209
EAR,Early-demographic dividend,1992,10.5274440119592
EAR,Early-demographic dividend,1991,15.050130775937
EAR,Early-demographic dividend,1990,11.9060546010382
EAS,East Asia & Pacific,2023,4.25155508842779
EAS,East Asia & Pacific,2022,5.51812928576938
EAS,East Asia & Pacific,2021,2.47710241465447
EAS,East Asia & Pacific,2020,0.846900734607273
EAS,East Asia & Pacific,2019,1.71437095763401
EAS,East Asia & Pacific,2018,2.368549058067
EAS,East Asia & Pacific,2017,1.80034222468621
EAS,East Asia & Pacific,2016,1.27699365720306
EAS,East Asia & Pacific,2015,0.795279630579839
EAS,East Asia & Pacific,2014,2.51087633253696
EAS,East Asia & Pacific,2013,2.58268766141795
EAS,East Asia & Pacific,2012,2.97190109848654
EAS,East Asia & Pacific,2011,5.0214601462073
EAS,East Asia & Pacific,2010,3.05730563962442
EAS,East Asia & Pacific,2009,1.62173168533652
EAS,East Asia & Pacific,2008,8.34208634920956
EAS,East Asia & Pacific,2007,3.76400259181596
EAS,East Asia & Pacific,2006,3.93616259929866
EAS,East Asia & Pacific,2005,3.03702332617012
EAS,East Asia & Pacific,2004,3.23751394003321
EAS,East Asia & Pacific,2003,2.28915662650607
EAS,East Asia & Pacific,2002,1.88572000240366
EAS,East Asia & Pacific,2001,3.57755452095074
EAS,East Asia & Pacific,2000,1.59196917460972
EAS,East Asia & Pacific,1999,1.98382427234186
EAS,East Asia & Pacific,1998,5.49101180380942
EAS,East Asia & Pacific,1997,3.72765760183632
EAS,East Asia & Pacific,1996,5.52480986015135
EAS,East Asia & Pacific,1995,4.62776445368168
EAS,East Asia & Pacific,1994,5.64990893945513
EAS,East Asia & Pacific,1993,4.887555452635
EAS,East Asia & Pacific,1992,6.21328146355184
EAS,East Asia & Pacific,1991,6.49734555984547
EAS,East Asia & Pacific,1990,7.81919756505635
EAP,East Asia & Pacific (excluding high income),2023,5.88585897042164
EAP,East Asia & Pacific (excluding high income),2022,5.66964369895446
EAP,East Asia & Pacific (excluding high income),2021,2.69891859529198
EAP,East Asia & Pacific (excluding high income),2020,2.40629214387011
EAP,East Asia & Pacific (excluding high income),2019,1.94257500833107
EAP,East Asia & Pacific (excluding high income),2018,3.19834755924996
EAP,East Asia & Pacific (excluding high income),2017,2.91263557371478
EAP,East Asia & Pacific (excluding high income),2016,1.91731090233378
EAP,East Asia & Pacific (excluding high income),2015,1.22393195511119
EAP,East Asia & Pacific (excluding high income),2014,3.14299050879095
EAP,East Asia & Pacific (excluding high income),2013,2.91354193603992
EAP,East Asia & Pacific (excluding high income),2012,3.02696391124796
EAP,East Asia & Pacific (excluding high income),2011,5.29573220295508
EAP,East Asia & Pacific (excluding high income),2010,3.68901229670761
EAP,East Asia & Pacific (excluding high income),2009,4.21903052064628
EAP,East Asia & Pacific (excluding high income),2008,10.2266663272483
EAP,East Asia & Pacific (excluding high income),2007,4.81676767378834
EAP,East Asia & Pacific (excluding high income),2006,4.8663204883746
EAP,East Asia & Pacific (excluding high income),2005,5.52861156446485
EAP,East Asia & Pacific (excluding high income),2004,4.42677525782239
EAP,East Asia & Pacific (excluding high income),2003,3.7036979752848
EAP,East Asia & Pacific (excluding high income),2002,2.72277227722765
EAP,East Asia & Pacific (excluding high income),2001,4.27267024465105
EAP,East Asia & Pacific (excluding high income),2000,2.15851810619419
EAP,East Asia & Pacific (excluding high income),1999,4.29072851723813
EAP,East Asia & Pacific (excluding high income),1998,8.61483153647289
EAP,East Asia & Pacific (excluding high income),1997,5.60802843389853
EAP,East Asia & Pacific (excluding high income),1996,7.31348259330353
EAP,East Asia & Pacific (excluding high income),1995,5.81818181818192
EAP,East Asia & Pacific (excluding high income),1994,7.65823953904687
EAP,East Asia & Pacific (excluding high income),1993,5.73690583357397
EAP,East Asia & Pacific (excluding high income),1992,7.52351006242677
EAP,East Asia & Pacific (excluding high income),1991,6.96568127760753
EAP,East Asia & Pacific (excluding high income),1990,8.1913713204097
TEA,East Asia & Pacific (IDA & IBRD countries),2023,5.93194206291787
TEA,East Asia & Pacific (IDA & IBRD countries),2022,5.82115811213955
TEA,East Asia & Pacific (IDA & IBRD countries),2021,2.6124818577648
TEA,East Asia & Pacific (IDA & IBRD countries),2020,2.3931623931624
TEA,East Asia & Pacific (IDA & IBRD countries),2019,1.93321335810515
TEA,East Asia & Pacific (IDA & IBRD countries),2018,2.91740978470444
TEA,East Asia & Pacific (IDA & IBRD countries),2017,2.88291164981213
TEA,East Asia & Pacific (IDA & IBRD countries),2016,1.75711158908291
TEA,East Asia & Pacific (IDA & IBRD countries),2015,1.08648629940414
TEA,East Asia & Pacific (IDA & IBRD countries),2014,3.37040697371653
TEA,East Asia & Pacific (IDA & IBRD countries),2013,2.92758351575671
TEA,East Asia & Pacific (IDA & IBRD countries),2012,3.02696391124796
TEA,East Asia & Pacific (IDA & IBRD countries),2011,5.15900497684403
TEA,East Asia & Pacific (IDA & IBRD countries),2010,3.61196234430296
TEA,East Asia & Pacific (IDA & IBRD countries),2009,3.67503305540297
TEA,East Asia & Pacific (IDA & IBRD countries),2008,10.3368269200353
TEA,East Asia & Pacific (IDA & IBRD countries),2007,4.81023704342912
TEA,East Asia & Pacific (IDA & IBRD countries),2006,4.63747436011764
TEA,East Asia & Pacific (IDA & IBRD countries),2005,4.54036919634536
TEA,East Asia & Pacific (IDA & IBRD countries),2004,4.53421374129692
TEA,East Asia & Pacific (IDA & IBRD countries),2003,3.23464817293925
TEA,East Asia & Pacific (IDA & IBRD countries),2002,2.3431699096098
TEA,East Asia & Pacific (IDA & IBRD countries),2001,4.27267024465105
TEA,East Asia & Pacific (IDA & IBRD countries),2000,2.15851810619419
TEA,East Asia & Pacific (IDA & IBRD countries),1999,4.29072851723813
TEA,East Asia & Pacific (IDA & IBRD countries),1998,8.61483153647289
TEA,East Asia & Pacific (IDA & IBRD countries),1997,5.60802843389853
TEA,East Asia & Pacific (IDA & IBRD countries),1996,7.31348259330353
TEA,East Asia & Pacific (IDA & IBRD countries),1995,5.81818181818192
TEA,East Asia & Pacific (IDA & IBRD countries),1994,7.65823953904687
TEA,East Asia & Pacific (IDA & IBRD countries),1993,5.73690583357397
TEA,East Asia & Pacific (IDA & IBRD countries),1992,7.52351006242677
TEA,East Asia & Pacific (IDA & IBRD countries),1991,6.96568127760753
TEA,East Asia & Pacific (IDA & IBRD countries),1990,8.1913713204097
EMU,Euro area,2023,5.94643667725823
EMU,Euro area,2022,8.54686993188458
EMU,Euro area,2021,2.52692009066166
EMU,Euro area,2020,0.219064904841985
EMU,Euro area,2019,1.44565976888253
EMU,Euro area,2018,1.70349794744479
EMU,Euro area,2017,1.38145871407216
EMU,Euro area,2016,0.148684907627373
EMU,Euro area,2015,-0.104633261008479
EMU,Euro area,2014,0.199343826570844
EMU,Euro area,2013,1.21999342274306
EMU,Euro area,2012,2.59741386039003
EMU,Euro area,2011,3.2894493956421
EMU,Euro area,2010,1.52551602118248
EMU,Euro area,2009,0.506308827696504
EMU,Euro area,2008,4.15279708110293
EMU,Euro area,2007,2.5106656524034
EMU,Euro area,2006,2.77378006481472
EMU,Euro area,2005,2.56016132330235
EMU,Euro area,2004,2.22567916428894
EMU,Euro area,2003,2.09847219146919
EMU,Euro area,2002,2.46532319171165
EMU,Euro area,2001,2.92949244324104
EMU,Euro area,2000,3.04210080667792
EMU,Euro area,1999,2.13476888806386
EMU,Euro area,1998,2.38525135417661
EMU,Euro area,1997,2.33686298314114
EMU,Euro area,1996,3.06897732509786
EMU,Euro area,1995,4.22281614099488
EMU,Euro area,1994,4.6985893105498
EMU,Euro area,1993,4.62673468331298
EMU,Euro area,1992,5.59756062410709
EMU,Euro area,1991,4.31021289843461
EMU,Euro area,1990,4.5020546289584
ECS,Europe & Central Asia,2023,7.12042212089904
ECS,Europe & Central Asia,2022,11.1136121878761
ECS,Europe & Central Asia,2021,3.19017771027094
ECS,Europe & Central Asia,2020,1.19998396936019
ECS,Europe & Central Asia,2019,1.76373586528841
ECS,Europe & Central Asia,2018,2.01321972250342
ECS,Europe & Central Asia,2017,1.91558846458249
ECS,Europe & Central Asia,2016,0.388838296895799
ECS,Europe & Central Asia,2015,0.36804684232536
ECS,Europe & Central Asia,2014,0.620490636732421
ECS,Europe & Central Asia,2013,1.73403963519162
ECS,Europe & Central Asia,2012,2.77333854051576
ECS,Europe & Central Asia,2011,3.8561124468282
ECS,Europe & Central Asia,2010,2.42447361791627
ECS,Europe & Central Asia,2009,1.53607650014278
ECS,Europe & Central Asia,2008,6.05974046339706
ECS,Europe & Central Asia,2007,2.91598261872853
ECS,Europe & Central Asia,2006,3.19288637808747
ECS,Europe & Central Asia,2005,2.60932308197748
ECS,Europe & Central Asia,2004,2.82947796214662
ECS,Europe & Central Asia,2003,2.34864169582758
ECS,Europe & Central Asia,2002,2.78615988589507
ECS,Europe & Central Asia,2001,4.26287228873702
ECS,Europe & Central Asia,2000,3.77538829151729
ECS,Europe & Central Asia,1999,2.36481836111805
ECS,Europe & Central Asia,1998,4.64421422660783
ECS,Europe & Central Asia,1997,5.5360026677348
ECS,Europe & Central Asia,1996,8.19455217632728
ECS,Europe & Central Asia,1995,8.96251888719983
ECS,Europe & Central Asia,1994,12.1447980115689
ECS,Europe & Central Asia,1993,14.4112644439348
ECS,Europe & Central Asia,1992,5.92453126228488
ECA,Europe & Central Asia (excluding high income),2023,9.07365149809048
ECA,Europe & Central Asia (excluding high income),2022,13.8875841659221
ECA,Europe & Central Asia (excluding high income),2021,6.91756771076075
ECA,Europe & Central Asia (excluding high income),2020,2.74615078213777
ECA,Europe & Central Asia (excluding high income),2019,2.64328192719554
ECA,Europe & Central Asia (excluding high income),2018,2.56572880132719
ECA,Europe & Central Asia (excluding high income),2017,4.60357355778867
ECA,Europe & Central Asia (excluding high income),2016,2.13492713939121
ECA,Europe & Central Asia (excluding high income),2015,4.02768573742726
ECA,Europe & Central Asia (excluding high income),2014,3.06881210379543
ECA,Europe & Central Asia (excluding high income),2013,4.59787897363136
ECA,Europe & Central Asia (excluding high income),2012,3.31605566687647
ECA,Europe & Central Asia (excluding high income),2011,7.8583333333334
ECA,Europe & Central Asia (excluding high income),2010,6.77774669133379
ECA,Europe & Central Asia (excluding high income),2009,3.43674527945797
ECA,Europe & Central Asia (excluding high income),2008,11.4275575758332
ECA,Europe & Central Asia (excluding high income),2007,8.59146682238969
ECA,Europe & Central Asia (excluding high income),2006,7.663026931994
ECA,Europe & Central Asia (excluding high income),2005,7.87957982963887
ECA,Europe & Central Asia (excluding high income),2004,6.92165787428847
ECA,Europe & Central Asia (excluding high income),2003,4.95061559256828
ECA,Europe & Central Asia (excluding high income),2002,5.58783730000794
ECA,Europe & Central Asia (excluding high income),2001,8.35413777161344
ECA,Europe & Central Asia (excluding high income),2000,15.9408124351877
ECA,Europe & Central Asia (excluding high income),1999,20.938173814012
ECA,Europe & Central Asia (excluding high income),1998,9.56493445426185
ECA,Europe & Central Asia (excluding high income),1997,16.6743202378393
ECA,Europe & Central Asia (excluding high income),1996,35.5649400436339
ECA,Europe & Central Asia (excluding high income),1995,162.717152150377
ECA,Europe & Central Asia (excluding high income),1994,891.187748133705
TEC,Europe & Central Asia (IDA & IBRD countries),2023,9.36187249769015
TEC,Europe & Central Asia (IDA & IBRD countries),2022,13.8522590144267
TEC,Europe & Central Asia (IDA & IBRD countries),2021,5.10641129002836
TEC,Europe & Central Asia (IDA & IBRD countries),2020,2.73249209419427
TEC,Europe & Central Asia (IDA & IBRD countries),2019,2.67599202639893
TEC,Europe & Central Asia (IDA & IBRD countries),2018,2.611223782638
TEC,Europe & Central Asia (IDA & IBRD countries),2017,3.13106248590115
TEC,Europe & Central Asia (IDA & IBRD countries),2016,1.19887282892596
TEC,Europe & Central Asia (IDA & IBRD countries),2015,3.86763469978395
TEC,Europe & Central Asia (IDA & IBRD countries),2014,2.53187831406913
TEC,Europe & Central Asia (IDA & IBRD countries),2013,3.38485646137119
TEC,Europe & Central Asia (IDA & IBRD countries),2012,3.37349808387405
TEC,Europe & Central Asia (IDA & IBRD countries),2011,7.66862955607738
TEC,Europe & Central Asia (IDA & IBRD countries),2010,6.14255360247248
TEC,Europe & Central Asia (IDA & IBRD countries),2009,3.46672373207793
TEC,Europe & Central Asia (IDA & IBRD countries),2008,10.4441283764885
TEC,Europe & Central Asia (IDA & IBRD countries),2007,8.40253419005893
TEC,Europe & Central Asia (IDA & IBRD countries),2006,6.99712903535591
TEC,Europe & Central Asia (IDA & IBRD countries),2005,7.57999929125766
TEC,Europe & Central Asia (IDA & IBRD countries),2004,6.88205438981899
TEC,Europe & Central Asia (IDA & IBRD countries),2003,4.7215533660534
TEC,Europe & Central Asia (IDA & IBRD countries),2002,5.6989904786131
TEC,Europe & Central Asia (IDA & IBRD countries),2001,7.85753852196592
TEC,Europe & Central Asia (IDA & IBRD countries),2000,13.1808905865731
TEC,Europe & Central Asia (IDA & IBRD countries),1999,19.1926758218895
TEC,Europe & Central Asia (IDA & IBRD countries),1998,10.5771611482514
TEC,Europe & Central Asia (IDA & IBRD countries),1997,15.940599414943
TEC,Europe & Central Asia (IDA & IBRD countries),1996,38.8293013382852
TEC,Europe & Central Asia (IDA & IBRD countries),1995,85.8869162056581
TEC,Europe & Central Asia (IDA & IBRD countries),1994,222.241014184317
EUU,European Union,2023,6.29942487419125
EUU,European Union,2022,8.83369886749452
EUU,European Union,2021,2.55450699642041
EUU,European Union,2020,0.476498852725065
EUU,European Union,2019,1.63052260754335
EUU,European Union,2018,1.7386086198818
EUU,European Union,2017,1.42910743319306
EUU,European Union,2016,0.183334861123765
EUU,European Union,2015,-0.0616446800641672
EUU,European Union,2014,0.199343826570844
EUU,European Union,2013,1.21999342274306
EUU,European Union,2012,2.66284165508011
EUU,European Union,2011,3.2894493956421
EUU,European Union,2010,1.53112270420919
EUU,European Union,2009,0.839262246793805
EUU,European Union,2008,4.16497193524779
EUU,European Union,2007,2.5106656524034
EUU,European Union,2006,2.66631494577077
EUU,European Union,2005,2.48769665164081
EUU,European Union,2004,2.28621706801678
EUU,European Union,2003,2.09199838997655
EUU,European Union,2002,2.42443661219695
EUU,European Union,2001,3.37396832213867
EUU,European Union,2000,3.15076707022596
EUU,European Union,1999,2.1571791805505
EUU,European Union,1998,2.40768094534715
EUU,European Union,1997,3.11207791953272
EUU,European Union,1996,3.55884559338561
EUU,European Union,1995,4.42664550286654
EUU,European Union,1994,4.71841373967333
EUU,European Union,1993,4.85416666666694
EUU,European Union,1992,6.21737539647153
EUU,European Union,1991,5.48474391592017
EUU,European Union,1990,6.14956531179858
HPC,Heavily indebted poor countries (HIPC),2023,7.12697482131851
HPC,Heavily indebted poor countries (HIPC),2022,9.65914753785069
HPC,Heavily indebted poor countries (HIPC),2021,4.37012190478157
HPC,Heavily indebted poor countries (HIPC),2020,3.47617372722187
HPC,Heavily indebted poor countries (HIPC),2019,2.83514555687506
HPC,Heavily indebted poor countries (HIPC),2018,3.01748181031406
HPC,Heavily indebted poor countries (HIPC),2017,4.5783374121255
HPC,Heavily indebted poor countries (HIPC),2016,4.38389195513915
HPC,Heavily indebted poor countries (HIPC),2015,3.55075967356746
HPC,Heavily indebted poor countries (HIPC),2014,4.40535234185293
HPC,Heavily indebted poor countries (HIPC),2013,5.16189898581494
HPC,Heavily indebted poor countries (HIPC),2012,6.31474450315177
HPC,Heavily indebted poor countries (HIPC),2011,6.4293968107234
HPC,Heavily indebted poor countries (HIPC),2010,4.69889064976232
HPC,Heavily indebted poor countries (HIPC),2009,4.36234829325719
HPC,Heavily indebted poor countries (HIPC),2008,10.6597978997424
HPC,Heavily indebted poor countries (HIPC),2007,7.25410841304887
HPC,Heavily indebted poor countries (HIPC),2006,6.73993060387505
HPC,Heavily indebted poor countries (HIPC),2005,8.16954604881263
HPC,Heavily indebted poor countries (HIPC),2004,4.47499289078107
HPC,Heavily indebted poor countries (HIPC),2003,5.30238773219936
HPC,Heavily indebted poor countries (HIPC),2002,3.8957052575849
HPC,Heavily indebted poor countries (HIPC),2001,4.60374621964682
HPC,Heavily indebted poor countries (HIPC),2000,4.16540442290283
HPC,Heavily indebted poor countries (HIPC),1999,3.59889816353237
HPC,Heavily indebted poor countries (HIPC),1998,5.75331458417064
HPC,Heavily indebted poor countries (HIPC),1997,5.5722571112533
HPC,Heavily indebted poor countries (HIPC),1996,7.41137173526642
HPC,Heavily indebted poor countries (HIPC),1995,14.3788086516419
HPC,Heavily indebted poor countries (HIPC),1994,32.2936668569552
HPC,Heavily indebted poor countries (HIPC),1993,8.52787695688003
HPC,Heavily indebted poor countries (HIPC),1992,9.5234771910899
HPC,Heavily indebted poor countries (HIPC),1991,8.81964099733884
HPC,Heavily indebted poor countries (HIPC),1990,6.8011976076257
,High income,2023,4.73151302622883
,High income,2022,7.53107834634288
,High income,2021,2.51837109614213
,High income,2020,0.598986330824643
,High income,2019,1.61520141548374
,High income,2018,1.88110755567036
,High income,2017,1.58909413567799
,High income,2016,0.394769306686392
,High income,2015,0.330027165141066
,High income,2014,1.0411962117843
,High income,2013,1.50472330251876
,High income,2012,2.71011917735495
,High income,2011,3.4137454766178
,High income,2010,2.13371996141622
,High income,2009,1.61510464058236
,High income,2008,4.66900841902491
,High income,2007,2.85289842680654
,High income,2006,2.72004750529275
,High income,2005,2.65848484065262
,High income,2004,2.20673661423657
,High income,2003,2.06537075200125
,High income,2002,2.11628413580454
,High income,2001,2.62741314203333
,High income,2000,2.71943995691976
,High income,1999,2.1354484441733
,High income,1998,2.09342182464286
,High income,1997,2.49923734928089
,High income,1996,2.95506453237354
,High income,1995,3.8525240434398
,High income,1994,2.95340936761081
,High income,1993,4.25170068027212
,High income,1992,4.0370302077874
,High income,1991,5.55555555555579
,High income,1990,5.62032342188551
IBD,IBRD only,2023,5.87451911590197
IBD,IBRD only,2022,9.10437983075437
IBD,IBRD only,2021,4.27166381536798
IBD,IBRD only,2020,2.41513094083414
IBD,IBRD only,2019,2.51105615927257
IBD,IBRD only,2018,3.20720069534783
IBD,IBRD only,2017,3.32389447576097
IBD,IBRD only,2016,2.12081713361588
IBD,IBRD only,2015,3.09551722027242
IBD,IBRD only,2014,3.50379093139812
IBD,IBRD only,2013,3.89555152647667
IBD,IBRD only,2012,4.2795142691943
IBD,IBRD only,2011,5.55389892257493
IBD,IBRD only,2010,4.11211139315219
IBD,IBRD only,2009,3.73014786563159
IBD,IBRD only,2008,9.41346312169848
IBD,IBRD only,2007,5.43249256550149
IBD,IBRD only,2006,5.64087772156342
IBD,IBRD only,2005,4.90328350926892
IBD,IBRD only,2004,4.69938972474513
IBD,IBRD only,2003,4.09500376698844
IBD,IBRD only,2002,4.1500586166472
IBD,IBRD only,2001,5.39883985897829
IBD,IBRD only,2000,4.68757013735526
IBD,IBRD only,1999,5.01996827507182
IBD,IBRD only,1998,7.26619804400963
IBD,IBRD only,1997,7.71053878969883
IBD,IBRD only,1996,10.0828580652108
IBD,IBRD only,1995,14.5838224334001
IBD,IBRD only,1994,22.705647224337
IBD,IBRD only,1993,14.3308033365888
IBD,IBRD only,1992,13.6374241717218
IBD,IBRD only,1991,19.505001673093
IBD,IBRD only,1990,16.1921375615233
IBT,IDA & IBRD total,2023,6.09114152504141
IBT,IDA & IBRD total,2022,9.08963911525032
IBT,IDA & IBRD total,2021,4.25936417542868
IBT,IDA & IBRD total,2020,2.8981937602627
IBT,IDA & IBRD total,2019,2.6806827895334
IBT,IDA & IBRD total,2018,3.08668284239473
IBT,IDA & IBRD total,2017,3.33787586109568
IBT,IDA & IBRD total,2016,2.81495791361944
IBT,IDA & IBRD total,2015,3.12900274473925
IBT,IDA & IBRD total,2014,3.52566203758282
IBT,IDA & IBRD total,2013,4.3411548980431
IBT,IDA & IBRD total,2012,5.00686319367273
IBT,IDA & IBRD total,2011,5.79301069011207
IBT,IDA & IBRD total,2010,4.15672722680174
IBT,IDA & IBRD total,2009,3.9989545184994
IBT,IDA & IBRD total,2008,10.2783937621135
IBT,IDA & IBRD total,2007,6.14356655248047
IBT,IDA & IBRD total,2006,6.12556615620285
IBT,IDA & IBRD total,2005,6.08218729535043
IBT,IDA & IBRD total,2004,4.46346840736576
IBT,IDA & IBRD total,2003,4.52733824219011
IBT,IDA & IBRD total,2002,3.8957052575849
IBT,IDA & IBRD total,2001,5.00743290822373
IBT,IDA & IBRD total,2000,4.18234633956545
IBT,IDA & IBRD total,1999,4.46435467675891
IBT,IDA & IBRD total,1998,6.81079323797193
IBT,IDA & IBRD total,1997,7.12532722513057
IBT,IDA & IBRD total,1996,8.82705061756342
IBT,IDA & IBRD total,1995,11.1287029707089
IBT,IDA & IBRD total,1994,20.5661948376355
IBT,IDA & IBRD total,1993,10.6332425818308
IBT,IDA & IBRD total,1992,10.0561167448841
IBT,IDA & IBRD total,1991,12.4452441633871
IBT,IDA & IBRD total,1990,10.8589657782787
IDB,IDA blend,2023,4.56457719814894
IDB,IDA blend,2022,6.64110132423665
IDB,IDA blend,2021,3.46677876951929
IDB,IDA blend,2020,2.1039488213608
IDB,IDA blend,2019,1.9999797664804
IDB,IDA blend,2018,2.48030843191907
IDB,IDA blend,2017,1.14765339305816
IDB,IDA blend,2016,1.65038994431573
IDB,IDA blend,2015,1.37488542621447
IDB,IDA blend,2014,1.20139964481058
IDB,IDA blend,2013,2.58117037252936
IDB,IDA blend,2012,4.17763587102515
IDB,IDA blend,2011,4.47388342165023
IDB,IDA blend,2010,3.3434265756174
IDB,IDA blend,2009,1.01950457731138
IDB,IDA blend,2008,8.0332732765034
IDB,IDA blend,2007,4.41099704193489
IDB,IDA blend,2006,4.25195321977967
IDB,IDA blend,2005,3.475806937554
IDB,IDA blend,2004,2.82748519391201
IDB,IDA blend,2003,2.91413470059479
IDB,IDA blend,2002,2.95584372642747
IDB,IDA blend,2001,4.31709969236181
IDB,IDA blend,2000,2.79910741834291
IDB,IDA blend,1999,3.82321751095557
IDB,IDA blend,1998,4.61144759515372
IDB,IDA blend,1997,4.02083333333306
IDB,IDA blend,1996,5.18576037812015
IDB,IDA blend,1995,8.71060784947218
IDB,IDA blend,1994,8.06942603327222
IDB,IDA blend,1993,4.94888921262694
IDB,IDA blend,1992,4.59631864289182
IDB,IDA blend,1991,6.32344804551798
IDB,IDA blend,1990,7.15888095230384
IDX,IDA only,2023,7.12142371831339
IDX,IDA only,2022,9.57337118555953
IDX,IDA only,2021,4.37012190478157
IDX,IDA only,2020,3.94180326908065
IDX,IDA only,2019,3.09261003373251
IDX,IDA only,2018,3.01748181031406
IDX,IDA only,2017,4.31421134623784
IDX,IDA only,2016,3.74103082110771
IDX,IDA only,2015,3.40274327737188
IDX,IDA only,2014,4.40535234185293
IDX,IDA only,2013,5.16189898581494
IDX,IDA only,2012,6.05143662139967
IDX,IDA only,2011,6.7395240045165
IDX,IDA only,2010,4.82734190074673
IDX,IDA only,2009,4.53017659132801
IDX,IDA only,2008,11.4846669599236
IDX,IDA only,2007,7.13981139139829
IDX,IDA only,2006,6.73026291414056
IDX,IDA only,2005,7.20288349647587
IDX,IDA only,2004,4.66846622369881
IDX,IDA only,2003,5.70700931874738
IDX,IDA only,2002,4.60574757807992
IDX,IDA only,2001,4.7148963468961
IDX,IDA only,2000,4.08876261680312
IDX,IDA only,1999,4.69170563048438
IDX,IDA only,1998,6.2100670945581
IDX,IDA only,1997,7.57283467072592
IDX,IDA only,1996,8.79001381935162
IDX,IDA only,1995,10.5632886691814
IDX,IDA only,1994,21.729346883819
IDX,IDA only,1993,9.67934658067928
IDX,IDA only,1992,10.3346307870551
IDX,IDA only,1991,12.4452441633871
IDX,IDA only,1990,10.0118383223406
IDA,IDA total,2023,7.10220928557059
IDA,IDA total,2022,8.6807215073403
IDA,IDA total,2021,4.17270582217659
IDA,IDA total,2020,3.47617372722187
IDA,IDA total,2019,2.74447528387472
IDA,IDA total,2018,2.84578376094084
IDA,IDA total,2017,3.85067166284727
IDA,IDA total,2016,3.21988689395718
IDA,IDA total,2015,3.15783117980915
IDA,IDA total,2014,3.52566203758282
IDA,IDA total,2013,4.88516387595471
IDA,IDA total,2012,5.59607014268585
IDA,IDA total,2011,6.33279483849042
IDA,IDA total,2010,4.3005534033896
IDA,IDA total,2009,4.32909396037581
IDA,IDA total,2008,10.7156661309681
IDA,IDA total,2007,6.55722772638066
IDA,IDA total,2006,6.2410332814282
IDA,IDA total,2005,6.83633265892877
IDA,IDA total,2004,4.37623907077312
IDA,IDA total,2003,5.30297697364859
IDA,IDA total,2002,3.82293995768478
IDA,IDA total,2001,4.41977245881146
IDA,IDA total,2000,3.86106534185509
IDA,IDA total,1999,4.14267137284048
IDA,IDA total,1998,6.0922623040259
IDA,IDA total,1997,6.68365536789982
IDA,IDA total,1996,7.19164660433344
IDA,IDA total,1995,10.0221733553239
IDA,IDA total,1994,15.1763474313441
IDA,IDA total,1993,7.50539419087105
IDA,IDA total,1992,9.49779198403657
IDA,IDA total,1991,9.27545370655182
IDA,IDA total,1990,8.23970037453206
LTE,Late-demographic dividend,2023,5.86910359896119
LTE,Late-demographic dividend,2022,9.10437983075437
LTE,Late-demographic dividend,2021,3.49505757399448
LTE,Late-demographic dividend,2020,1.93694126694223
LTE,Late-demographic dividend,2019,2.16993433856378
LTE,Late-demographic dividend,2018,2.4744634711843
LTE,Late-demographic dividend,2017,2.17727572689262
LTE,Late-demographic dividend,2016,1.10920805807027
LTE,Late-demographic dividend,2015,1.5579071134626
LTE,Late-demographic dividend,2014,2.04461481539342
LTE,Late-demographic dividend,2013,2.68229684085039
LTE,Late-demographic dividend,2012,3.31605566687647
LTE,Late-demographic dividend,2011,4.37073559939223
LTE,Late-demographic dividend,2010,3.29777961339846
LTE,Late-demographic dividend,2009,3.04166827698484
LTE,Late-demographic dividend,2008,8.95598705177784
LTE,Late-demographic dividend,2007,5.43875883876556
LTE,Late-demographic dividend,2006,4.3655220300907
LTE,Late-demographic dividend,2005,4.14297583631023
LTE,Late-demographic dividend,2004,3.85730391367399
LTE,Late-demographic dividend,2003,3.23464817293925
LTE,Late-demographic dividend,2002,2.80115505180745
LTE,Late-demographic dividend,2001,4.64604442058634
LTE,Late-demographic dividend,2000,4.10280983042326
LTE,Late-demographic dividend,1999,3.3880075420401
LTE,Late-demographic dividend,1998,5.44152554019983
LTE,Late-demographic dividend,1997,5.87983105743517
LTE,Late-demographic dividend,1996,7.22691489532406
LTE,Late-demographic dividend,1995,8.01292443952664
LTE,Late-demographic dividend,1994,11.4431196444973
LTE,Late-demographic dividend,1993,10.6765371840708
LTE,Late-demographic dividend,1992,5.82434514637906
LTE,Late-demographic dividend,1991,6.90489632742755
LTE,Late-demographic dividend,1990,7.60609957743892
LCN,Latin America & Caribbean,2023,4.63202285403356
LCN,Latin America & Caribbean,2022,8.08552554700602
LCN,Latin America & Caribbean,2021,3.87805442411131
LCN,Latin America & Caribbean,2020,1.49389017299587
LCN,Latin America & Caribbean,2019,2.18225589066245
LCN,Latin America & Caribbean,2018,2.37951733360489
LCN,Latin America & Caribbean,2017,2.19201010962985
LCN,Latin America & Caribbean,2016,1.65038994431573
LCN,Latin America & Caribbean,2015,1.86148302863371
LCN,Latin America & Caribbean,2014,3.38341272749477
LCN,Latin America & Caribbean,2013,2.5286478853837
LCN,Latin America & Caribbean,2012,3.78180754679678
LCN,Latin America & Caribbean,2011,4.87799830970702
LCN,Latin America & Caribbean,2010,3.49128872618809
LCN,Latin America & Caribbean,2009,2.50049988756384
LCN,Latin America & Caribbean,2008,8.1081081081078
LCN,Latin America & Caribbean,2007,4.57808572377153
LCN,Latin America & Caribbean,2006,4.25195321977967
LCN,Latin America & Caribbean,2005,4.44057565687913
LCN,Latin America & Caribbean,2004,4.38032286534608
LCN,Latin America & Caribbean,2003,3.73373566167644
LCN,Latin America & Caribbean,2002,3.95011663721593
LCN,Latin America & Caribbean,2001,4.05508061344645
LCN,Latin America & Caribbean,2000,4.60822998872598
LCN,Latin America & Caribbean,1999,3.45439793587508
LCN,Latin America & Caribbean,1998,5.11024954517559
LCN,Latin America & Caribbean,1997,6.94956608534118
LCN,Latin America & Caribbean,1996,7.35911781788767
LCN,Latin America & Caribbean,1995,10.1932067630745
LCN,Latin America & Caribbean,1994,9.70025033516309
LCN,Latin America & Caribbean,1993,10.2636237496549
LCN,Latin America & Caribbean,1992,10.6301996893037
LCN,Latin America & Caribbean,1991,21.6157411224449
LCN,Latin America & Caribbean,1990,21.5079881732679
LAC,Latin America & Caribbean (excluding high income),2023,5.08677483158112
LAC,Latin America & Caribbean (excluding high income),2022,8.81109209279587
LAC,Latin America & Caribbean (excluding high income),2021,4.27166381536798
LAC,Latin America & Caribbean (excluding high income),2020,2.52663500084706
LAC,Latin America & Caribbean (excluding high income),2019,2.50460959460401
LAC,Latin America & Caribbean (excluding high income),2018,3.40250179472038
LAC,Latin America & Caribbean (excluding high income),2017,3.36296514855608
LAC,Latin America & Caribbean (excluding high income),2016,2.8217078474766
LAC,Latin America & Caribbean (excluding high income),2015,3.15783117980915
LAC,Latin America & Caribbean (excluding high income),2014,3.43816659958601
LAC,Latin America & Caribbean (excluding high income),2013,2.76789666082002
LAC,Latin America & Caribbean (excluding high income),2012,4.11150981070289
LAC,Latin America & Caribbean (excluding high income),2011,5.79676809206533
LAC,Latin America & Caribbean (excluding high income),2010,3.8595090983316
LAC,Latin America & Caribbean (excluding high income),2009,2.59194673430567
LAC,Latin America & Caribbean (excluding high income),2008,9.23316888222976
LAC,Latin America & Caribbean (excluding high income),2007,5.84397570531601
LAC,Latin America & Caribbean (excluding high income),2006,4.26717463390264
LAC,Latin America & Caribbean (excluding high income),2005,4.87098416796732
LAC,Latin America & Caribbean (excluding high income),2004,5.29621445194822
LAC,Latin America & Caribbean (excluding high income),2003,5.45293224327203
LAC,Latin America & Caribbean (excluding high income),2002,5.12704751455371
LAC,Latin America & Caribbean (excluding high income),2001,6.58482368511314
LAC,Latin America & Caribbean (excluding high income),2000,7.05702729099891
LAC,Latin America & Caribbean (excluding high income),1999,4.85844749902667
LAC,Latin America & Caribbean (excluding high income),1998,6.61346070518058
LAC,Latin America & Caribbean (excluding high income),1997,7.14511160883929
LAC,Latin America & Caribbean (excluding high income),1996,11.0569165321987
LAC,Latin America & Caribbean (excluding high income),1995,12.5359594558963
LAC,Latin America & Caribbean (excluding high income),1994,10.8553211494391
LAC,Latin America & Caribbean (excluding high income),1993,11.8196901746257
LAC,Latin America & Caribbean (excluding high income),1992,12.060323601829
LAC,Latin America & Caribbean (excluding high income),1991,24.2253521126763
LAC,Latin America & Caribbean (excluding high income),1990,23.3225664366467
TLA,Latin America & the Caribbean (IDA & IBRD countries),2023,4.70881783212245
TLA,Latin America & the Caribbean (IDA & IBRD countries),2022,8.27477490232654
TLA,Latin America & the Caribbean (IDA & IBRD countries),2021,4.26105127422813
TLA,Latin America & the Caribbean (IDA & IBRD countries),2020,1.76751592356698
TLA,Latin America & the Caribbean (IDA & IBRD countries),2019,2.09604635327807
TLA,Latin America & the Caribbean (IDA & IBRD countries),2018,2.32414485367921
TLA,Latin America & the Caribbean (IDA & IBRD countries),2017,2.8227580554717
TLA,Latin America & the Caribbean (IDA & IBRD countries),2016,2.53781710390567
TLA,Latin America & the Caribbean (IDA & IBRD countries),2015,2.92482169718974
TLA,Latin America & the Caribbean (IDA & IBRD countries),2014,3.4282641481078
TLA,Latin America & the Caribbean (IDA & IBRD countries),2013,2.74483621896186
TLA,Latin America & the Caribbean (IDA & IBRD countries),2012,4.14457284086402
TLA,Latin America & the Caribbean (IDA & IBRD countries),2011,5.46284592944072
TLA,Latin America & the Caribbean (IDA & IBRD countries),2010,4.00811816256667
TLA,Latin America & the Caribbean (IDA & IBRD countries),2009,2.76408913513633
TLA,Latin America & the Caribbean (IDA & IBRD countries),2008,8.40009593987462
TLA,Latin America & the Caribbean (IDA & IBRD countries),2007,5.54438485815156
TLA,Latin America & the Caribbean (IDA & IBRD countries),2006,4.29342363628927
TLA,Latin America & the Caribbean (IDA & IBRD countries),2005,4.6992773903564
TLA,Latin America & the Caribbean (IDA & IBRD countries),2004,4.45194392395045
TLA,Latin America & the Caribbean (IDA & IBRD countries),2003,4.54690012118718
TLA,Latin America & the Caribbean (IDA & IBRD countries),2002,4.24026660688645
TLA,Latin America & the Caribbean (IDA & IBRD countries),2001,5.30722081028547
TLA,Latin America & the Caribbean (IDA & IBRD countries),2000,4.76382472733251
TLA,Latin America & the Caribbean (IDA & IBRD countries),1999,3.48672890200981
TLA,Latin America & the Caribbean (IDA & IBRD countries),1998,5.26903547042201
TLA,Latin America & the Caribbean (IDA & IBRD countries),1997,7.14511160883929
TLA,Latin America & the Caribbean (IDA & IBRD countries),1996,9.78892040179966
TLA,Latin America & the Caribbean (IDA & IBRD countries),1995,11.1287029707089
TLA,Latin America & the Caribbean (IDA & IBRD countries),1994,10.7205639010421
TLA,Latin America & the Caribbean (IDA & IBRD countries),1993,10.791941318612
TLA,Latin America & the Caribbean (IDA & IBRD countries),1992,11.6374024910138
TLA,Latin America & the Caribbean (IDA & IBRD countries),1991,22.2233859414184
TLA,Latin America & the Caribbean (IDA & IBRD countries),1990,21.8500597281305
LDC,Least developed countries: UN classification,2023,7.12697482131851
LDC,Least developed countries: UN classification,2022,9.45801281304023
LDC,Least developed countries: UN classification,2021,4.15649125482107
LDC,Least developed countries: UN classification,2020,4.33296874711709
LDC,Least developed countries: UN classification,2019,3.32255881256925
LDC,Least developed countries: UN classification,2018,3.46147484973729
LDC,Least developed countries: UN classification,2017,4.5725365531752
LDC,Least developed countries: UN classification,2016,5.34414600997244
LDC,Least developed countries: UN classification,2015,3.40274327737188
LDC,Least developed countries: UN classification,2014,4.40535234185293
LDC,Least developed countries: UN classification,2013,5.52412877994266
LDC,Least developed countries: UN classification,2012,6.31474450315177
LDC,Least developed countries: UN classification,2011,6.61038986512481
LDC,Least developed countries: UN classification,2010,5.04968075857402
LDC,Least developed countries: UN classification,2009,4.56150687670983
LDC,Least developed countries: UN classification,2008,11.010388006835
LDC,Least developed countries: UN classification,2007,7.78556896236768
LDC,Least developed countries: UN classification,2006,6.85246617854622
LDC,Least developed countries: UN classification,2005,7.5640806170987
LDC,Least developed countries: UN classification,2004,4.53421374129692
LDC,Least developed countries: UN classification,2003,6.48943208673338
LDC,Least developed countries: UN classification,2002,4.46426400734842
LDC,Least developed countries: UN classification,2001,4.7148963468961
LDC,Least developed countries: UN classification,2000,3.89952980284712
LDC,Least developed countries: UN classification,1999,4.92577256142324
LDC,Least developed countries: UN classification,1998,7.11191114210706
LDC,Least developed countries: UN classification,1997,8.02210766631749
LDC,Least developed countries: UN classification,1996,9.33031458531928
LDC,Least developed countries: UN classification,1995,15.4480258352529
LDC,Least developed countries: UN classification,1994,25.1778762249963
LDC,Least developed countries: UN classification,1993,9.37034415971461
LDC,Least developed countries: UN classification,1992,10.6393021897438
LDC,Least developed countries: UN classification,1991,14.2458446087478
LDC,Least developed countries: UN classification,1990,8.48864649650694
LMY,Low & middle income,2023,6.15623852560203
LMY,Low & middle income,2022,8.81109209279587
LMY,Low & middle income,2021,4.25936417542868
LMY,Low & middle income,2020,3.02272119663759
LMY,Low & middle income,2019,2.76252019386111
LMY,Low & middle income,2018,3.24056932930569
LMY,Low & middle income,2017,3.66699702675925
LMY,Low & middle income,2016,3.10485077431451
LMY,Low & middle income,2015,3.1937715520338
LMY,Low & middle income,2014,3.58922016616663
LMY,Low & middle income,2013,4.76502404779142
LMY,Low & middle income,2012,5.01850353045616
LMY,Low & middle income,2011,6.24243848031396
LMY,Low & middle income,2010,4.27707052915122
LMY,Low & middle income,2009,4.21903052064628
LMY,Low & middle income,2008,10.3288523588126
LMY,Low & middle income,2007,6.21439998901471
LMY,Low & middle income,2006,5.941702150993
LMY,Low & middle income,2005,6.42129648219885
LMY,Low & middle income,2004,4.47499289078107
LMY,Low & middle income,2003,5.12899499422419
LMY,Low & middle income,2002,4.20946950296717
LMY,Low & middle income,2001,5.00743290822373
LMY,Low & middle income,2000,4.03804141226469
LMY,Low & middle income,1999,4.6698203803759
LMY,Low & middle income,1998,6.84566922417272
LMY,Low & middle income,1997,7.08731177077217
LMY,Low & middle income,1996,8.92061987701987
LMY,Low & middle income,1995,11.1287029707089
LMY,Low & middle income,1994,21.1477708607272
LMY,Low & middle income,1993,10.008361204014
LMY,Low & middle income,1992,10.0459179984088
LMY,Low & middle income,1991,12.2304018326641
LMY,Low & middle income,1990,10.0118383223406
,Low income,2023,8.5006507858837
,Low income,2022,10.2794018093421
,Low income,2021,5.81225118787715
,Low income,2020,5.60188791482224
,Low income,2019,3.10773229242274
,Low income,2018,3.43946902997592
,Low income,2017,8.44429373841891
,Low income,2016,6.03575858154679
,Low income,2015,5.54468891259779
,Low income,2014,4.5223320279748
,Low income,2013,5.76277967044681
,Low income,2012,7.17420534041191
,Low income,2011,8.0554950734896
,Low income,2010,4.72354729503736
,Low income,2009,5.20701729805784
,Low income,2008,12.0508555482886
,Low income,2007,7.9522099086403
,Low income,2006,7.32606110920211
,Low income,2005,8.47728859116324
,Low income,2004,4.21376268767905
,Low income,2003,6.96956611340352
,Low income,2002,4.16647225497473
,Low income,2001,4.49259609239754
,Low income,2000,3.82260088086306
,Low income,1999,3.38542427340455
,Low income,1998,5.08433344145324
,Low income,1997,4.48638261737399
,Low income,1996,8.2498900991551
,Low income,1995,16.3155868273536
,Low income,1994,24.8744449762784
,Low income,1993,9.84385389234665
,Low income,1992,10.0439279439837
,Low income,1991,8.99846936747167
,Low income,1990,7.00216956651122
,Lower middle income,2023,7.52710509155193
,Lower middle income,2022,7.96757361617945
,Lower middle income,2021,4.48087963413446
,Lower middle income,2020,4.97809676252309
,Lower middle income,2019,3.58213544469211
,Lower middle income,2018,4.29159105337875
,Lower middle income,2017,3.85067166284727
,Lower middle income,2016,3.62321431764138
,Lower middle income,2015,3.99737996694396
,Lower middle income,2014,5.37028961008587
,Lower middle income,2013,5.60092502290401
,Lower middle income,2012,6.05143662139967
,Lower middle income,2011,6.4293968107234
,Lower middle income,2010,4.85113088859311
,Lower middle income,2009,4.41500374795223
,Lower middle income,2008,10.7614182326827
,Lower middle income,2007,6.93621470895786
,Lower middle income,2006,5.941702150993
,Lower middle income,2005,5.37887596361502
,Lower middle income,2004,4.43738080101725
,Lower middle income,2003,5.30238773219936
,Lower middle income,2002,3.75017465778466
,Lower middle income,2001,4.41977245881146
,Lower middle income,2000,4.26603446790982
,Lower middle income,1999,5.20489482723138
,Lower middle income,1998,8.40223795613228
,Lower middle income,1997,7.16425211462721
,Lower middle income,1996,9.22046662376986
,Lower middle income,1995,11.2932015274316
,Lower middle income,1994,13.7693248804359
,Lower middle income,1993,9.16866233321985
,Lower middle income,1992,10.0989671535176
,Lower middle income,1991,13.2242657726507
,Lower middle income,1990,8.97123250273255
MEA,"Middle East, North Africa, Afghanistan & Pakistan",2023,4.22522603168918
MEA,"Middle East, North Africa, Afghanistan & Pakistan",2022,5.17222088647606
MEA,"Middle East, North Africa, Afghanistan & Pakistan",2021,2.86833027751015
MEA,"Middle East, North Africa, Afghanistan & Pakistan",2020,1.44703656998741
MEA,"Middle East, North Africa, Afghanistan & Pakistan",2019,1.33601568147656
MEA,"Middle East, North Africa, Afghanistan & Pakistan",2018,1.94579304594437
MEA,"Middle East, North Africa, Afghanistan & Pakistan",2017,2.06932928164424
MEA,"Middle East, North Africa, Afghanistan & Pakistan",2016,2.5395603776654
MEA,"Middle East, North Africa, Afghanistan & Pakistan",2015,1.6859921764201
MEA,"Middle East, North Africa, Afghanistan & Pakistan",2014,2.64755321246189
MEA,"Middle East, North Africa, Afghanistan & Pakistan",2013,3.25423910998847
MEA,"Middle East, North Africa, Afghanistan & Pakistan",2012,4.5152295667099
MEA,"Middle East, North Africa, Afghanistan & Pakistan",2011,4.7531638888563
MEA,"Middle East, North Africa, Afghanistan & Pakistan",2010,3.74915727597096
MEA,"Middle East, North Africa, Afghanistan & Pakistan",2009,2.92089711805367
MEA,"Middle East, North Africa, Afghanistan & Pakistan",2008,12.1045204672346
MEA,"Middle East, North Africa, Afghanistan & Pakistan",2007,4.74390639021648
MEA,"Middle East, North Africa, Afghanistan & Pakistan",2006,3.54498591605033
MEA,"Middle East, North Africa, Afghanistan & Pakistan",2005,3.49368534619531
MEA,"Middle East, North Africa, Afghanistan & Pakistan",2004,3.24206513087977
MEA,"Middle East, North Africa, Afghanistan & Pakistan",2003,2.12326619508507
MEA,"Middle East, North Africa, Afghanistan & Pakistan",2002,2.01074218531299
MEA,"Middle East, North Africa, Afghanistan & Pakistan",2001,1.75942831168225
MEA,"Middle East, North Africa, Afghanistan & Pakistan",2000,1.85379035325277
MEA,"Middle East, North Africa, Afghanistan & Pakistan",1999,2.66937369053701
MEA,"Middle East, North Africa, Afghanistan & Pakistan",1998,3.41731948975798
MEA,"Middle East, North Africa, Afghanistan & Pakistan",1997,3.60116103260946
MEA,"Middle East, North Africa, Afghanistan & Pakistan",1996,4.90453460620532
MEA,"Middle East, North Africa, Afghanistan & Pakistan",1995,7.23798494499129
MEA,"Middle East, North Africa, Afghanistan & Pakistan",1994,5.14167152953361
MEA,"Middle East, North Africa, Afghanistan & Pakistan",1993,9.97366476029209
MEA,"Middle East, North Africa, Afghanistan & Pakistan",1992,9.35975158953134
MEA,"Middle East, North Africa, Afghanistan & Pakistan",1991,9.05818836232758
MEA,"Middle East, North Africa, Afghanistan & Pakistan",1990,8.4514624080388
MNA,"Middle East, North Africa, Afghanistan & Pakistan (excluding high income)",2023,6.09114152504141
MNA,"Middle East, North Africa, Afghanistan & Pakistan (excluding high income)",2022,8.30646124447623
MNA,"Middle East, North Africa, Afghanistan & Pakistan (excluding high income)",2021,5.21404940513043
MNA,"Middle East, North Africa, Afghanistan & Pakistan (excluding high income)",2020,2.41513094083414
MNA,"Middle East, North Africa, Afghanistan & Pakistan (excluding high income)",2019,2.65388100453608
MNA,"Middle East, North Africa, Afghanistan & Pakistan (excluding high income)",2018,4.36615064471282
MNA,"Middle East, North Africa, Afghanistan & Pakistan (excluding high income)",2017,4.64865184428512
MNA,"Middle East, North Africa, Afghanistan & Pakistan (excluding high income)",2016,3.69725926870481
MNA,"Middle East, North Africa, Afghanistan & Pakistan (excluding high income)",2015,2.04361764300244
MNA,"Middle East, North Africa, Afghanistan & Pakistan (excluding high income)",2014,2.91692692067458
MNA,"Middle East, North Africa, Afghanistan & Pakistan (excluding high income)",2013,4.82462314269537
MNA,"Middle East, North Africa, Afghanistan & Pakistan (excluding high income)",2012,6.44121280934117
MNA,"Middle East, North Africa, Afghanistan & Pakistan (excluding high income)",2011,5.0687139477798
MNA,"Middle East, North Africa, Afghanistan & Pakistan (excluding high income)",2010,3.95007875923886
MNA,"Middle East, North Africa, Afghanistan & Pakistan (excluding high income)",2009,2.92089711805367
MNA,"Middle East, North Africa, Afghanistan & Pakistan (excluding high income)",2008,13.3170419140979
MNA,"Middle East, North Africa, Afghanistan & Pakistan (excluding high income)",2007,4.85494146787474
MNA,"Middle East, North Africa, Afghanistan & Pakistan (excluding high income)",2006,6.51816060829049
MNA,"Middle East, North Africa, Afghanistan & Pakistan (excluding high income)",2005,4.4883238379396
MNA,"Middle East, North Africa, Afghanistan & Pakistan (excluding high income)",2004,3.96180030257187
MNA,"Middle East, North Africa, Afghanistan & Pakistan (excluding high income)",2003,4.268953958395
MNA,"Middle East, North Africa, Afghanistan & Pakistan (excluding high income)",2002,2.73723855000334
MNA,"Middle East, North Africa, Afghanistan & Pakistan (excluding high income)",2001,2.26975720475956
MNA,"Middle East, North Africa, Afghanistan & Pakistan (excluding high income)",2000,2.74100213892152
MNA,"Middle East, North Africa, Afghanistan & Pakistan (excluding high income)",1999,2.88481199224956
MNA,"Middle East, North Africa, Afghanistan & Pakistan (excluding high income)",1998,4.41136855110302
MNA,"Middle East, North Africa, Afghanistan & Pakistan (excluding high income)",1997,4.13881599774754
MNA,"Middle East, North Africa, Afghanistan & Pakistan (excluding high income)",1996,7.18710369719992
MNA,"Middle East, North Africa, Afghanistan & Pakistan (excluding high income)",1995,12.3435785170513
MNA,"Middle East, North Africa, Afghanistan & Pakistan (excluding high income)",1994,12.3681943936948
MNA,"Middle East, North Africa, Afghanistan & Pakistan (excluding high income)",1993,12.0897922868977
MNA,"Middle East, North Africa, Afghanistan & Pakistan (excluding high income)",1992,11.0091743119265
MNA,"Middle East, North Africa, Afghanistan & Pakistan (excluding high income)",1991,11.8960953011251
MNA,"Middle East, North Africa, Afghanistan & Pakistan (excluding high income)",1990,9.05213155279776
TMN,"Middle East, North Africa, Afghanistan & Pakistan (IDA & IBRD)",2023,7.70665764216232
TMN,"Middle East, North Africa, Afghanistan & Pakistan (IDA & IBRD)",2022,8.78598837999588
TMN,"Middle East, North Africa, Afghanistan & Pakistan (IDA & IBRD)",2021,5.46019980671871
TMN,"Middle East, North Africa, Afghanistan & Pakistan (IDA & IBRD)",2020,3.73003191530476
TMN,"Middle East, North Africa, Afghanistan & Pakistan (IDA & IBRD)",2019,3.00538949390383
TMN,"Middle East, North Africa, Afghanistan & Pakistan (IDA & IBRD)",2018,4.46231108475481
TMN,"Middle East, North Africa, Afghanistan & Pakistan (IDA & IBRD)",2017,4.97595150553833
TMN,"Middle East, North Africa, Afghanistan & Pakistan (IDA & IBRD)",2016,3.7651191635658
TMN,"Middle East, North Africa, Afghanistan & Pakistan (IDA & IBRD)",2015,2.52932817254229
TMN,"Middle East, North Africa, Afghanistan & Pakistan (IDA & IBRD)",2014,3.77123895800744
TMN,"Middle East, North Africa, Afghanistan & Pakistan (IDA & IBRD)",2013,5.07042922798113
TMN,"Middle East, North Africa, Afghanistan & Pakistan (IDA & IBRD)",2012,6.51134364308897
TMN,"Middle East, North Africa, Afghanistan & Pakistan (IDA & IBRD)",2011,5.33638269521995
TMN,"Middle East, North Africa, Afghanistan & Pakistan (IDA & IBRD)",2010,3.9667790888986
TMN,"Middle East, North Africa, Afghanistan & Pakistan (IDA & IBRD)",2009,3.29290021224143
TMN,"Middle East, North Africa, Afghanistan & Pakistan (IDA & IBRD)",2008,13.9712310012729
TMN,"Middle East, North Africa, Afghanistan & Pakistan (IDA & IBRD)",2007,4.96597654553301
TMN,"Middle East, North Africa, Afghanistan & Pakistan (IDA & IBRD)",2006,6.78459655001655
TMN,"Middle East, North Africa, Afghanistan & Pakistan (IDA & IBRD)",2005,4.86939696871988
TMN,"Middle East, North Africa, Afghanistan & Pakistan (IDA & IBRD)",2004,4.19747083488513
TMN,"Middle East, North Africa, Afghanistan & Pakistan (IDA & IBRD)",2003,3.5915443294949
TMN,"Middle East, North Africa, Afghanistan & Pakistan (IDA & IBRD)",2002,2.72913569925394
TMN,"Middle East, North Africa, Afghanistan & Pakistan (IDA & IBRD)",2001,2.63487860237975
TMN,"Middle East, North Africa, Afghanistan & Pakistan (IDA & IBRD)",2000,2.68380535348546
TMN,"Middle East, North Africa, Afghanistan & Pakistan (IDA & IBRD)",1999,2.6901248581158
TMN,"Middle East, North Africa, Afghanistan & Pakistan (IDA & IBRD)",1998,3.8725754642749
TMN,"Middle East, North Africa, Afghanistan & Pakistan (IDA & IBRD)",1997,3.65202620723071
TMN,"Middle East, North Africa, Afghanistan & Pakistan (IDA & IBRD)",1996,7.18710369719992
TMN,"Middle East, North Africa, Afghanistan & Pakistan (IDA & IBRD)",1995,12.3435785170513
TMN,"Middle East, North Africa, Afghanistan & Pakistan (IDA & IBRD)",1994,12.3681943936948
TMN,"Middle East, North Africa, Afghanistan & Pakistan (IDA & IBRD)",1993,12.0897922868977
TMN,"Middle East, North Africa, Afghanistan & Pakistan (IDA & IBRD)",1992,11.0091743119265
TMN,"Middle East, North Africa, Afghanistan & Pakistan (IDA & IBRD)",1991,11.8960953011251
TMN,"Middle East, North Africa, Afghanistan & Pakistan (IDA & IBRD)",1990,9.05213155279776
MIC,Middle income,2023,6.083192685419
MIC,Middle income,2022,8.32008377271927
MIC,Middle income,2021,4.14298201176246
MIC,Middle income,2020,2.65664643301128
MIC,Middle income,2019,2.72643037388832
MIC,Middle income,2018,3.24056932930569
MIC,Middle income,2017,3.32817337461305
MIC,Middle income,2016,2.66824816969082
MIC,Middle income,2015,3.12900274473925
MIC,Middle income,2014,3.53436856147324
MIC,Middle income,2013,4.34337131279521
MIC,Middle income,2012,4.54633427355302
MIC,Middle income,2011,5.95209761898392
MIC,Middle income,2010,4.11211139315219
MIC,Middle income,2009,3.71360592035809
MIC,Middle income,2008,10.0662418245849
MIC,Middle income,2007,6.14356655248047
MIC,Middle income,2006,5.51867769956796
MIC,Middle income,2005,5.04279485978429
MIC,Middle income,2004,4.53421374129692
MIC,Middle income,2003,4.54690012118718
MIC,Middle income,2002,4.20946950296717
MIC,Middle income,2001,5.17317662983333
MIC,Middle income,2000,4.16540442290283
MIC,Middle income,1999,4.77507656475552
MIC,Middle income,1998,7.26619804400963
MIC,Middle income,1997,7.12532722513057
MIC,Middle income,1996,8.97715233826453
MIC,Middle income,1995,10.512546081579
MIC,Middle income,1994,13.5126787360499
MIC,Middle income,1993,10.5178384472896
MIC,Middle income,1992,10.0459179984088
MIC,Middle income,1991,12.641073023816
MIC,Middle income,1990,10.3326720542949
NAC,North America,2023,3.99766999081457
NAC,North America,2022,7.40280048696867
NAC,North America,2021,4.04652602445635
NAC,North America,2020,0.97529201430706
NAC,North America,2019,1.88073954968807
NAC,North America,2018,2.3554044847046
NAC,North America,2017,1.86349706609469
NAC,North America,2016,1.34517137635811
NAC,North America,2015,0.621934248247613
NAC,North America,2014,1.76442944229339
NAC,North America,2013,1.20156227672124
NAC,North America,2012,1.79250774825292
NAC,North America,2011,3.03448832867276
NAC,North America,2010,1.70845749165809
NAC,North America,2009,-0.0280397316452242
NAC,North America,2008,3.10468548554699
NAC,North America,2007,2.49552823708488
NAC,North America,2006,2.61398474802283
NAC,North America,2005,2.80314943994659
NAC,North America,2004,2.26724770583214
NAC,North America,2003,2.51432909348113
NAC,North America,2002,1.92221301795728
NAC,North America,2001,2.67564562932656
NAC,North America,2000,3.04814861420953
NAC,North America,1999,1.96143507401638
NAC,North America,1998,1.27411077770083
NAC,North America,1997,1.97945315907633
NAC,North America,1996,2.2508676625029
NAC,North America,1995,2.47709000955755
NAC,North America,1994,1.38650225303091
NAC,North America,1993,2.40836816573249
NAC,North America,1992,2.25947629094757
NAC,North America,1991,4.93041402523427
NAC,North America,1990,5.08921668663315
OED,OECD members,2023,5.67767862615429
OED,OECD members,2022,8.23803240697186
OED,OECD members,2021,2.81528975687994
OED,OECD members,2020,0.73285164517586
OED,OECD members,2019,1.74071267870181
OED,OECD members,2018,1.93246766472803
OED,OECD members,2017,1.82264336059067
OED,OECD members,2016,0.443258157565783
OED,OECD members,2015,0.338705695410168
OED,OECD members,2014,0.624517311086569
OED,OECD members,2013,1.45156526398378
OED,OECD members,2012,2.52945520915772
OED,OECD members,2011,3.37429759432522
OED,OECD members,2010,1.807352305661
OED,OECD members,2009,1.10457711175389
OED,OECD members,2008,4.11407022033817
OED,OECD members,2007,2.48470438812865
OED,OECD members,2006,2.60015376460355
OED,OECD members,2005,2.4721217904786
OED,OECD members,2004,2.25796409638232
OED,OECD members,2003,2.18428358241517
OED,OECD members,2002,2.47736067910935
OED,OECD members,2001,3.1890826810605
OED,OECD members,2000,3.06380344899535
OED,OECD members,1999,2.17260318876204
OED,OECD members,1998,2.10577481135343
OED,OECD members,1997,2.26900305912498
OED,OECD members,1996,3.00009076251614
OED,OECD members,1995,4.35177861328368
OED,OECD members,1994,3.50262577413398
OED,OECD members,1993,4.59790321006551
OED,OECD members,1992,5.05697796731731
OED,OECD members,1991,5.9342134433593
OED,OECD members,1990,6.72181952228664
OSS,Other small states,2023,5.51293808804143
OSS,Other small states,2022,7.46811935414937
OSS,Other small states,2021,2.4284453278932
OSS,Other small states,2020,0.712593443137932
OSS,Other small states,2019,1.6420600176894
OSS,Other small states,2018,2.611223782638
OSS,Other small states,2017,1.76041559180605
OSS,Other small states,2016,0.642702771527304
OSS,Other small states,2015,0.953206658777607
OSS,Other small states,2014,1.34186494340162
OSS,Other small states,2013,2.78056658954988
OSS,Other small states,2012,4.14524724981119
OSS,Other small states,2011,4.47388342165023
OSS,Other small states,2010,2.97204512015694
OSS,Other small states,2009,2.51609128145113
OSS,Other small states,2008,9.06423621948942
OSS,Other small states,2007,5.05155736492143
OSS,Other small states,2006,3.48340699677866
OSS,Other small states,2005,3.01064523754217
OSS,Other small states,2004,3.14022764498905
OSS,Other small states,2003,2.57230861693339
OSS,Other small states,2002,3.16709859744411
OSS,Other small states,2001,4.40206686170551
OSS,Other small states,2000,4.08007358605409
OSS,Other small states,1999,3.82627232114681
OSS,Other small states,1998,3.4870438398436
OSS,Other small states,1997,6.66941526632594
OSS,Other small states,1996,5.96361961777576
OSS,Other small states,1995,5.96664139499613
OSS,Other small states,1994,4.12992181638259
OSS,Other small states,1993,5.78839590443697
OSS,Other small states,1992,4.29561553353871
OSS,Other small states,1991,6.90489632742755
OSS,Other small states,1990,7.2569464756495
PSS,Pacific island small states,2023,7.92164684826777
PSS,Pacific island small states,2022,6.37906506708423
PSS,Pacific island small states,2021,2.47788271992717
PSS,Pacific island small states,2020,0.386388224517504
PSS,Pacific island small states,2019,1.40719939417024
PSS,Pacific island small states,2018,2.89621932270298
PSS,Pacific island small states,2017,1.58394248575812
PSS,Pacific island small states,2016,1.07339388853343
PSS,Pacific island small states,2015,0.648242939254492
PSS,Pacific island small states,2014,1.45142452367373
PSS,Pacific island small states,2013,1.60563054554341
PSS,Pacific island small states,2012,2.0490188352116
PSS,Pacific island small states,2011,4.87864641704221
PSS,Pacific island small states,2010,2.10244243416258
PSS,Pacific island small states,2009,5.31100954595293
PSS,Pacific island small states,2008,11.0064471756381
PSS,Pacific island small states,2007,4.36959514201881
PSS,Pacific island small states,2006,4.42981143370254
PSS,Pacific island small states,2005,3.9514623522091
PSS,Pacific island small states,2004,4.96407576747217
PSS,Pacific island small states,2003,3.01624129930394
PSS,Pacific island small states,2002,1.96356754199195
PSS,Pacific island small states,2001,4.05547744166415
PSS,Pacific island small states,2000,2.34810327420263
PST,Post-demographic dividend,2023,5.06713865364213
PST,Post-demographic dividend,2022,7.87737003690613
PST,Post-demographic dividend,2021,2.50835221473776
PST,Post-demographic dividend,2020,0.632267331911716
PST,Post-demographic dividend,2019,1.61963190184048
PST,Post-demographic dividend,2018,1.7386086198818
PST,Post-demographic dividend,2017,1.73079959118896
PST,Post-demographic dividend,2016,0.607397074641719
PST,Post-demographic dividend,2015,0.36804684232536
PST,Post-demographic dividend,2014,0.906794000434246
PST,Post-demographic dividend,2013,1.40858109183009
PST,Post-demographic dividend,2012,2.48567562177015
PST,Post-demographic dividend,2011,3.3298532335065
PST,Post-demographic dividend,2010,1.99621236745887
PST,Post-demographic dividend,2009,0.839262246793805
PST,Post-demographic dividend,2008,4.15279708110293
PST,Post-demographic dividend,2007,2.32761442623159
PST,Post-demographic dividend,2006,2.45792444195863
PST,Post-demographic dividend,2005,2.37531958977882
PST,Post-demographic dividend,2004,2.07924464636093
PST,Post-demographic dividend,2003,2.02168542857985
PST,Post-demographic dividend,2002,1.99874921149353
PST,Post-demographic dividend,2001,2.65691093929315
PST,Post-demographic dividend,2000,2.5798761121861
PST,Post-demographic dividend,1999,1.6117611762866
PST,Post-demographic dividend,1998,1.83432999908414
PST,Post-demographic dividend,1997,2.20114313510882
PST,Post-demographic dividend,1996,2.61537902431631
PST,Post-demographic dividend,1995,3.75494413677554
PST,Post-demographic dividend,1994,2.95340936761081
PST,Post-demographic dividend,1993,4.14481954180488
PST,Post-demographic dividend,1992,4.0370302077874
PST,Post-demographic dividend,1991,5.62586408593005
PST,Post-demographic dividend,1990,6.09844414810204
PRE,Pre-demographic dividend,2023,7.10220928557059
PRE,Pre-demographic dividend,2022,8.77567482988523
PRE,Pre-demographic dividend,2021,4.22278962033194
PRE,Pre-demographic dividend,2020,3.39862928518853
PRE,Pre-demographic dividend,2019,2.56908784664759
PRE,Pre-demographic dividend,2018,2.80203783510174
PRE,Pre-demographic dividend,2017,4.5783374121255
PRE,Pre-demographic dividend,2016,4.38389195513915
PRE,Pre-demographic dividend,2015,3.25472688117631
PRE,Pre-demographic dividend,2014,3.53436856147324
PRE,Pre-demographic dividend,2013,4.63161619729461
PRE,Pre-demographic dividend,2012,6.44121280934117
PRE,Pre-demographic dividend,2011,6.4293968107234
PRE,Pre-demographic dividend,2010,3.97655288478168
PRE,Pre-demographic dividend,2009,4.56150687670983
PRE,Pre-demographic dividend,2008,10.2876847921194
PRE,Pre-demographic dividend,2007,5.99590755876365
PRE,Pre-demographic dividend,2006,6.69526465773354
PRE,Pre-demographic dividend,2005,7.7974978178644
PRE,Pre-demographic dividend,2004,4.10703593955402
PRE,Pre-demographic dividend,2003,5.2277338613968
PRE,Pre-demographic dividend,2002,4.37875971780873
PRE,Pre-demographic dividend,2001,5.07745045522496
PRE,Pre-demographic dividend,2000,4.16540442290283
PRE,Pre-demographic dividend,1999,3.8123720536602
PRE,Pre-demographic dividend,1998,6.46522629708624
PRE,Pre-demographic dividend,1997,6.87063927616146
PRE,Pre-demographic dividend,1996,7.19164660433344
PRE,Pre-demographic dividend,1995,16.4335034524163
PRE,Pre-demographic dividend,1994,34.6496361508324
PRE,Pre-demographic dividend,1993,7.91707419362654
PRE,Pre-demographic dividend,1992,9.48654250617163
PRE,Pre-demographic dividend,1991,8.59264760490192
PRE,Pre-demographic dividend,1990,6.60022564874018
SST,Small states,2023,5.06713865364213
SST,Small states,2022,6.27689319447544
SST,Small states,2021,2.41070312174393
SST,Small states,2020,0.598986330824643
SST,Small states,2019,1.30544966502392
SST,Small states,2018,2.13062774274025
SST,Small states,2017,1.74989677484705
SST,Small states,2016,0.644075340346552
SST,Small states,2015,0.552796026277853
SST,Small states,2014,1.20139964481058
SST,Small states,2013,1.75232737350762
SST,Small states,2012,3.51877785642059
SST,Small states,2011,4.4073041447003
SST,Small states,2010,2.99936630549
SST,Small states,2009,2.19959237046011
SST,Small states,2008,8.42372566246186
SST,Small states,2007,4.48088608614726
SST,Small states,2006,3.8181247024271
SST,Small states,2005,3.37781903988238
SST,Small states,2004,3.04811107523416
SST,Small states,2003,2.27675969518827
SST,Small states,2002,2.40765801293491
SST,Small states,2001,3.49617199103334
SST,Small states,2000,2.80256405575846
SST,Small states,1999,3.23183260906471
SST,Small states,1998,3.2381944796978
SST,Small states,1997,3.58050767471719
SST,Small states,1996,2.99528023991141
SST,Small states,1995,2.9568002509262
SST,Small states,1994,3.1010088172273
SST,Small states,1993,4.1982601110385
SST,Small states,1992,5.13889779944828
SST,Small states,1991,6.25752663270023
SST,Small states,1990,4.7594412829797
SAS,South Asia,2023,6.38250790219375
SAS,South Asia,2022,7.18461996730069
SAS,South Asia,2021,5.33853088974918
SAS,South Asia,2020,5.6602199868936
SAS,South Asia,2019,3.62894965885467
SAS,South Asia,2018,3.33139516437678
SAS,South Asia,2017,4.14162852223217
SAS,South Asia,2016,4.45355240327602
SAS,South Asia,2015,4.72755869604727
SAS,South Asia,2014,6.82864780544374
SAS,South Asia,2013,8.15339493090692
SAS,South Asia,2012,9.46940335888459
SAS,South Asia,2011,9.0694344130466
SAS,South Asia,2010,7.58152977621468
SAS,South Asia,2009,4.9768244765374
SAS,South Asia,2008,9.40488747385817
SAS,South Asia,2007,6.583827447617
SAS,South Asia,2006,6.28089227308195
SAS,South Asia,2005,6.07448185265313
SAS,South Asia,2004,3.93659435875237
SAS,South Asia,2003,4.73728336485164
SAS,South Asia,2002,3.75561866588351
SAS,South Asia,2001,3.05154659828612
SAS,South Asia,2000,3.24412805877163
SAS,South Asia,1999,5.39920076445198
SAS,South Asia,1998,9.9749164980393
SAS,South Asia,1997,6.83486964865904
SAS,South Asia,1996,8.88358307880807
SAS,South Asia,1995,8.58119855119587
SAS,South Asia,1994,7.67962013946667
SAS,South Asia,1993,9.35170538916948
SAS,South Asia,1992,13.8815172016762
SAS,South Asia,1991,13.0727095606288
SAS,South Asia,1990,8.60546643863231
TSA,South Asia (IDA & IBRD),2023,6.38250790219375
TSA,South Asia (IDA & IBRD),2022,7.18461996730069
TSA,South Asia (IDA & IBRD),2021,5.33853088974918
TSA,South Asia (IDA & IBRD),2020,5.6602199868936
TSA,South Asia (IDA & IBRD),2019,3.62894965885467
TSA,South Asia (IDA & IBRD),2018,3.33139516437678
TSA,South Asia (IDA & IBRD),2017,4.14162852223217
TSA,South Asia (IDA & IBRD),2016,4.45355240327602
TSA,South Asia (IDA & IBRD),2015,4.72755869604727
TSA,South Asia (IDA & IBRD),2014,6.82864780544374
TSA,South Asia (IDA & IBRD),2013,8.15339493090692
TSA,South Asia (IDA & IBRD),2012,9.46940335888459
TSA,South Asia (IDA & IBRD),2011,9.0694344130466
TSA,South Asia (IDA & IBRD),2010,7.58152977621468
TSA,South Asia (IDA & IBRD),2009,4.9768244765374
TSA,South Asia (IDA & IBRD),2008,9.40488747385817
TSA,South Asia (IDA & IBRD),2007,6.583827447617
TSA,South Asia (IDA & IBRD),2006,6.28089227308195
TSA,South Asia (IDA & IBRD),2005,6.07448185265313
TSA,South Asia (IDA & IBRD),2004,3.93659435875237
TSA,South Asia (IDA & IBRD),2003,4.73728336485164
TSA,South Asia (IDA & IBRD),2002,3.75561866588351
TSA,South Asia (IDA & IBRD),2001,3.05154659828612
TSA,South Asia (IDA & IBRD),2000,3.24412805877163
TSA,South Asia (IDA & IBRD),1999,5.39920076445198
TSA,South Asia (IDA & IBRD),1998,9.9749164980393
TSA,South Asia (IDA & IBRD),1997,6.83486964865904
TSA,South Asia (IDA & IBRD),1996,8.88358307880807
TSA,South Asia (IDA & IBRD),1995,8.58119855119587
TSA,South Asia (IDA & IBRD),1994,7.67962013946667
TSA,South Asia (IDA & IBRD),1993,9.35170538916948
TSA,South Asia (IDA & IBRD),1992,13.8815172016762
TSA,South Asia (IDA & IBRD),1991,13.0727095606288
TSA,South Asia (IDA & IBRD),1990,8.60546643863231
SSF,Sub-Saharan Africa,2023,6.69759990789845
SSF,Sub-Saharan Africa,2022,9.45801281304023
SSF,Sub-Saharan Africa,2021,4.43905481215002
SSF,Sub-Saharan Africa,2020,3.39862928518853
SSF,Sub-Saharan Africa,2019,2.867588034469
SSF,Sub-Saharan Africa,2018,3.91133439990729
SSF,Sub-Saharan Africa,2017,5.18618655524149
SSF,Sub-Saharan Africa,2016,5.30264297710325
SSF,Sub-Saharan Africa,2015,3.47238752883652
SSF,Sub-Saharan Africa,2014,4.4038027171436
SSF,Sub-Saharan Africa,2013,4.88516387595471
SSF,Sub-Saharan Africa,2012,6.58183105075141
SSF,Sub-Saharan Africa,2011,5.36621092948077
SSF,Sub-Saharan Africa,2010,4.02202422214216
SSF,Sub-Saharan Africa,2009,5.00627361534047
SSF,Sub-Saharan Africa,2008,10.378524478798
SSF,Sub-Saharan Africa,2007,6.78669789038244
SSF,Sub-Saharan Africa,2006,6.53784395299604
SSF,Sub-Saharan Africa,2005,6.42755278070087
SSF,Sub-Saharan Africa,2004,4.13663213144748
SSF,Sub-Saharan Africa,2003,5.67942414068799
SSF,Sub-Saharan Africa,2002,4.70579123746033
SSF,Sub-Saharan Africa,2001,5.14746800222618
SSF,Sub-Saharan Africa,2000,4.50078856262102
SSF,Sub-Saharan Africa,1999,4.35643374510453
SSF,Sub-Saharan Africa,1998,6.43573287560781
SSF,Sub-Saharan Africa,1997,7.6471743331001
SSF,Sub-Saharan Africa,1996,7.19164660433344
SSF,Sub-Saharan Africa,1995,11.425939964662
SSF,Sub-Saharan Africa,1994,27.4479807126947
SSF,Sub-Saharan Africa,1993,9.52484537019694
SSF,Sub-Saharan Africa,1992,9.48654250617163
SSF,Sub-Saharan Africa,1991,8.93430656934288
SSF,Sub-Saharan Africa,1990,7.54486109699452
SSA,Sub-Saharan Africa (excluding high income),2023,7.05298238454736
SSA,Sub-Saharan Africa (excluding high income),2022,9.52526628622843
SSA,Sub-Saharan Africa (excluding high income),2021,4.25936417542868
SSA,Sub-Saharan Africa (excluding high income),2020,3.48393567493204
SSA,Sub-Saharan Africa (excluding high income),2019,3.10773229242274
SSA,Sub-Saharan Africa (excluding high income),2018,4.09297819300637
SSA,Sub-Saharan Africa (excluding high income),2017,5.19795180719179
SSA,Sub-Saharan Africa (excluding high income),2016,5.43051966119156
SSA,Sub-Saharan Africa (excluding high income),2015,3.39401538410559
SSA,Sub-Saharan Africa (excluding high income),2014,4.40535234185293
SSA,Sub-Saharan Africa (excluding high income),2013,4.90520875694557
SSA,Sub-Saharan Africa (excluding high income),2012,6.57589970757698
SSA,Sub-Saharan Africa (excluding high income),2011,5.68631959575954
SSA,Sub-Saharan Africa (excluding high income),2010,4.06749555950263
SSA,Sub-Saharan Africa (excluding high income),2009,4.84866964640711
SSA,Sub-Saharan Africa (excluding high income),2008,10.2969758221254
SSA,Sub-Saharan Africa (excluding high income),2007,7.02551436974771
SSA,Sub-Saharan Africa (excluding high income),2006,6.61655430536479
SSA,Sub-Saharan Africa (excluding high income),2005,6.605240855492
SSA,Sub-Saharan Africa (excluding high income),2004,4.17816000119791
SSA,Sub-Saharan Africa (excluding high income),2003,6.08442811371068
SSA,Sub-Saharan Africa (excluding high income),2002,5.03282275711194
SSA,Sub-Saharan Africa (excluding high income),2001,5.07745045522496
SSA,Sub-Saharan Africa (excluding high income),2000,4.19928825622807
SSA,Sub-Saharan Africa (excluding high income),1999,4.24955255897251
SSA,Sub-Saharan Africa (excluding high income),1998,6.66139865665752
SSA,Sub-Saharan Africa (excluding high income),1997,8.16902144106963
SSA,Sub-Saharan Africa (excluding high income),1996,7.27288316259338
SSA,Sub-Saharan Africa (excluding high income),1995,12.2885912601426
SSA,Sub-Saharan Africa (excluding high income),1994,28.8143894306731
SSA,Sub-Saharan Africa (excluding high income),1993,9.67934658067928
SSA,Sub-Saharan Africa (excluding high income),1992,9.5234771910899
SSA,Sub-Saharan Africa (excluding high income),1991,8.96562265214309
SSA,Sub-Saharan Africa (excluding high income),1990,7.72532188841208
TSS,Sub-Saharan Africa (IDA & IBRD countries),2023,6.69759990789845
TSS,Sub-Saharan Africa (IDA & IBRD countries),2022,9.45801281304023
TSS,Sub-Saharan Africa (IDA & IBRD countries),2021,4.43905481215002
TSS,Sub-Saharan Africa (IDA & IBRD countries),2020,3.39862928518853
TSS,Sub-Saharan Africa (IDA & IBRD countries),2019,2.867588034469
TSS,Sub-Saharan Africa (IDA & IBRD countries),2018,3.91133439990729
TSS,Sub-Saharan Africa (IDA & IBRD countries),2017,5.18618655524149
TSS,Sub-Saharan Africa (IDA & IBRD countries),2016,5.30264297710325
TSS,Sub-Saharan Africa (IDA & IBRD countries),2015,3.47238752883652
TSS,Sub-Saharan Africa (IDA & IBRD countries),2014,4.4038027171436
TSS,Sub-Saharan Africa (IDA & IBRD countries),2013,4.88516387595471
TSS,Sub-Saharan Africa (IDA & IBRD countries),2012,6.58183105075141
TSS,Sub-Saharan Africa (IDA & IBRD countries),2011,5.36621092948077
TSS,Sub-Saharan Africa (IDA & IBRD countries),2010,4.02202422214216
TSS,Sub-Saharan Africa (IDA & IBRD countries),2009,5.00627361534047
TSS,Sub-Saharan Africa (IDA & IBRD countries),2008,10.378524478798
TSS,Sub-Saharan Africa (IDA & IBRD countries),2007,6.78669789038244
TSS,Sub-Saharan Africa (IDA & IBRD countries),2006,6.53784395299604
TSS,Sub-Saharan Africa (IDA & IBRD countries),2005,6.42755278070087
TSS,Sub-Saharan Africa (IDA & IBRD countries),2004,4.13663213144748
TSS,Sub-Saharan Africa (IDA & IBRD countries),2003,5.67942414068799
TSS,Sub-Saharan Africa (IDA & IBRD countries),2002,4.70579123746033
TSS,Sub-Saharan Africa (IDA & IBRD countries),2001,5.14746800222618
TSS,Sub-Saharan Africa (IDA & IBRD countries),2000,4.50078856262102
TSS,Sub-Saharan Africa (IDA & IBRD countries),1999,4.35643374510453
TSS,Sub-Saharan Africa (IDA & IBRD countries),1998,6.43573287560781
TSS,Sub-Saharan Africa (IDA & IBRD countries),1997,7.6471743331001
TSS,Sub-Saharan Africa (IDA & IBRD countries),1996,7.19164660433344
TSS,Sub-Saharan Africa (IDA & IBRD countries),1995,11.425939964662
TSS,Sub-Saharan Africa (IDA & IBRD countries),1994,27.4479807126947
TSS,Sub-Saharan Africa (IDA & IBRD countries),1993,9.52484537019694
TSS,Sub-Saharan Africa (IDA & IBRD countries),1992,9.48654250617163
TSS,Sub-Saharan Africa (IDA & IBRD countries),1991,8.93430656934288
TSS,Sub-Saharan Africa (IDA & IBRD countries),1990,7.54486109699452
,Upper middle income,2023,5.0341072621757
,Upper middle income,2022,8.81109209279587
,Upper middle income,2021,3.92718022100332
,Upper middle income,2020,1.8903591682421
,Upper middle income,2019,1.93780995920407
,Upper middle income,2018,3.12170076631027
,Upper middle income,2017,3.31608762172158
,Upper middle income,2016,2.04528420858843
,Upper middle income,2015,1.78640243954172
,Upper middle income,2014,3.03372718252381
,Upper middle income,2013,2.70281658214477
,Upper middle income,2012,3.73815231282227
,Upper middle income,2011,5.55389892257493
,Upper middle income,2010,3.82467272315376
,Upper middle income,2009,3.03363356306333
,Upper middle income,2008,9.82113386576177
,Upper middle income,2007,5.28735184747553
,Upper middle income,2006,4.63742222298699
,Upper middle income,2005,4.61565895269152
,Upper middle income,2004,4.76979071866839
,Upper middle income,2003,4.22085086801267
,Upper middle income,2002,5.03072733151295
,Upper middle income,2001,5.34550195567142
,Upper middle income,2000,4.06396201382596
,Upper middle income,1999,4.57803015362164
,Upper middle income,1998,6.84566922417272
,Upper middle income,1997,7.01859185741422
,Upper middle income,1996,8.14321984607728
,Upper middle income,1995,10.512546081579
,Upper middle income,1994,12.0803818909762
,Upper middle income,1993,11.7832135960601
,Upper middle income,1992,9.35975158953134
,Upper middle income,1991,12.040863011282
,Upper middle income,1990,12.1773522064946
WLD,World,2023,5.79944107391962
WLD,World,2022,8.08169507021982
WLD,World,2021,3.47540320289875
WLD,World,2020,1.90509722047501
WLD,World,2019,2.20607305781525
WLD,World,2018,2.44258329692817
WLD,World,2017,2.22314331448899
WLD,World,2016,1.59691227583204
WLD,World,2015,1.43702380935655
WLD,World,2014,2.39371597209796
WLD,World,2013,2.65167342916577
WLD,World,2012,3.72532666110646
WLD,World,2011,4.80063594169405
WLD,World,2010,3.32634463368643
WLD,World,2009,2.86044855902674
WLD,World,2008,8.94995335353387
WLD,World,2007,4.81023704342912
WLD,World,2006,4.26717463390264
WLD,World,2005,4.10725070715931
WLD,World,2004,3.51799903099596
WLD,World,2003,3.02504526252236
WLD,World,2002,2.90799688587762
WLD,World,2001,3.83657262052543
WLD,World,2000,3.43351563418764
WLD,World,1999,3.04194667094533
WLD,World,1998,5.09729149331442
WLD,World,1997,5.55412988949405
WLD,World,1996,6.52609569372579
WLD,World,1995,9.07738095238091
WLD,World,1994,10.2479355556119
WLD,World,1993,7.14458706876257
WLD,World,1992,7.63610852336974
WLD,World,1991,8.99693873494331
WLD,World,1990,8.06346090938833
AFG,Afghanistan,2023,-4.64470870797775
AFG,Afghanistan,2022,13.7121023720065
AFG,Afghanistan,2021,5.13320340824963
AFG,Afghanistan,2020,5.60188791482224
AFG,Afghanistan,2019,2.30237251516834
AFG,Afghanistan,2018,0.626149149168847
AFG,Afghanistan,2017,4.97595150553833
AFG,Afghanistan,2016,4.38389195513915
AFG,Afghanistan,2015,-0.661709164713742
AFG,Afghanistan,2014,4.67399603536345
AFG,Afghanistan,2013,7.38577178397855
AFG,Afghanistan,2012,6.44121280934117
AFG,Afghanistan,2011,11.8041858089129
AFG,Afghanistan,2010,2.17853752389419
AFG,Afghanistan,2009,-6.81116108898996
AFG,Afghanistan,2008,26.4186641547444
AFG,Afghanistan,2007,8.68057078513406
AFG,Afghanistan,2006,6.78459655001655
AFG,Afghanistan,2005,12.6862687216715
ALB,Albania,2023,4.75834555150038
ALB,Albania,2022,6.72520271530059
ALB,Albania,2021,2.04147163139545
ALB,Albania,2020,1.62088661717021
ALB,Albania,2019,1.41109078954242
ALB,Albania,2018,2.02805963071135
ALB,Albania,2017,1.98666133171194
ALB,Albania,2016,1.27543168367423
ALB,Albania,2015,1.89617402592356
ALB,Albania,2014,1.62586504402614
ALB,Albania,2013,1.93762080205223
ALB,Albania,2012,2.03159268395296
ALB,Albania,2011,3.42807130141501
ALB,Albania,2010,3.6271009151748
ALB,Albania,2009,2.26692209450826
ALB,Albania,2008,3.32087090389275
ALB,Albania,2007,2.93268248162317
ALB,Albania,2006,2.37072831904284
ALB,Albania,2005,2.36658195679795
ALB,Albania,2004,2.28001916938099
ALB,Albania,2003,0.484002611818503
ALB,Albania,2002,7.77052583431551
ALB,Albania,2001,3.10758827031435
ALB,Albania,2000,0.0500181363468103
ALB,Albania,1999,0.389437653561628
ALB,Albania,1998,20.6428588670596
ALB,Albania,1997,33.1802743753956
ALB,Albania,1996,12.7254778087102
ALB,Albania,1995,7.79321853789215
ALB,Albania,1994,22.5650526933696
ALB,Albania,1993,85.0047512387157
ALB,Albania,1992,226.005421253526
DZA,Algeria,2023,9.32217375928322
DZA,Algeria,2022,9.26551551551553
DZA,Algeria,2021,7.22606307415477
DZA,Algeria,2020,2.41513094083414
DZA,Algeria,2019,1.95176821052892
DZA,Algeria,2018,4.26999020467084
DZA,Algeria,2017,5.59111590961664
DZA,Algeria,2016,6.39769480268757
DZA,Algeria,2015,4.78444700693889
DZA,Algeria,2014,2.91692692067458
DZA,Algeria,2013,3.25423910998847
DZA,Algeria,2012,8.89145091062317
DZA,Algeria,2011,4.5242115050527
DZA,Algeria,2010,3.91106195534028
DZA,Algeria,2009,5.73706036145628
DZA,Algeria,2008,4.85859062814939
DZA,Algeria,2007,3.67899574741699
DZA,Algeria,2006,2.31149918514424
DZA,Algeria,2005,1.38244656662118
DZA,Algeria,2004,3.96180030257187
DZA,Algeria,2003,4.268953958395
DZA,Algeria,2002,1.41830192345051
DZA,Algeria,2001,4.22598834854673
DZA,Algeria,2000,0.339163189071768
DZA,Algeria,1999,2.64551113392799
DZA,Algeria,1998,4.95016163793114
DZA,Algeria,1997,5.73352275357187
DZA,Algeria,1996,18.6790758601749
DZA,Algeria,1995,29.7796264864999
DZA,Algeria,1994,29.0476561173071
DZA,Algeria,1993,20.5403261235827
DZA,Algeria,1992,31.6696619117149
DZA,Algeria,1991,25.8863869348514
DZA,Algeria,1990,16.6525343885432
AGO,Angola,2023,13.6441017767715
AGO,Angola,2022,21.3552901320822
AGO,Angola,2021,25.7542948841891
AGO,Angola,2020,22.271539247051
AGO,Angola,2019,17.080954143438
AGO,Angola,2018,19.6289379701521
AGO,Angola,2017,29.8444799015679
AGO,Angola,2016,30.6944150806719
AGO,Angola,2015,9.35597215533784
AGO,Angola,2014,7.28038730361121
AGO,Angola,2013,8.77781429332624
AGO,Angola,2012,10.2779049218839
AGO,Angola,2011,13.4824679218511
AGO,Angola,2010,14.4696564932577
AGO,Angola,2009,13.7302839288408
AGO,Angola,2008,12.4758291326398
AGO,Angola,2007,12.2514974459487
AGO,Angola,2006,13.3052101780032
AGO,Angola,2005,22.953513851394
AGO,Angola,2004,43.5421067519687
AGO,Angola,2003,98.2241436573304
AGO,Angola,2002,108.897436089429
AGO,Angola,2001,152.561022469299
AGO,Angola,2000,324.996871601321
AGO,Angola,1999,248.195902412868
AGO,Angola,1998,107.284821528298
AGO,Angola,1997,219.176721172974
AGO,Angola,1996,4145.10598220638
AGO,Angola,1995,2666.45059288538
AGO,Angola,1994,949.792531120332
AGO,Angola,1993,1378.52760736196
AGO,Angola,1992,299.509803921569
AGO,Angola,1991,83.7837837837838
ATG,Antigua and Barbuda,2023,5.06713865364213
ATG,Antigua and Barbuda,2022,7.53107834634288
ATG,Antigua and Barbuda,2021,2.06299638545334
ATG,Antigua and Barbuda,2020,0.625989707046719
ATG,Antigua and Barbuda,2019,1.43135598182984
ATG,Antigua and Barbuda,2018,1.20715793367008
ATG,Antigua and Barbuda,2017,2.43248789041363
ATG,Antigua and Barbuda,2016,-0.489437796230499
ATG,Antigua and Barbuda,2015,0.968993458825638
ATG,Antigua and Barbuda,2014,1.08944157435355
ATG,Antigua and Barbuda,2013,1.05949782356169
ATG,Antigua and Barbuda,2012,3.37688044338874
ATG,Antigua and Barbuda,2011,3.4567496723461
ATG,Antigua and Barbuda,2010,3.37002540220148
ATG,Antigua and Barbuda,2009,-0.550159995508914
ATG,Antigua and Barbuda,2008,5.33380639820233
ATG,Antigua and Barbuda,2007,1.41605259409741
ATG,Antigua and Barbuda,2006,1.78778537419121
ATG,Antigua and Barbuda,2005,2.09875196709308
ATG,Antigua and Barbuda,2004,2.03007757853236
ATG,Antigua and Barbuda,2003,1.99353055152454
ATG,Antigua and Barbuda,2002,2.40765801293491
ATG,Antigua and Barbuda,2001,1.40279663573988
ATG,Antigua and Barbuda,2000,0.77177979690018
ATG,Antigua and Barbuda,1999,1.12128789571146
ARG,Argentina,2023,133.488935594175
ARG,Argentina,2022,72.430757531824
ARG,Argentina,2021,48.4093786255199
ARG,Argentina,2020,42.0150947376509
ARG,Argentina,2019,53.5483043492339
ARG,Argentina,2018,34.2772237131003
ARM,Armenia,2023,1.98041877615554
ARM,Armenia,2022,8.64091108973855
ARM,Armenia,2021,7.18483629443371
ARM,Armenia,2020,1.21143577838465
ARM,Armenia,2019,1.44344660770698
ARM,Armenia,2018,2.52023382001638
ARM,Armenia,2017,0.969553268816138
ARM,Armenia,2016,-1.403607559009
ARM,Armenia,2015,3.73169119261693
ARM,Armenia,2014,2.98130868933672
ARM,Armenia,2013,5.78966778544651
ARM,Armenia,2012,2.55802007757907
ARM,Armenia,2011,7.65000807859294
ARM,Armenia,2010,8.17636138473952
ARM,Armenia,2009,3.40676682683801
ARM,Armenia,2008,8.94995335353387
ARM,Armenia,2007,4.40736089644516
ARM,Armenia,2006,2.89235662459004
ARM,Armenia,2005,0.638928002410097
ARM,Armenia,2004,6.96126135875795
ARM,Armenia,2003,4.7215533660534
ARM,Armenia,2002,1.06004929341667
ARM,Armenia,2001,3.1459046468502
ARM,Armenia,2000,-0.790883768934757
ARM,Armenia,1999,0.648245760470385
ARM,Armenia,1998,8.67248632385158
ARM,Armenia,1997,13.960764121791
ARM,Armenia,1996,18.681185640036
ARM,Armenia,1995,175.951325534583
ARM,Armenia,1994,3373.75944336293
ABW,Aruba,2019,4.25746204335427
ABW,Aruba,2018,3.6260414135296
ABW,Aruba,2017,-1.02828178762012
ABW,Aruba,2016,-0.93119598707956
ABW,Aruba,2015,0.474763597342641
ABW,Aruba,2014,0.421440918881214
ABW,Aruba,2013,-2.37206524252261
ABW,Aruba,2012,0.627471992893372
ABW,Aruba,2011,4.31629742195203
ABW,Aruba,2010,2.07814071860786
ABW,Aruba,2009,-2.13542872046937
ABW,Aruba,2008,8.95598705177784
ABW,Aruba,2007,5.39256784475516
ABW,Aruba,2006,3.60802438784541
ABW,Aruba,2005,3.39778677828805
ABW,Aruba,2004,2.52912946932762
ABW,Aruba,2003,3.65636507938418
ABW,Aruba,2002,3.31524678585423
ABW,Aruba,2001,2.88360430316263
ABW,Aruba,2000,4.04402131190512
ABW,Aruba,1999,2.28037198258753
ABW,Aruba,1998,1.8694885361554
ABW,Aruba,1997,2.99994809778412
ABW,Aruba,1996,3.22528797213979
ABW,Aruba,1995,3.36139107320898
ABW,Aruba,1994,6.31107971270439
ABW,Aruba,1993,5.2155599603571
ABW,Aruba,1992,3.87337536996479
ABW,Aruba,1991,5.55555555555579
ABW,Aruba,1990,5.83668775158165
AUS,Australia,2023,5.59701792296707
AUS,Australia,2022,6.59409658717841
AUS,Australia,2021,2.86391284709318
AUS,Australia,2020,0.846900734607273
AUS,Australia,2019,1.610770929127
AUS,Australia,2018,1.91140002818579
AUS,Australia,2017,1.94864309065653
AUS,Australia,2016,1.27699365720306
AUS,Australia,2015,1.50836803138463
AUS,Australia,2014,2.48792932080492
AUS,Australia,2013,2.44988248109259
AUS,Australia,2012,1.76278299052228
AUS,Australia,2011,3.30384784681081
AUS,Australia,2010,2.9183370211222
AUS,Australia,2009,1.77112025681656
AUS,Australia,2008,4.35029726664093
AUS,Australia,2007,2.32761442623159
AUS,Australia,2006,3.55528696972984
AUS,Australia,2005,2.69182949622197
AUS,Australia,2004,2.34325687131265
AUS,Australia,2003,2.73259754838937
AUS,Australia,2002,2.98157117047457
AUS,Australia,2001,4.40712998561533
AUS,Australia,2000,4.45743705920869
AUS,Australia,1999,1.48313946657267
AUS,Australia,1998,0.860129922016289
AUS,Australia,1997,0.224895027032537
AUS,Australia,1996,2.61537902431631
AUS,Australia,1995,4.62776445368168
AUS,Australia,1994,1.96963507094102
AUS,Australia,1993,1.75365751770527
AUS,Australia,1992,1.01222824105977
AUS,Australia,1991,3.17666872277308
AUS,Australia,1990,7.33302368375269
AUT,Austria,2023,7.81413417002831
AUT,Austria,2022,8.54686993188458
AUT,Austria,2021,2.7666666666667
AUT,Austria,2020,1.38191063351854
AUT,Austria,2019,1.53089564152644
AUT,Austria,2018,1.99837981429549
AUT,Austria,2017,2.08126911385587
AUT,Austria,2016,0.891591752655362
AUT,Austria,2015,0.89656333526032
AUT,Austria,2014,1.60581182954474
AUT,Austria,2013,2.00015616900597
AUT,Austria,2012,2.48567562177015
AUT,Austria,2011,3.2865791487538
AUT,Austria,2010,1.81353438995062
AUT,Austria,2009,0.506308827696504
AUT,Austria,2008,3.2159503323988
AUT,Austria,2007,2.16855528800757
AUT,Austria,2006,1.44154851119017
AUT,Austria,2005,2.29913785639286
AUT,Austria,2004,2.0612061803287
AUT,Austria,2003,1.35555370896445
AUT,Austria,2002,1.81035787764129
AUT,Austria,2001,2.65000077279529
AUT,Austria,2000,2.34486285357281
AUT,Austria,1999,0.568993765885531
AUT,Austria,1998,0.922467196680849
AUT,Austria,1997,1.30597857227691
AUT,Austria,1996,1.86097115760437
AUT,Austria,1995,2.24336631500898
AUT,Austria,1994,2.95340936761081
AUT,Austria,1993,3.6317852494318
AUT,Austria,1992,4.02084780038554
AUT,Austria,1991,3.33742703474792
AUT,Austria,1990,3.26187231878573
AZE,Azerbaijan,2023,8.78543049849081
AZE,Azerbaijan,2022,13.8522590144267
AZE,Azerbaijan,2021,6.65029912708779
AZE,Azerbaijan,2020,2.75980947008127
AZE,Azerbaijan,2019,2.61057182799215
AZE,Azerbaijan,2018,2.26854690373999
AZE,Azerbaijan,2017,12.9359184187335
AZE,Azerbaijan,2016,12.4433748584372
AZE,Azerbaijan,2015,4.02768573742726
AZE,Azerbaijan,2014,1.37344181533176
AZE,Azerbaijan,2013,2.41571745279419
AZE,Azerbaijan,2012,1.06621339720303
AZE,Azerbaijan,2011,7.8583333333334
AZE,Azerbaijan,2010,5.72687224669605
AZE,Azerbaijan,2009,1.45704835970321
AZE,Azerbaijan,2008,20.8490871772712
AZE,Azerbaijan,2007,16.6997549618244
AZE,Azerbaijan,2006,8.32892482863209
AZE,Azerbaijan,2005,9.6795073191705
AZE,Azerbaijan,2004,6.70893042797786
AZE,Azerbaijan,2003,2.23386492967049
AZE,Azerbaijan,2002,2.7711647199827
AZE,Azerbaijan,2001,1.5471959015228
AZE,Azerbaijan,2000,1.80500303704356
AZE,Azerbaijan,1999,-8.52517000536063
AZE,Azerbaijan,1998,-0.772697886033166
AZE,Azerbaijan,1997,3.67434809684727
AZE,Azerbaijan,1996,19.7948028061899
AZE,Azerbaijan,1995,411.759641777268
AZE,Azerbaijan,1994,1662.21594875899
AZE,Azerbaijan,1993,1128.00002429404
AZE,Azerbaijan,1992,-10.6300971576201
BHS,"Bahamas, The",2023,3.05291578969743
BHS,"Bahamas, The",2022,5.60540633583044
BHS,"Bahamas, The",2021,2.90491262928478
BHS,"Bahamas, The",2020,0.0385210980054558
BHS,"Bahamas, The",2019,2.49123527368046
BHS,"Bahamas, The",2018,2.26586346678736
BHS,"Bahamas, The",2017,1.51820700736147
BHS,"Bahamas, The",2016,-0.346376929989397
BHS,"Bahamas, The",2015,1.86148302863371
BHS,"Bahamas, The",2014,1.51375643050831
BHS,"Bahamas, The",2013,0.722414784530551
BHS,"Bahamas, The",2012,1.97336755976254
BHS,"Bahamas, The",2011,3.1987814166032
BHS,"Bahamas, The",2010,1.34402738392836
BHS,"Bahamas, The",2009,2.06273473452682
BHS,"Bahamas, The",2008,4.4895599537506
BHS,"Bahamas, The",2007,2.49257794939396
BHS,"Bahamas, The",2006,2.38982627439254
BHS,"Bahamas, The",2005,1.59160618079802
BHS,"Bahamas, The",2004,0.981914036757662
BHS,"Bahamas, The",2003,3.02504526252236
BHS,"Bahamas, The",2002,2.17357792508093
BHS,"Bahamas, The",2001,2.04498977505121
BHS,"Bahamas, The",2000,1.60632941740579
BHS,"Bahamas, The",1999,1.2542482602363
BHS,"Bahamas, The",1998,1.33661336613371
BHS,"Bahamas, The",1997,0.544150383378688
BHS,"Bahamas, The",1996,1.37913741223666
BHS,"Bahamas, The",1995,2.06699495410042
BHS,"Bahamas, The",1994,1.39933423745548
BHS,"Bahamas, The",1993,2.72289766970591
BHS,"Bahamas, The",1992,5.73819886173447
BHS,"Bahamas, The",1991,7.11468120203628
BHS,"Bahamas, The",1990,4.66931912018676
BHR,Bahrain,2023,0.0746206782192256
BHR,Bahrain,2022,3.62574104304482
BHR,Bahrain,2021,-0.60631938514085
BHR,Bahrain,2020,-2.31770629331379
BHR,Bahrain,2019,1.00582004702137
BHR,Bahrain,2018,2.08766938046978
BHR,Bahrain,2017,1.38671830576406
BHR,Bahrain,2016,2.78679347602044
BHR,Bahrain,2015,1.84862742374977
BHR,Bahrain,2014,2.64755321246189
BHR,Bahrain,2013,3.30001156888442
BHR,Bahrain,2012,2.75739669962979
BHR,Bahrain,2011,-0.40004069748808
BHR,Bahrain,2010,1.96188468334623
BHR,Bahrain,2009,2.79551283550412
BHR,Bahrain,2008,3.52600316363721
BHR,Bahrain,2007,3.25666666666703
BHR,Bahrain,2006,2.00746965452849
BHR,Bahrain,2005,2.58620689655173
BHR,Bahrain,2004,2.35294117647062
BHR,Bahrain,2003,1.59362549800787
BHR,Bahrain,2002,-0.495540138751154
BHR,Bahrain,2001,-1.20757180156659
BHR,Bahrain,2000,-0.70485295309079
BHR,Bahrain,1999,-1.2875879718491
BHR,Bahrain,1998,-0.366533864541774
BHR,Bahrain,1997,2.43155133955926
BHR,Bahrain,1996,-0.452227382530348
BHR,Bahrain,1995,2.70403475064704
BHR,Bahrain,1994,0.816910897759778
BHR,Bahrain,1993,2.53886010362695
BHR,Bahrain,1992,-0.172413793103312
BHR,Bahrain,1991,0.764419735927609
BHR,Bahrain,1990,0.929335437489093
BGD,Bangladesh,2023,9.8835030377921
BGD,Bangladesh,2022,7.69695437176898
BGD,Bangladesh,2021,5.54565430773473
BGD,Bangladesh,2020,5.69107474746211
BGD,Bangladesh,2019,5.59199639930629
BGD,Bangladesh,2018,5.54362139486476
BGD,Bangladesh,2017,5.70207015717239
BGD,Bangladesh,2016,5.51352572692995
BGD,Bangladesh,2015,6.19428022984984
BGD,Bangladesh,2014,6.99163889220849
BGD,Bangladesh,2013,7.53040640913172
BGD,Bangladesh,2012,6.21750422069284
BGD,Bangladesh,2011,11.3951651552399
BGD,Bangladesh,2010,8.12667639169917
BGD,Bangladesh,2009,5.42347236174679
BGD,Bangladesh,2008,8.90194489465154
BGD,Bangladesh,2007,9.10698496905383
BGD,Bangladesh,2006,6.76526117054757
BGD,Bangladesh,2005,7.04661816222039
BGD,Bangladesh,2004,7.5875363850469
BGD,Bangladesh,2003,5.66870773441476
BGD,Bangladesh,2002,3.33256493271913
BGD,Bangladesh,2001,2.0071737421384
BGD,Bangladesh,2000,2.20825620937535
BGD,Bangladesh,1999,6.10669589841958
BGD,Bangladesh,1998,8.40223795613228
BGD,Bangladesh,1997,5.30560105668802
BGD,Bangladesh,1996,2.37712902953223
BGD,Bangladesh,1995,10.2978117947206
BGD,Bangladesh,1994,5.31374007936498
BGD,Bangladesh,1993,3.01481859989799
BGD,Bangladesh,1992,3.63407691798491
BGD,Bangladesh,1991,6.35736412278234
BGD,Bangladesh,1990,6.12671846981458
BRB,Barbados,2023,3.18718905472632
BRB,Barbados,2019,1.67662473276988
BRB,Barbados,2018,3.1060057242059
BRB,Barbados,2017,4.66018463955995
BRB,Barbados,2016,1.28192813061895
BRB,Barbados,2015,-1.11278992510958
BRB,Barbados,2014,1.76950322089729
BRB,Barbados,2013,1.81410436049096
BRB,Barbados,2012,4.53334753888775
BRB,Barbados,2011,9.4322024017722
BRB,Barbados,2010,5.82421853311866
BRB,Barbados,2009,3.64386189258337
BRB,Barbados,2008,8.1081081081078
BRB,Barbados,2007,4.0342298288507
BRB,Barbados,2006,7.3076626282894
BRB,Barbados,2005,6.08218729535043
BRB,Barbados,2004,1.39442231075691
BRB,Barbados,2003,1.61943319838054
BRB,Barbados,2002,0.12524945805602
BRB,Barbados,2001,2.57783490431288
BRB,Barbados,2000,2.43581303489138
BRB,Barbados,1999,1.56006240249605
BRB,Barbados,1998,-1.26888660701213
BRB,Barbados,1997,7.71053878969883
BRB,Barbados,1996,2.38615222842325
BRB,Barbados,1995,1.87886279357232
BRB,Barbados,1994,0.0772043884602322
BRB,Barbados,1993,1.11343933604483
BRB,Barbados,1992,6.09389302994638
BRB,Barbados,1991,6.25752663270023
BRB,Barbados,1990,3.07457271078019
BLR,Belarus,2023,5.0005990309131
BLR,Belarus,2022,15.209675274081
BLR,Belarus,2021,9.46028389623099
BLR,Belarus,2020,5.54814357456519
BLR,Belarus,2019,5.59815595039848
BLR,Belarus,2018,4.87230220550686
BLR,Belarus,2017,6.03183725177795
BLR,Belarus,2016,11.8365807653497
BLR,Belarus,2015,13.5344897649734
BLR,Belarus,2014,18.1195543526734
BLR,Belarus,2013,18.3122610377873
BLR,Belarus,2012,59.2197360232519
BLR,Belarus,2011,53.2286983118172
BLR,Belarus,2010,7.73574804312515
BLR,Belarus,2009,12.9456563410402
BLR,Belarus,2008,14.8378764828254
BLR,Belarus,2007,8.42675273505306
BLR,Belarus,2006,6.99712903535591
BLR,Belarus,2005,10.3388794457932
BLR,Belarus,2004,18.1082424937646
BLR,Belarus,2003,28.3978399133474
BLR,Belarus,2002,42.5375481348794
BLR,Belarus,2001,61.1349331618477
BLR,Belarus,2000,168.620235850933
BLR,Belarus,1999,293.678750889773
BLR,Belarus,1998,72.8697170535353
BLR,Belarus,1997,63.937366335748
BLR,Belarus,1996,52.7120767531954
BLR,Belarus,1995,709.346032118606
BLR,Belarus,1994,2221.01656992039
BLR,Belarus,1993,1190.22923349187
BEL,Belgium,2023,4.04901077613941
BEL,Belgium,2022,9.597511728725
BEL,Belgium,2021,2.44024851144084
BEL,Belgium,2020,0.740791812220344
BEL,Belgium,2019,1.43681956996438
BEL,Belgium,2018,2.05316499865178
BEL,Belgium,2017,2.12597086002616
BEL,Belgium,2016,1.97385264653163
BEL,Belgium,2015,0.561429152790158
BEL,Belgium,2014,0.340002833356922
BEL,Belgium,2013,1.1130959402754
BEL,Belgium,2012,2.83966343445899
BEL,Belgium,2011,3.5320821072274
BEL,Belgium,2010,2.18929920422458
BEL,Belgium,2009,-0.0531456741254177
BEL,Belgium,2008,4.48944420508404
BEL,Belgium,2007,1.8230563002681
BEL,Belgium,2006,1.79120770070454
BEL,Belgium,2005,2.78143263670029
BEL,Belgium,2004,2.09728311239316
BEL,Belgium,2003,1.58896399970372
BEL,Belgium,2002,1.64521436175361
BEL,Belgium,2001,2.46925823086083
BEL,Belgium,2000,2.544517761909
BEL,Belgium,1999,1.12084823417847
BEL,Belgium,1998,0.94925028835061
BEL,Belgium,1997,1.62816049512954
BEL,Belgium,1996,2.07702107350675
BEL,Belgium,1995,1.46796699090272
BEL,Belgium,1994,2.377540844764
BEL,Belgium,1993,2.75442643473462
BEL,Belgium,1992,2.42795567164615
BEL,Belgium,1991,3.2153106926081
BEL,Belgium,1990,3.44831217961808
BLZ,Belize,2023,4.38984017487675
BLZ,Belize,2022,6.27689319447544
BLZ,Belize,2021,3.23563659237071
BLZ,Belize,2020,0.121434644614894
BLZ,Belize,2019,0.187069385181424
BLZ,Belize,2018,0.269982622646335
BLZ,Belize,2017,1.14765339305816
BLZ,Belize,2016,0.663427167917601
BLZ,Belize,2015,-0.861584009427748
BLZ,Belize,2014,1.20139964481058
BLZ,Belize,2013,0.50974776898322
BLZ,Belize,2012,1.30058074547858
BLZ,Belize,2011,1.602056156402
BLZ,Belize,2010,0.917977378808888
BLZ,Belize,2009,-1.10431044864355
BLZ,Belize,2008,6.39443100250034
BLZ,Belize,2007,2.31808274642021
BLZ,Belize,2006,-7.11376771265014
BLZ,Belize,2005,-1.1043104441191
BLZ,Belize,2004,6.39443099742399
BLZ,Belize,2003,2.31808274663101
BLZ,Belize,2002,4.24026660688645
BLZ,Belize,2001,3.65141786561502
BLZ,Belize,2000,3.06743966930585
BLZ,Belize,1999,2.62139524582746
BLZ,Belize,1998,2.1952625003759
BLZ,Belize,1997,1.1490375676054
BLZ,Belize,1996,5.96502097537242
BLZ,Belize,1995,2.88961584372151
BLZ,Belize,1994,2.56934304644295
BLZ,Belize,1993,1.4725969469368
BLZ,Belize,1992,2.39670073025188
BLZ,Belize,1991,0.76195150080688
BLZ,Belize,1990,3.05907172995786
BEN,Benin,2023,2.73870078406075
BEN,Benin,2022,1.35077863583527
BEN,Benin,2021,1.73353962694036
BEN,Benin,2020,3.02272119663759
BEN,Benin,2019,0.732849371241066
BEN,Benin,2018,0.919170717886054
BEN,Benin,2017,0.0432648555103608
BEN,Benin,2016,-0.793310145785624
BEN,Benin,2015,0.218785923536245
BEN,Benin,2014,-0.548757550948181
BEN,Benin,2013,0.428888888888884
BEN,Benin,2012,6.74468253340712
BEN,Benin,2011,2.7042390774728
BEN,Benin,2010,2.20783532536524
BEN,Benin,2009,0.896072355749069
BEN,Benin,2008,7.94729876067854
BEN,Benin,2007,1.29806813334152
BEN,Benin,2006,3.78217696540375
BEN,Benin,2005,5.36452085832342
BEN,Benin,2004,0.8738908308685
BEN,Benin,2003,1.48724246145442
BEN,Benin,2002,2.48916235491541
BEN,Benin,2001,3.98429547767893
BEN,Benin,2000,4.16540442290283
BEN,Benin,1999,0.326722893396866
BEN,Benin,1998,5.75331458417064
BEN,Benin,1997,3.46629590564776
BEN,Benin,1996,4.91423972637201
BEN,Benin,1995,14.4625482180894
BEN,Benin,1994,38.5308661668538
BEN,Benin,1993,0.440599214931794
BTN,Bhutan,2023,4.22934419929251
BTN,Bhutan,2022,5.6391667139637
BTN,Bhutan,2021,7.3468144053353
BTN,Bhutan,2020,5.62936522632508
BTN,Bhutan,2019,2.72643037388832
BTN,Bhutan,2018,2.72396386183713
BTN,Bhutan,2017,4.95508366985129
BTN,Bhutan,2016,3.21988689395718
BTN,Bhutan,2015,4.54814395082205
BTN,Bhutan,2014,8.27106093949328
BTN,Bhutan,2013,8.77638345268213
BTN,Bhutan,2012,10.919656944683
BTN,Bhutan,2011,8.848985699468
BTN,Bhutan,2010,7.03638316073019
BTN,Bhutan,2009,4.36112219119805
BTN,Bhutan,2008,8.32716049382713
BTN,Bhutan,2007,5.15611138758463
BTN,Bhutan,2006,5.00045438022541
BTN,Bhutan,2005,5.3126310463775
BTN,Bhutan,2004,4.10593698272958
BTN,Bhutan,2003,2.57230861693339
BTN,Bhutan,2002,2.45535714285714
BTN,Bhutan,2001,3.41478946111594
BTN,Bhutan,2000,4.01212081070342
BTN,Bhutan,1999,6.77699393553632
BTN,Bhutan,1998,10.5855899892463
BTN,Bhutan,1997,6.50548718269086
BTN,Bhutan,1996,8.79001381935162
BTN,Bhutan,1995,9.48754836789369
BTN,Bhutan,1994,7.00995355009951
BTN,Bhutan,1993,11.1980165874679
BTN,Bhutan,1992,15.975217361539
BTN,Bhutan,1991,12.2751729438893
BTN,Bhutan,1990,10.0118383223406
BOL,Bolivia,2023,2.57688800489192
BOL,Bolivia,2022,1.74632872945969
BOL,Bolivia,2021,0.737383721452275
BOL,Bolivia,2020,0.940742153381849
BOL,Bolivia,2019,1.83954504969026
BOL,Bolivia,2018,2.27205987230155
BOL,Bolivia,2017,2.8227580554717
BOL,Bolivia,2016,3.62321431764138
BOL,Bolivia,2015,4.05961041135645
BOL,Bolivia,2014,5.76660074579144
BOL,Bolivia,2013,5.73640023719607
BOL,Bolivia,2012,4.51560291399376
BOL,Bolivia,2011,9.88446419823883
BOL,Bolivia,2010,2.50327605844241
BOL,Bolivia,2009,3.34645420142014
BOL,Bolivia,2008,14.0068107702519
BOL,Bolivia,2007,8.70560923578869
BOL,Bolivia,2006,4.28239604802561
BOL,Bolivia,2005,5.39323106890663
BOL,Bolivia,2004,4.43738080101725
BOL,Bolivia,2003,3.33727499671534
BOL,Bolivia,2002,0.92825885161107
BOL,Bolivia,2001,1.58965377879568
BOL,Bolivia,2000,4.60822998872598
BOL,Bolivia,1999,2.15951626835598
BOL,Bolivia,1998,7.67322895675083
BOL,Bolivia,1997,4.70844436028193
BOL,Bolivia,1996,12.4254866180049
BOL,Bolivia,1995,10.1932067630745
BOL,Bolivia,1994,7.87404421467434
BOL,Bolivia,1993,8.52787695688003
BOL,Bolivia,1992,12.060323601829
BOL,Bolivia,1991,21.4470698171141
BOL,Bolivia,1990,17.1187746048239
BIH,Bosnia and Herzegovina,2023,6.1059011284828
BIH,Bosnia and Herzegovina,2022,14.0208440826771
BIH,Bosnia and Herzegovina,2021,1.98163900587622
BIH,Bosnia and Herzegovina,2020,-1.0512960076349
BIH,Bosnia and Herzegovina,2019,0.56278215406123
BIH,Bosnia and Herzegovina,2018,1.41710814018034
BIH,Bosnia and Herzegovina,2017,0.810039425333895
BIH,Bosnia and Herzegovina,2016,-1.58400833333336
BIH,Bosnia and Herzegovina,2015,-1.03602303425474
BIH,Bosnia and Herzegovina,2014,-0.897194054194333
BIH,Bosnia and Herzegovina,2013,-0.0930456838317588
BIH,Bosnia and Herzegovina,2012,2.05267452001717
BIH,Bosnia and Herzegovina,2011,3.67125
BIH,Bosnia and Herzegovina,2010,1.99621236745887
BIH,Bosnia and Herzegovina,2009,-0.381464282453057
BIH,Bosnia and Herzegovina,2008,7.42704310332953
BIH,Bosnia and Herzegovina,2007,1.50077710611542
BIH,Bosnia and Herzegovina,2006,6.12556615620285
BWA,Botswana,2023,5.0676154934383
BWA,Botswana,2022,11.665567478802
BWA,Botswana,2021,7.24097765588442
BWA,Botswana,2020,1.8903591682421
BWA,Botswana,2019,2.77286442863321
BWA,Botswana,2018,3.23801558947715
BWA,Botswana,2017,3.30828076768219
BWA,Botswana,2016,2.81495791361944
BWA,Botswana,2015,3.06203169580558
BWA,Botswana,2014,4.40225309243427
BWA,Botswana,2013,5.88460707056817
BWA,Botswana,2012,7.53690261091916
BWA,Botswana,2011,8.45987233408583
BWA,Botswana,2010,6.94887658743103
BWA,Botswana,2009,8.02729703109582
BWA,Botswana,2008,12.7021883920076
BWA,Botswana,2007,7.08099847172693
BWA,Botswana,2006,11.5552187914379
BWA,Botswana,2005,8.6102252854644
BWA,Botswana,2004,6.94570363654675
BWA,Botswana,2003,9.18990265632739
BWA,Botswana,2002,8.03279662527486
BWA,Botswana,2001,6.55903767014862
BWA,Botswana,2000,8.60148514851491
BWA,Botswana,1999,7.74929619202848
BWA,Botswana,1998,6.66139865665752
BWA,Botswana,1997,8.71993127147747
BWA,Botswana,1996,10.0828580652108
BWA,Botswana,1995,10.512546081579
BWA,Botswana,1994,10.5429209938218
BWA,Botswana,1993,14.3308033365888
BWA,Botswana,1992,16.1676123963339
BWA,Botswana,1991,11.7650160839535
BWA,Botswana,1990,11.3963461199556
BRA,Brazil,2023,4.59356282283204
BRA,Brazil,2022,9.28010608956873
BRA,Brazil,2021,8.30165975585673
BRA,Brazil,2020,3.21176803803376
BRA,Brazil,2019,3.73297621216894
BRA,Brazil,2018,3.66485028376729
BRA,Brazil,2017,3.44637335032669
BRA,Brazil,2016,8.73914352329393
BRA,Brazil,2015,9.02990102416136
BRA,Brazil,2014,6.32904015516139
BRA,Brazil,2013,6.20431066640101
BRA,Brazil,2012,5.40349914036997
BRA,Brazil,2011,6.6364496221309
BRA,Brazil,2010,5.03872690108075
BRA,Brazil,2009,4.88803479876799
BRA,Brazil,2008,5.67859390284168
BRA,Brazil,2007,3.64127299102652
BRA,Brazil,2006,4.18356812896909
BRA,Brazil,2005,6.86953720898964
BRA,Brazil,2004,6.59718509985963
BRA,Brazil,2003,14.7149197228147
BRA,Brazil,2002,8.45016437708331
BRA,Brazil,2001,6.84035902487523
BRA,Brazil,2000,7.04414105947266
BRA,Brazil,1999,4.85844749902667
BRA,Brazil,1998,3.19507629280052
BRA,Brazil,1997,6.92671251629154
BRA,Brazil,1996,15.7576656002606
BRA,Brazil,1995,66.0070335542481
BRA,Brazil,1994,2075.88839757325
BRA,Brazil,1993,1927.38079016026
BRA,Brazil,1992,951.962053052818
BRA,Brazil,1991,432.786661926461
BRA,Brazil,1990,2947.732772483
BRN,Brunei Darussalam,2023,0.35706431153689
BRN,Brunei Darussalam,2022,3.68225030604216
BRN,Brunei Darussalam,2021,1.73341388450593
BRN,Brunei Darussalam,2020,1.94031996607184
BRN,Brunei Darussalam,2019,-0.390522069165529
BRN,Brunei Darussalam,2018,1.02505179290212
BRN,Brunei Darussalam,2017,-1.2605056462896
BRN,Brunei Darussalam,2016,-0.278693265753083
BRN,Brunei Darussalam,2015,-0.488347420743522
BRN,Brunei Darussalam,2014,-0.207108731719822
BRN,Brunei Darussalam,2013,0.389205053123632
BRN,Brunei Darussalam,2012,0.111766261400307
BRN,Brunei Darussalam,2011,0.13791156316954
BRN,Brunei Darussalam,2010,0.356869132017561
BRN,Brunei Darussalam,2009,1.03571774271613
BRN,Brunei Darussalam,2008,2.08498023715415
BRN,Brunei Darussalam,2007,0.967774119525101
BRN,Brunei Darussalam,2006,0.159888078345121
BRN,Brunei Darussalam,2005,1.24443711883965
BRN,Brunei Darussalam,2004,0.814223994682613
BRN,Brunei Darussalam,2003,0.299999999999967
BRN,Brunei Darussalam,2002,-2.31497242459321
BRN,Brunei Darussalam,2001,0.59589041095899
BRN,Brunei Darussalam,2000,1.55815247634946
BRN,Brunei Darussalam,1999,-0.415627597672454
BRN,Brunei Darussalam,1998,-0.4413793103449
BRN,Brunei Darussalam,1997,1.71156004489335
BRN,Brunei Darussalam,1996,1.99613650998078
BRN,Brunei Darussalam,1995,5.96664139499613
BRN,Brunei Darussalam,1994,2.4625184494679
BRN,Brunei Darussalam,1993,4.25170068027212
BRN,Brunei Darussalam,1992,1.27952755905515
BRN,Brunei Darussalam,1991,1.6
BRN,Brunei Darussalam,1990,2.13866293163795
BGR,Bulgaria,2023,9.44284140088564
BGR,Bulgaria,2022,15.3252589264367
BGR,Bulgaria,2021,3.29774435299506
BGR,Bulgaria,2020,1.67244096855756
BGR,Bulgaria,2019,3.10372944796771
BGR,Bulgaria,2018,2.81454473824838
BGR,Bulgaria,2017,2.06159619443141
BGR,Bulgaria,2016,-0.798649886453617
BGR,Bulgaria,2015,-0.104633261008479
BGR,Bulgaria,2014,-1.4181838026484
BGR,Bulgaria,2013,0.890093540913096
BGR,Bulgaria,2012,2.95456829831012
BGR,Bulgaria,2011,4.21990346601872
BGR,Bulgaria,2010,2.43899060504117
BGR,Bulgaria,2009,2.75320223914819
BGR,Bulgaria,2008,12.3487195994021
BGR,Bulgaria,2007,8.40253419005893
BGR,Bulgaria,2006,7.26159462769947
BGR,Bulgaria,2005,5.0388380711191
BGR,Bulgaria,2004,6.14713074246267
BGR,Bulgaria,2003,2.34864169582758
BGR,Bulgaria,2002,5.81014365721826
BGR,Bulgaria,2001,7.36093927231841
BGR,Bulgaria,2000,10.3162621289989
BGR,Bulgaria,1999,2.57304281890212
BGR,Bulgaria,1998,18.6722044420641
BGR,Bulgaria,1997,1058.37355921973
BGR,Bulgaria,1996,121.60754244925
BGR,Bulgaria,1995,62.0548336837992
BGR,Bulgaria,1994,96.0573382686505
BGR,Bulgaria,1993,72.8787913866333
BGR,Bulgaria,1992,91.2979327269304
BGR,Bulgaria,1991,338.449111470112
BGR,Bulgaria,1990,23.8000000000003
BFA,Burkina Faso,2023,0.742910428668918
BFA,Burkina Faso,2022,14.2902354303358
BFA,Burkina Faso,2021,3.65326761825509
BFA,Burkina Faso,2020,1.88470066518847
BFA,Burkina Faso,2019,-3.23338933983322
BFA,Burkina Faso,2018,1.95594302672532
BFA,Burkina Faso,2017,1.48299897161326
BFA,Burkina Faso,2016,0.441041448058809
BFA,Burkina Faso,2015,0.724838981070517
BFA,Burkina Faso,2014,-0.258089517535291
BFA,Burkina Faso,2013,0.533738507090536
BFA,Burkina Faso,2012,3.8181524025238
BFA,Burkina Faso,2011,2.75976724854534
BFA,Burkina Faso,2010,-0.764230734676768
BFA,Burkina Faso,2009,2.60817666368314
BFA,Burkina Faso,2008,10.6597978997424
BFA,Burkina Faso,2007,-0.230627306273049
BFA,Burkina Faso,2006,2.3331085637222
BFA,Burkina Faso,2005,6.41504018369684
BFA,Burkina Faso,2004,-0.400228702115452
BFA,Burkina Faso,2003,2.03456574053815
BFA,Burkina Faso,2002,2.17569480664608
BFA,Burkina Faso,2001,5.00743290822373
BFA,Burkina Faso,2000,-0.304212168486803
BFA,Burkina Faso,1999,-1.07261362759534
BFA,Burkina Faso,1998,5.08433344145324
BFA,Burkina Faso,1997,2.31869062176683
BFA,Burkina Faso,1996,6.09780439121741
BFA,Burkina Faso,1995,7.45884497828324
BFA,Burkina Faso,1994,25.1778762249963
BFA,Burkina Faso,1993,0.553455723541917
BFA,Burkina Faso,1992,-1.99113580736894
BFA,Burkina Faso,1991,2.16260052713423
BFA,Burkina Faso,1990,-0.504303388918912
BDI,Burundi,2023,26.9414835762453
BDI,Burundi,2022,18.8008786664945
BDI,Burundi,2021,8.40453845076341
BDI,Burundi,2020,7.32110643415521
BDI,Burundi,2019,-0.686772170797359
BDI,Burundi,2018,-2.81469807668465
BDI,Burundi,2017,16.0525353030392
BDI,Burundi,2016,5.55768961400965
BDI,Burundi,2015,5.54468891259779
BDI,Burundi,2014,4.40535234185293
BDI,Burundi,2013,7.93795807492418
BDI,Burundi,2012,18.1610453065451
BDI,Burundi,2011,9.5921660597967
BDI,Burundi,2010,6.49326591473993
BDI,Burundi,2009,10.5554355299529
BDI,Burundi,2008,24.4069510353914
BDI,Burundi,2007,8.41206285772544
BDI,Burundi,2006,2.74542000214241
BDI,Burundi,2005,13.2520699188224
BDI,Burundi,2004,8.17642937482053
BDI,Burundi,2003,10.6474645658306
BDI,Burundi,2002,-1.3656800532806
BDI,Burundi,2001,9.29618771341889
BDI,Burundi,2000,24.4320242102151
BDI,Burundi,1999,3.38542427340455
BDI,Burundi,1998,12.5004107653378
BDI,Burundi,1997,31.1115898319695
BDI,Burundi,1996,26.4367816091951
BDI,Burundi,1995,19.2632536382538
BDI,Burundi,1994,14.8528149833969
BDI,Burundi,1993,9.67934658067928
BDI,Burundi,1992,1.82333333333308
BDI,Burundi,1991,8.99693873494331
BDI,Burundi,1990,7.00216956651122
CPV,Cabo Verde,2023,3.72437517668748
CPV,Cabo Verde,2022,7.93092925430087
CPV,Cabo Verde,2021,1.86215297494647
CPV,Cabo Verde,2020,0.605795808395385
CPV,Cabo Verde,2019,1.10666674296063
CPV,Cabo Verde,2018,1.25699566690509
CPV,Cabo Verde,2017,0.784415251101334
CPV,Cabo Verde,2016,-1.40781637091706
CPV,Cabo Verde,2015,0.131187999024545
CPV,Cabo Verde,2014,-0.238778144990624
CPV,Cabo Verde,2013,1.50654285701407
CPV,Cabo Verde,2012,2.54039644167109
CPV,Cabo Verde,2011,4.47388342165023
CPV,Cabo Verde,2010,2.07866470906424
CPV,Cabo Verde,2009,0.991103480568085
CPV,Cabo Verde,2008,6.77443546371143
CPV,Cabo Verde,2007,4.41099704193489
CPV,Cabo Verde,2006,5.36907687065549
CPV,Cabo Verde,2005,0.41889161285517
CPV,Cabo Verde,2004,-1.8908217230618
CPV,Cabo Verde,2003,1.18817038620528
CPV,Cabo Verde,2002,1.88453410076765
CPV,Cabo Verde,2001,3.34996472317894
CPV,Cabo Verde,2000,-2.47745668519835
CPV,Cabo Verde,1999,4.35643374510453
CPV,Cabo Verde,1998,4.39423509983477
CPV,Cabo Verde,1997,8.55606258148634
CPV,Cabo Verde,1996,5.96361961777576
CPV,Cabo Verde,1995,8.35152497972927
CPV,Cabo Verde,1994,3.45205833010708
CPV,Cabo Verde,1993,5.78839590443697
CPV,Cabo Verde,1992,3.11666432682861
CPV,Cabo Verde,1991,9.55090741310361
CPV,Cabo Verde,1990,10.6535057862491
KHM,Cambodia,2023,2.12746796594194
KHM,Cambodia,2022,5.34370264895437
KHM,Cambodia,2021,2.92073477592949
KHM,Cambodia,2020,2.9402951426397
KHM,Cambodia,2019,1.94257500833107
KHM,Cambodia,2018,2.45908515380146
KHM,Cambodia,2017,2.91263557371478
KHM,Cambodia,2016,3.01913975139128
KHM,Cambodia,2015,1.22393195511119
KHM,Cambodia,2014,3.85568861424207
KHM,Cambodia,2013,2.94162509547349
KHM,Cambodia,2012,2.93431609293951
KHM,Cambodia,2011,5.4784474961745
KHM,Cambodia,2010,3.99639528107218
KHM,Cambodia,2009,-1.24171754189637
KHM,Cambodia,2008,24.096851930605
KHM,Cambodia,2007,8.70882770568049
KHM,Cambodia,2006,5.81068550464306
KHM,Cambodia,2005,6.61525912001587
KHM,Cambodia,2004,4.31933677434786
KHM,Cambodia,2003,0.94174611779921
KHM,Cambodia,2002,0.211466568022607
KHM,Cambodia,2001,-0.600648300123686
KHM,Cambodia,2000,-0.791992529473567
KHM,Cambodia,1999,4.00820702088782
KHM,Cambodia,1998,14.8065035437763
KHM,Cambodia,1997,7.96021397777456
KHM,Cambodia,1996,7.15086140872796
KHM,Cambodia,1995,-0.798944337811878
CMR,Cameroon,2023,7.38281384280984
CMR,Cameroon,2022,6.24767713343861
CMR,Cameroon,2021,2.27185762503637
CMR,Cameroon,2020,2.43760882182236
CMR,Cameroon,2019,2.45280214062732
CMR,Cameroon,2018,1.0688581131292
CMR,Cameroon,2017,0.64040914988195
CMR,Cameroon,2016,0.874190383288856
CMR,Cameroon,2015,2.676235314199
CMR,Cameroon,2014,1.85489850366777
CMR,Cameroon,2013,2.05034718001741
CMR,Cameroon,2012,2.73529677529539
CMR,Cameroon,2011,2.93969946305091
CMR,Cameroon,2010,1.27538046242338
CMR,Cameroon,2009,3.04361847939999
CMR,Cameroon,2008,5.33780627627498
CMR,Cameroon,2007,0.921402245650095
CMR,Cameroon,2006,5.11757816019469
CMR,Cameroon,2005,2.01353950175986
CMR,Cameroon,2004,0.233647380067584
CMR,Cameroon,2003,0.623163557374316
CMR,Cameroon,2002,2.83442260128067
CMR,Cameroon,2001,4.41977245881146
CMR,Cameroon,2000,1.22719012976132
CMR,Cameroon,1999,1.87174500672008
CMR,Cameroon,1998,3.17075185386907
CMR,Cameroon,1997,4.78623881860376
CMR,Cameroon,1996,3.92406372749798
CMR,Cameroon,1995,9.06969071921509
CMR,Cameroon,1994,35.0944618459464
CMR,Cameroon,1993,-3.20655456915868
CMR,Cameroon,1992,-0.0160550458717418
CMR,Cameroon,1991,0.0600513305003455
CMR,Cameroon,1990,1.09938128383608
CAN,Canada,2023,3.87900159788426
CAN,Canada,2022,6.80280115341613
CAN,Canada,2021,3.39519318527528
CAN,Canada,2020,0.716999632307827
CAN,Canada,2019,1.94926902411593
CAN,Canada,2018,2.26822567248103
CAN,Canada,2017,1.59688412852977
CAN,Canada,2016,1.42875954701085
CAN,Canada,2015,1.12524136094277
CAN,Canada,2014,1.90663590717861
CAN,Canada,2013,0.938291897815317
CAN,Canada,2012,1.51567823124517
CAN,Canada,2011,2.91213508872351
CAN,Canada,2010,1.77687154092627
CAN,Canada,2009,0.299466803009299
CAN,Canada,2008,2.37027067444299
CAN,Canada,2007,2.13838399266837
CAN,Canada,2006,2.00202539534161
CAN,Canada,2005,2.21355203439767
CAN,Canada,2004,1.85725871857256
CAN,Canada,2003,2.75856321360112
CAN,Canada,2002,2.25839440940855
CAN,Canada,2001,2.52512013979906
CAN,Canada,2000,2.71943995691976
CAN,Canada,1999,1.73484295105918
CAN,Canada,1998,0.99594245665802
CAN,Canada,1997,1.62121638084531
CAN,Canada,1996,1.57053112507138
CAN,Canada,1995,2.14876033057849
CAN,Canada,1994,0.165562913907291
CAN,Canada,1993,1.86507936507939
CAN,Canada,1992,1.49013290374545
CAN,Canada,1991,5.62586408593005
CAN,Canada,1990,4.78047693336304
CYM,Cayman Islands,2016,-0.62525835861814
CYM,Cayman Islands,2015,-2.34752770165615
CYM,Cayman Islands,2014,1.27397911533388
CYM,Cayman Islands,2013,2.16061146813391
CYM,Cayman Islands,2012,1.18894845245608
CYM,Cayman Islands,2011,1.32543575779664
CYM,Cayman Islands,2010,0.276140861750108
CAF,Central African Republic,2023,2.97913852618937
CAF,Central African Republic,2022,5.58316735183247
CAF,Central African Republic,2021,4.25936417542868
CAF,Central African Republic,2020,1.71015659523153
CAF,Central African Republic,2019,2.68537355266787
CAF,Central African Republic,2018,1.61215686991555
CAF,Central African Republic,2017,4.18072331871267
CAF,Central African Republic,2016,4.94543276106518
CAF,Central African Republic,2015,1.40297017136816
CAF,Central African Republic,2014,14.898684179755
CAF,Central African Republic,2013,6.98879341970198
CAF,Central African Republic,2012,5.47829594346117
CAF,Central African Republic,2011,1.1944757244985
CAF,Central African Republic,2010,1.49102370047802
CAF,Central African Republic,2009,3.52126227238643
CAF,Central African Republic,2008,9.25895099417076
CAF,Central African Republic,2007,0.95991761945711
CAF,Central African Republic,2006,6.69526465773354
CAF,Central African Republic,2005,2.88352073359022
CAF,Central African Republic,2004,-2.06640601136303
CAF,Central African Republic,2003,4.13470905150996
CAF,Central African Republic,2002,2.33181703516235
CAF,Central African Republic,2001,3.83486060237362
CAF,Central African Republic,2000,3.20340091563112
CAF,Central African Republic,1999,-1.41420220082551
CAF,Central African Republic,1998,-1.8852009615791
CAF,Central African Republic,1997,1.61131347760911
CAF,Central African Republic,1996,3.72494110325802
CAF,Central African Republic,1995,19.1894039735098
CAF,Central African Republic,1994,24.5710137275605
CAF,Central African Republic,1993,-2.91535849298335
CAF,Central African Republic,1992,-1.03360811667777
CAF,Central African Republic,1991,-2.76236280675762
CAF,Central African Republic,1990,-0.0123304562272102
TCD,Chad,2023,10.8363568399843
TCD,Chad,2022,5.78802687843616
TCD,Chad,2021,-0.77284437035914
TCD,Chad,2020,4.46414437232861
TCD,Chad,2019,-0.971939175419401
TCD,Chad,2018,4.27462198610545
TCD,Chad,2017,-1.5370996298084
TCD,Chad,2016,-0.792440525236102
TCD,Chad,2015,4.37712665065654
TCD,Chad,2014,1.6819731392567
TCD,Chad,2013,0.222671564624551
TCD,Chad,2012,7.51662364663833
TCD,Chad,2011,2.0292405367826
TCD,Chad,2010,-2.07786574641866
TCD,Chad,2009,9.95242290748864
TCD,Chad,2008,10.2969758221254
TCD,Chad,2007,-8.9747396200927
TCD,Chad,2006,8.03628897951331
TCD,Chad,2005,7.89036567462993
TCD,Chad,2004,-5.35540028884816
TCD,Chad,2003,-1.75256941248655
TCD,Chad,2002,5.19181895195446
TCD,Chad,2001,12.4312865279941
TCD,Chad,2000,3.82260088086306
TCD,Chad,1999,-8.02505962727454
TCD,Chad,1998,4.2588511022514
TCD,Chad,1997,5.5722571112533
TCD,Chad,1996,11.3308789057282
TCD,Chad,1995,9.23032599768656
TCD,Chad,1994,41.7248972364414
TCD,Chad,1993,-8.427933486518
TCD,Chad,1992,-3.11303067214949
TCD,Chad,1991,3.19387473029496
TCD,Chad,1990,-0.738282265310918
CHL,Chile,2023,7.58168251407962
CHL,Chile,2022,11.643866711056
CHL,Chile,2021,4.52456838259144
CHL,Chile,2020,3.04549084804326
CHL,Chile,2019,2.55754475703327
CHL,Chile,2018,2.43488981353057
CHL,Chile,2017,2.18271846868519
CHL,Chile,2016,3.78619355893118
CHL,Chile,2015,4.34877353217044
CHL,Chile,2014,4.71867527854672
CHL,Chile,2013,1.7895555398459
CHL,Chile,2012,3.00744840213047
CHL,Chile,2011,3.34121694259302
CHL,Chile,2010,1.41071107954321
CHL,Chile,2009,0.353045178360937
CHL,Chile,2008,8.71626873039607
CHL,Chile,2007,4.40779938398044
CHL,Chile,2006,3.39201733699405
CHL,Chile,2005,3.05257621387849
CHL,Chile,2004,1.05473871403517
CHL,Chile,2003,2.8101787574361
CHL,Chile,2002,2.48939816650705
CHL,Chile,2001,3.56910053001467
CHL,Chile,2000,3.84327295706565
CHL,Chile,1999,3.33687917526023
CHL,Chile,1998,5.11024954517559
CHL,Chile,1997,6.13386464357927
CHL,Chile,1996,7.35911781788767
CHL,Chile,1995,8.23263034116114
CHL,Chile,1994,11.4431196444973
CHL,Chile,1993,12.7277669490964
CHL,Chile,1992,15.4258064688928
CHL,Chile,1991,21.7844124277757
CHL,Chile,1990,26.0364811362364
CHN,China,2023,0.234836828893051
CHN,China,2022,1.97357555739051
CHN,China,2021,0.981015135544882
CHN,China,2020,2.41942189457782
CHN,China,2019,2.89923416358227
CHN,China,2018,2.07479039965576
CHN,China,2017,1.59313600071436
CHN,China,2016,2.00000182191943
CHN,China,2015,1.43702380935655
CHN,China,2014,1.92164162788521
CHN,China,2013,2.62105001748115
CHN,China,2012,2.61952432645541
CHN,China,2011,5.55389892257493
CHN,China,2010,3.17532475269199
CHN,China,2009,-0.728165250932898
CHN,China,2008,5.92525137041092
CHN,China,2007,4.81676767378834
CHN,China,2006,1.6494309945586
CHN,China,2005,1.77641407667571
CHN,China,2004,3.82463743108159
CHN,China,2003,1.12760348729637
CHN,China,2002,-0.731970902350244
CHN,China,2001,0.719125609120114
CHN,China,2000,0.347811226864587
CHN,China,1999,-1.40147268276465
CHN,China,1998,-0.773186011549318
CHN,China,1997,2.78646505531882
CHN,China,1996,8.3131587270211
CHN,China,1995,16.7912268492666
CHN,China,1994,24.2569897243361
CHN,China,1993,14.6100786356602
CHN,China,1992,6.35398134024869
CHN,China,1991,3.55668565220452
CHN,China,1990,3.05229012075233
COL,Colombia,2023,11.7359044948689
COL,Colombia,2022,10.1772313546166
COL,Colombia,2021,3.49505757399448
COL,Colombia,2020,2.52663500084706
COL,Colombia,2019,3.52301932741447
COL,Colombia,2018,3.24056932930569
COL,Colombia,2017,4.31431325695011
COL,Colombia,2016,7.51346024627675
COL,Colombia,2015,4.9898311584953
COL,Colombia,2014,2.89883787761738
COL,Colombia,2013,2.01699224310383
COL,Colombia,2012,3.16930188840055
COL,Colombia,2011,3.4150334477625
COL,Colombia,2010,2.27200227892008
COL,Colombia,2009,4.20251661216482
COL,Colombia,2008,6.99688495554511
COL,Colombia,2007,5.54438485815156
COL,Colombia,2006,4.29342363628927
COL,Colombia,2005,5.05101962689696
COL,Colombia,2004,5.90402005546502
COL,Colombia,2003,7.1297886294186
COL,Colombia,2002,6.35150728778872
COL,Colombia,2001,7.96556090304834
COL,Colombia,2000,9.22534818585366
COL,Colombia,1999,10.8736870857471
COL,Colombia,1998,18.6769799276672
COL,Colombia,1997,18.4700217119089
COL,Colombia,1996,20.7975755127402
COL,Colombia,1995,20.8917930194849
COL,Colombia,1994,22.8462417553045
COL,Colombia,1993,22.4424828533275
COL,Colombia,1992,27.0106266231361
COL,Colombia,1991,30.3878204854436
COL,Colombia,1990,29.1520245976215
COM,Comoros,2023,8.37373955490996
COM,Comoros,2022,12.5320314570999
COM,Comoros,2021,-0.00441793682346988
COM,Comoros,2020,0.786641929499151
COM,Comoros,2019,3.58213544469211
COM,Comoros,2018,2.15155084413033
COM,Comoros,2017,-0.237362224154613
COM,Comoros,2016,0.797517430888487
COM,Comoros,2015,-0.11717388419007
COM,Comoros,2014,7.54755379096711
COM,Comoros,2013,-4.29487331536756
COM,Comoros,2012,6.31474450315177
COM,Comoros,2011,1.8426630075619
COM,Comoros,2010,3.35475770328919
COM,Comoros,2009,4.36234829325719
COM,Comoros,2008,1.7007817628453
COM,Comoros,2007,4.46616710098132
COM,Comoros,2006,3.37436360121204
COM,Comoros,2005,3.0133239505812
COM,Comoros,2004,4.47499289078107
COM,Comoros,2003,3.799081366719
COM,Comoros,2002,3.53304214308078
COM,Comoros,2001,5.55459394816812
COD,"Congo, Dem. Rep.",2016,2.88585107289988
COD,"Congo, Dem. Rep.",2015,0.74419899478147
COD,"Congo, Dem. Rep.",2014,1.24303889760803
COD,"Congo, Dem. Rep.",2013,0.808223101487111
COD,"Congo, Dem. Rep.",2012,9.72182806273364
COD,"Congo, Dem. Rep.",2011,15.316515913949
COD,"Congo, Dem. Rep.",2010,7.10000000000037
COD,"Congo, Dem. Rep.",2009,2.79999999999982
COD,"Congo, Dem. Rep.",2008,17.3013845700157
COD,"Congo, Dem. Rep.",2007,16.945100654195
COD,"Congo, Dem. Rep.",2006,13.0526949745101
COD,"Congo, Dem. Rep.",2005,21.3168167229341
COD,"Congo, Dem. Rep.",2004,3.99438400815971
COD,"Congo, Dem. Rep.",2003,12.8739657187405
COD,"Congo, Dem. Rep.",2002,31.5225826025495
COD,"Congo, Dem. Rep.",2001,359.936614264586
COD,"Congo, Dem. Rep.",2000,513.906843747535
COD,"Congo, Dem. Rep.",1999,284.894975914087
COD,"Congo, Dem. Rep.",1998,29.1488069236652
COD,"Congo, Dem. Rep.",1997,198.516707416463
COD,"Congo, Dem. Rep.",1996,492.441850235414
COD,"Congo, Dem. Rep.",1995,541.908883239027
COD,"Congo, Dem. Rep.",1994,23773.1317741016
COD,"Congo, Dem. Rep.",1993,1986.90476190476
COD,"Congo, Dem. Rep.",1992,4129.16985661558
COD,"Congo, Dem. Rep.",1991,2154.43682711341
COD,"Congo, Dem. Rep.",1990,81.295404814004
COG,"Congo, Rep.",2023,4.30174563591016
COG,"Congo, Rep.",2022,3.04344334698478
COG,"Congo, Rep.",2021,1.7156427545126
COG,"Congo, Rep.",2020,1.79537147083108
COG,"Congo, Rep.",2019,2.20607305781525
COG,"Congo, Rep.",2018,1.15277896375523
COG,"Congo, Rep.",2017,0.450063823285546
COG,"Congo, Rep.",2016,3.19056179723773
COG,"Congo, Rep.",2015,3.16909796750829
COG,"Congo, Rep.",2014,0.912139545450097
COG,"Congo, Rep.",2013,4.63161619729461
COG,"Congo, Rep.",2012,5.01018773134471
COG,"Congo, Rep.",2011,1.75958704273803
COG,"Congo, Rep.",2010,0.391525011227612
COG,"Congo, Rep.",2009,4.41500374795223
COG,"Congo, Rep.",2008,4.95875092023152
COG,"Congo, Rep.",2007,2.65464645060703
COG,"Congo, Rep.",2006,6.53784395299604
COG,"Congo, Rep.",2005,3.09449011456182
COG,"Congo, Rep.",2004,2.42976607961799
COG,"Congo, Rep.",2003,-0.631844987363156
COG,"Congo, Rep.",2002,4.37875971780873
COG,"Congo, Rep.",2001,0.0559899218140583
COG,"Congo, Rep.",2000,-0.881991517025431
COG,"Congo, Rep.",1999,4.14267137284048
COG,"Congo, Rep.",1996,10.0311203319503
COG,"Congo, Rep.",1995,9.41800743452228
COG,"Congo, Rep.",1994,42.4396750333452
COG,"Congo, Rep.",1993,4.92366412213743
COG,"Congo, Rep.",1992,-3.93546810070881
COG,"Congo, Rep.",1991,-1.67834968956537
COG,"Congo, Rep.",1990,2.88905374216947
CRI,Costa Rica,2023,0.525193508693455
CRI,Costa Rica,2022,8.27477490232654
CRI,Costa Rica,2021,1.72647755109241
CRI,Costa Rica,2020,0.724911478131376
CRI,Costa Rica,2019,2.09604635327807
CRI,Costa Rica,2018,2.22111461526581
CRI,Costa Rica,2017,1.62590692991732
CRI,Costa Rica,2016,-0.0174788505908217
CRI,Costa Rica,2015,0.801982005099623
CRI,Costa Rica,2014,4.51920098516954
CRI,Costa Rica,2013,5.23133614174428
CRI,Costa Rica,2012,4.49545314354605
CRI,Costa Rica,2011,4.87799830970702
CRI,Costa Rica,2010,5.66275708420021
CRI,Costa Rica,2009,7.84270167700654
CRI,Costa Rica,2008,13.4244635507284
CRI,Costa Rica,2007,9.35724456417157
CRI,Costa Rica,2006,11.4705968149052
CRI,Costa Rica,2005,13.7982949108987
CRI,Costa Rica,2004,12.3148150178852
CRI,Costa Rica,2003,9.44758091616984
CRI,Costa Rica,2002,9.16752048509119
CRI,Costa Rica,2001,11.2556157091172
CRI,Costa Rica,2000,10.9615496593622
CRI,Costa Rica,1999,10.0452817292494
CRI,Costa Rica,1998,11.6592997742233
CRI,Costa Rica,1997,13.2480440791191
CRI,Costa Rica,1996,17.5114524814591
CRI,Costa Rica,1995,23.1864981102567
CRI,Costa Rica,1994,13.5344687273427
CRI,Costa Rica,1993,9.77860078293777
CRI,Costa Rica,1992,21.791168790061
CRI,Costa Rica,1991,28.7092913706618
CRI,Costa Rica,1990,19.0397526635649
CIV,Cote d'Ivoire,2023,4.36972254867474
CIV,Cote d'Ivoire,2022,5.23352856100843
CIV,Cote d'Ivoire,2021,4.15919657911798
CIV,Cote d'Ivoire,2020,2.41252617189053
CIV,Cote d'Ivoire,2019,0.790855512053661
CIV,Cote d'Ivoire,2018,0.401297817263547
CIV,Cote d'Ivoire,2017,0.685881065304603
CIV,Cote d'Ivoire,2016,0.723178457513308
CIV,Cote d'Ivoire,2015,1.25149954781468
CIV,Cote d'Ivoire,2014,0.448682076766141
CIV,Cote d'Ivoire,2013,2.58117037252936
CIV,Cote d'Ivoire,2012,1.30451119915606
CIV,Cote d'Ivoire,2011,4.9124339505245
CIV,Cote d'Ivoire,2010,1.2264561213548
CIV,Cote d'Ivoire,2009,1.01950457731138
CIV,Cote d'Ivoire,2008,6.30852769152578
CIV,Cote d'Ivoire,2007,1.89200629349598
CIV,Cote d'Ivoire,2006,2.46719148596915
CIV,Cote d'Ivoire,2005,3.88583039886482
CIV,Cote d'Ivoire,2004,1.45798835600741
CIV,Cote d'Ivoire,2003,3.29680746974208
CIV,Cote d'Ivoire,2002,3.07726485157427
CIV,Cote d'Ivoire,2001,4.36152914007256
CIV,Cote d'Ivoire,2000,2.53077516737997
CIV,Cote d'Ivoire,1999,0.702375805955961
CIV,Cote d'Ivoire,1998,4.61144759515372
CIV,Cote d'Ivoire,1997,4.02083333333306
CIV,Cote d'Ivoire,1996,2.48080669187551
CIV,Cote d'Ivoire,1995,14.2950690851945
CIV,Cote d'Ivoire,1994,26.0815719947162
CIV,Cote d'Ivoire,1993,2.16471453976754
CIV,Cote d'Ivoire,1992,4.23138382869968
CIV,Cote d'Ivoire,1991,1.6833484986348
CIV,Cote d'Ivoire,1990,-0.80587969827806
HRV,Croatia,2023,7.94128177586822
HRV,Croatia,2022,10.7805806758686
HRV,Croatia,2021,2.55450699642041
HRV,Croatia,2020,0.154811374562106
HRV,Croatia,2019,0.771820346498112
HRV,Croatia,2018,1.50012501041747
HRV,Croatia,2017,1.12937210282347
HRV,Croatia,2016,-1.12500000000002
HRV,Croatia,2015,-0.464499004645003
HRV,Croatia,2014,-0.215196159576176
HRV,Croatia,2013,2.21658206429779
HRV,Croatia,2012,3.41207349081368
HRV,Croatia,2011,2.27272727272722
HRV,Croatia,2010,1.03055505333576
HRV,Croatia,2009,2.37852845904671
HRV,Croatia,2008,6.07696838798352
HRV,Croatia,2007,2.89928275583389
HRV,Croatia,2006,3.18982591472949
HRV,Croatia,2005,3.31717824448043
HRV,Croatia,2004,2.05539679050328
HRV,Croatia,2003,1.76733780760629
HRV,Croatia,2002,1.67178437393384
HRV,Croatia,2001,3.77670246665889
HRV,Croatia,2000,4.61131554737801
HRV,Croatia,1999,4.01913875598084
HRV,Croatia,1998,6.39668660837555
HRV,Croatia,1997,4.17066155321186
HRV,Croatia,1996,4.29999999999993
HRV,Croatia,1995,3.95010395010406
HRV,Croatia,1994,107.327586206896
HRV,Croatia,1993,1500.0
HRV,Croatia,1992,625.000000000001
HRV,Croatia,1991,122.222222222222
HRV,Croatia,1990,500.0
CUW,Curacao,2019,2.62220783425059
CUW,Curacao,2018,2.58368756641814
CUW,Curacao,2017,1.58558801700345
CUW,Curacao,2016,-0.0472079848940293
CUW,Curacao,2015,-0.476542049801405
CUW,Curacao,2014,1.4987396961643
CUW,Curacao,2013,1.33232086152117
CUW,Curacao,2012,3.18398746349455
CUW,Curacao,2011,2.3325315256217
CUW,Curacao,2010,2.77944261312587
CUW,Curacao,2009,1.75331605427595
CUW,Curacao,2008,6.8763239367776
CUW,Curacao,2007,2.99572039942908
CUW,Curacao,2006,3.1149952409795
CUW,Curacao,2005,4.11711711711708
CUW,Curacao,2004,1.37912138094799
CUW,Curacao,2003,1.63371391441571
CUW,Curacao,2002,0.391389432485324
CUW,Curacao,2001,1.79282868525896
CYP,Cyprus,2023,3.54134188751646
CYP,Cyprus,2022,8.39548297993334
CYP,Cyprus,2021,2.44608867175474
CYP,Cyprus,2020,-0.638422797978861
CYP,Cyprus,2019,0.250370996758493
CYP,Cyprus,2018,1.43549119531759
CYP,Cyprus,2017,0.531766496174467
CYP,Cyprus,2016,-1.42916666666665
CYP,Cyprus,2015,-2.0969976905312
CYP,Cyprus,2014,-1.35498885446315
CYP,Cyprus,2013,-0.399357676464425
CYP,Cyprus,2012,2.38905410042326
CYP,Cyprus,2011,3.2894493956421
CYP,Cyprus,2010,2.43004084102251
CYP,Cyprus,2009,0.326276652249793
CYP,Cyprus,2008,4.66900841902491
CYP,Cyprus,2007,2.37265183669718
CYP,Cyprus,2006,2.30468732978553
CYP,Cyprus,2005,2.56016132330235
CYP,Cyprus,2004,2.28621706801678
CYP,Cyprus,2003,4.13906538686852
CYP,Cyprus,2002,2.80115505180745
CYP,Cyprus,2001,1.97304191729917
CYP,Cyprus,2000,4.14165764702055
CYP,Cyprus,1999,1.62999999999997
CYP,Cyprus,1998,2.22770732654316
CYP,Cyprus,1997,3.6053444436463
CYP,Cyprus,1996,2.97892486481266
CYP,Cyprus,1995,2.61581787956336
CYP,Cyprus,1994,4.6985893105498
CYP,Cyprus,1993,4.85416666666694
CYP,Cyprus,1992,6.51021953065819
CYP,Cyprus,1991,5.03527438848104
CYP,Cyprus,1990,4.5020546289584
CZE,Czechia,2023,10.6612601372427
CZE,Czechia,2022,15.1001651468371
CZE,Czechia,2021,3.83984491500146
CZE,Czechia,2020,3.1612952849781
CZE,Czechia,2019,2.84787595918041
CZE,Czechia,2018,2.14949494949493
CZE,Czechia,2017,2.4505339846014
CZE,Czechia,2016,0.683504209385703
CZE,Czechia,2015,0.309364548494975
CZE,Czechia,2014,0.343988589646794
CZE,Czechia,2013,1.4382978723404
CZE,Czechia,2012,3.28762306610411
CZE,Czechia,2011,1.9172191363555
CZE,Czechia,2010,1.47272727272728
CZE,Czechia,2009,1.0193773532923
CZE,Czechia,2008,6.3586638015237
CZE,Czechia,2007,2.8531243721117
CZE,Czechia,2006,2.53399258343633
CZE,Czechia,2005,1.85709789109228
CZE,Czechia,2004,2.76010781671153
CZE,Czechia,2003,0.118739205526815
CZE,Czechia,2002,1.90298097019027
CZE,Czechia,2001,4.66267556988258
CZE,Czechia,2000,3.77538829151729
CZE,Czechia,1999,2.1354484441733
CZE,Czechia,1998,10.6983655274888
CZE,Czechia,1997,8.59615666715564
CZE,Czechia,1996,8.75877472878111
CZE,Czechia,1995,8.99052361478449
CZE,Czechia,1994,10.039429835143
CZE,Czechia,1993,20.8130295438428
CZE,Czechia,1992,11.086500072223
DNK,Denmark,2023,3.30517811237606
DNK,Denmark,2022,7.6965669988926
DNK,Denmark,2021,1.85304543989689
DNK,Denmark,2020,0.420711974110025
DNK,Denmark,2019,0.75813157251162
DNK,Denmark,2018,0.813609467455631
DNK,Denmark,2017,1.14713216957602
DNK,Denmark,2016,0.250000000000031
DNK,Denmark,2015,0.452034153691575
DNK,Denmark,2014,0.56402054044954
DNK,Denmark,2013,0.789071780078062
DNK,Denmark,2012,2.3979148566464
DNK,Denmark,2011,2.7586822605125
DNK,Denmark,2010,2.31092436974786
DNK,Denmark,2009,1.30470991024336
DNK,Denmark,2008,3.41626794258374
DNK,Denmark,2007,1.69326586220324
DNK,Denmark,2006,1.92422138464584
DNK,Denmark,2005,1.81781458291254
DNK,Denmark,2004,1.15435693124934
DNK,Denmark,2003,2.07507820646506
DNK,Denmark,2002,2.42443661219695
DNK,Denmark,2001,2.33787000255263
DNK,Denmark,2000,2.90328203236461
DNK,Denmark,1999,2.49779544404529
DNK,Denmark,1998,1.84565122007883
DNK,Denmark,1997,2.1821667790712
DNK,Denmark,1996,2.12629802275577
DNK,Denmark,1995,2.08360842382855
DNK,Denmark,1994,1.99201463809517
DNK,Denmark,1993,1.2578566795326
DNK,Denmark,1992,2.09604442933214
DNK,Denmark,1991,2.39515331724416
DNK,Denmark,1990,2.64160306382001
DJI,Djibouti,2023,1.44905087029086
DJI,Djibouti,2022,5.17222088647606
DJI,Djibouti,2021,1.18086783934059
DJI,Djibouti,2020,1.77900535643955
DJI,Djibouti,2019,3.31763203299603
DJI,Djibouti,2018,0.138836400011405
DJI,Djibouti,2017,0.577285724560661
DJI,Djibouti,2016,2.4025290543489
DJI,Djibouti,2015,-0.522166521445793
DJI,Djibouti,2014,1.34186494340162
DJI,Djibouti,2013,2.70603242872186
DJI,Djibouti,2012,3.73120950756887
DJI,Djibouti,2011,5.0687139477798
DJI,Djibouti,2010,3.95007875923886
DJI,Djibouti,2009,1.67549587285963
DJI,Djibouti,2008,11.9586206896552
DJI,Djibouti,2007,4.96597654553301
DJI,Djibouti,2006,3.48340699677866
DJI,Djibouti,2005,3.10496640148299
DJI,Djibouti,2004,3.12226204699352
DJI,Djibouti,2003,1.98196734627545
DJI,Djibouti,2002,0.63761955366632
DJI,Djibouti,2001,1.74665224985434
DMA,Dominica,2023,5.08677483158112
DMA,Dominica,2022,2.88490226829353
DMA,Dominica,2021,2.22891330700344
DMA,Dominica,2020,1.22026442242476
DMA,Dominica,2019,1.50462353858141
DMA,Dominica,2018,0.98919111918989
DMA,Dominica,2017,0.296252889279487
DMA,Dominica,2016,0.141816225732312
DMA,Dominica,2015,-0.84382698463833
DMA,Dominica,2014,0.799250372687492
DMA,Dominica,2013,-0.0464116468805992
DMA,Dominica,2012,1.3567714780886
DMA,Dominica,2011,1.1312313652648
DMA,Dominica,2010,2.99936630549
DMA,Dominica,2009,0.00626357107066859
DMA,Dominica,2008,6.35992183336295
DMA,Dominica,2007,3.63222129317821
DMA,Dominica,2006,2.2023913263167
DMA,Dominica,2005,1.68190079877553
DMA,Dominica,2004,2.39410982050298
DMA,Dominica,2003,1.45336800437251
DMA,Dominica,2002,0.170055330197681
DMA,Dominica,2001,1.3038940346596
DMA,Dominica,2000,0.856946805358483
DMA,Dominica,1999,1.17947787394175
DMA,Dominica,1998,0.999147457910748
DMA,Dominica,1997,2.43629715479674
DMA,Dominica,1996,1.67716450485913
DMA,Dominica,1995,1.3175374577497
DMA,Dominica,1994,0.0151367351744227
DMA,Dominica,1993,1.56902604224498
DMA,Dominica,1992,5.47182559344178
DMA,Dominica,1991,5.55706153429132
DMA,Dominica,1990,3.19092323226821
DOM,Dominican Republic,2023,4.78561281021135
DOM,Dominican Republic,2022,8.81109209279587
DOM,Dominican Republic,2021,8.24300347981809
DOM,Dominican Republic,2020,3.78103179915517
DOM,Dominican Republic,2019,1.81060377042959
DOM,Dominican Republic,2018,3.56443426013508
DOM,Dominican Republic,2017,3.27955694678546
DOM,Dominican Republic,2016,1.61416607245223
DOM,Dominican Republic,2015,0.836746346724557
DOM,Dominican Republic,2014,2.99864226125219
DOM,Dominican Republic,2013,4.830950967408
DOM,Dominican Republic,2012,3.69449707884777
DOM,Dominican Republic,2011,5.79676809206533
DOM,Dominican Republic,2010,6.32993220146146
DOM,Dominican Republic,2009,1.44215131834353
DOM,Dominican Republic,2008,10.6446210953712
DOM,Dominican Republic,2007,6.14356655248047
DOM,Dominican Republic,2006,7.57280523853074
DOM,Dominican Republic,2005,4.19020260472056
DOM,Dominican Republic,2004,51.4608598338065
DOM,Dominican Republic,2003,27.4497127394395
DOM,Dominican Republic,2002,5.22336769759447
DOM,Dominican Republic,2001,8.88306848812961
DOM,Dominican Republic,2000,7.72413566181616
DOM,Dominican Republic,1999,6.47054186846928
DOM,Dominican Republic,1998,4.83166558591895
DOM,Dominican Republic,1997,8.29656754792046
DOM,Dominican Republic,1996,5.39929385038922
DOM,Dominican Republic,1995,12.5359594558963
DOM,Dominican Republic,1994,8.26076798575834
DOM,Dominican Republic,1993,5.25033880690971
DOM,Dominican Republic,1992,4.25902638893392
DOM,Dominican Republic,1991,47.079157410536
DOM,Dominican Republic,1990,50.4624792378524
ECU,Ecuador,2023,2.21568764237058
ECU,Ecuador,2022,3.46616972213077
ECU,Ecuador,2021,0.133251386096389
ECU,Ecuador,2020,-0.338872392562139
ECU,Ecuador,2019,0.266012515466155
ECU,Ecuador,2018,-0.224103246005552
ECU,Ecuador,2017,0.417335588666825
ECU,Ecuador,2016,1.72826463324533
ECU,Ecuador,2015,3.96664623255358
ECU,Ecuador,2014,3.58922016616663
ECU,Ecuador,2013,2.72177577710371
ECU,Ecuador,2012,5.10172180958666
ECU,Ecuador,2011,4.4745326579584
ECU,Ecuador,2010,3.55437734567843
ECU,Ecuador,2009,5.15996829181047
ECU,Ecuador,2008,8.40009593987462
ECU,Ecuador,2007,2.27618478002121
ECU,Ecuador,2006,3.29874846258215
ECU,Ecuador,2005,2.1682770118372
ECU,Ecuador,2004,2.74323198926704
ECU,Ecuador,2003,7.92936487461556
ECU,Ecuador,2002,12.4835980082095
ECU,Ecuador,2001,37.6767454518094
ECU,Ecuador,2000,96.0963756926096
ECU,Ecuador,1999,52.2420051858225
ECU,Ecuador,1998,36.0984331623886
ECU,Ecuador,1997,30.6575675722173
ECU,Ecuador,1996,24.4114592150674
ECU,Ecuador,1995,22.9341344145802
ECU,Ecuador,1994,27.3108817940495
ECU,Ecuador,1993,44.9550537592163
ECU,Ecuador,1992,54.6078215093597
ECU,Ecuador,1991,48.718080675219
ECU,Ecuador,1990,48.5191129963729
EGY,"Egypt, Arab Rep.",2023,33.8847763115546
EGY,"Egypt, Arab Rep.",2022,13.8956609775178
EGY,"Egypt, Arab Rep.",2021,5.21404940513043
EGY,"Egypt, Arab Rep.",2020,5.04493288977539
EGY,"Egypt, Arab Rep.",2019,9.15279959324804
EGY,"Egypt, Arab Rep.",2018,14.4014657807422
EGY,"Egypt, Arab Rep.",2017,29.5066083940039
EGY,"Egypt, Arab Rep.",2016,13.813606214829
EGY,"Egypt, Arab Rep.",2015,10.370490343517
EGY,"Egypt, Arab Rep.",2014,10.0702154687481
EGY,"Egypt, Arab Rep.",2013,9.46971981064921
EGY,"Egypt, Arab Rep.",2012,7.11172943343083
EGY,"Egypt, Arab Rep.",2011,10.0649259874818
EGY,"Egypt, Arab Rep.",2010,11.2651882653185
EGY,"Egypt, Arab Rep.",2009,11.7634954386443
EGY,"Egypt, Arab Rep.",2008,18.3168316831684
EGY,"Egypt, Arab Rep.",2007,9.3189690579923
EGY,"Egypt, Arab Rep.",2006,7.64452644526434
EGY,"Egypt, Arab Rep.",2005,4.86939696871988
EGY,"Egypt, Arab Rep.",2004,11.270619332052
EGY,"Egypt, Arab Rep.",2003,4.50777636319304
EGY,"Egypt, Arab Rep.",2002,2.73723855000334
EGY,"Egypt, Arab Rep.",2001,2.26975720475956
EGY,"Egypt, Arab Rep.",2000,2.68380535348546
EGY,"Egypt, Arab Rep.",1999,3.07949912638332
EGY,"Egypt, Arab Rep.",1998,3.8725754642749
EGY,"Egypt, Arab Rep.",1997,4.62560578826438
EGY,"Egypt, Arab Rep.",1996,7.18710369719992
EGY,"Egypt, Arab Rep.",1995,15.7422305021596
EGY,"Egypt, Arab Rep.",1994,8.15423128587096
EGY,"Egypt, Arab Rep.",1993,12.0897922868977
EGY,"Egypt, Arab Rep.",1992,13.6374241717218
EGY,"Egypt, Arab Rep.",1991,19.7485448195578
EGY,"Egypt, Arab Rep.",1990,16.7563747077691
SLV,El Salvador,2023,4.04554694222477
SLV,El Salvador,2022,7.19861615609867
SLV,El Salvador,2021,3.46692585313082
SLV,El Salvador,2020,-0.371590212324095
SLV,El Salvador,2019,0.0753241350024612
SLV,El Salvador,2018,1.09033000581892
SLV,El Salvador,2017,1.0123540331558
SLV,El Salvador,2016,0.60404908699661
SLV,El Salvador,2015,-0.731384487387957
SLV,El Salvador,2014,1.14134467538233
SLV,El Salvador,2013,0.757669184522973
SLV,El Salvador,2012,1.72973481581383
SLV,El Salvador,2011,5.1289237668161
SLV,El Salvador,2010,1.17933576873673
SLV,El Salvador,2009,1.05595029731201
SLV,El Salvador,2008,6.70792293515939
SLV,El Salvador,2007,4.57808572377153
SLV,El Salvador,2006,4.03712359429612
SLV,El Salvador,2005,4.69094870903769
SLV,El Salvador,2004,4.45194392395045
SLV,El Salvador,2003,2.1203909173333
SLV,El Salvador,2002,1.86552503610077
SLV,El Salvador,2001,3.7508205747202
SLV,El Salvador,2000,2.27128756828723
SLV,El Salvador,1999,0.514827130192979
SLV,El Salvador,1998,2.54705977554151
SLV,El Salvador,1997,4.49013627855204
SLV,El Salvador,1996,9.78892040179966
SLV,El Salvador,1995,10.0296564501018
SLV,El Salvador,1994,10.5858066526451
SLV,El Salvador,1993,18.5066883302714
SLV,El Salvador,1992,11.2144813801987
SLV,El Salvador,1991,14.4026748806266
SLV,El Salvador,1990,23.9991651130861
GNQ,Equatorial Guinea,2023,2.85949506037322
GNQ,Equatorial Guinea,2022,4.78671704710803
GNQ,Equatorial Guinea,2021,-0.0971007664640198
GNQ,Equatorial Guinea,2020,4.76669523944228
GNQ,Equatorial Guinea,2019,1.53027528964189
GNQ,Equatorial Guinea,2018,1.06007410662171
GNQ,Equatorial Guinea,2017,0.74435474661241
GNQ,Equatorial Guinea,2016,1.41193915479015
GNQ,Equatorial Guinea,2015,1.67663085315988
GNQ,Equatorial Guinea,2014,4.30999866149107
GNQ,Equatorial Guinea,2013,2.94887694639662
GNQ,Equatorial Guinea,2012,3.65662048278806
GNQ,Equatorial Guinea,2011,4.805389221557
GNQ,Equatorial Guinea,2010,7.78916547991184
GNQ,Equatorial Guinea,2009,4.69106567747375
GNQ,Equatorial Guinea,2008,6.55176691184535
GNQ,Equatorial Guinea,2007,2.80373831775704
GNQ,Equatorial Guinea,2006,4.41589984169561
GNQ,Equatorial Guinea,2005,5.63163351357613
GNQ,Equatorial Guinea,2004,4.21968787094834
GNQ,Equatorial Guinea,2003,7.32354399351809
GNQ,Equatorial Guinea,2002,7.5924784983324
GNQ,Equatorial Guinea,2001,8.82538925854966
GNQ,Equatorial Guinea,2000,4.80228886901398
GNQ,Equatorial Guinea,1999,0.372266170311928
GNQ,Equatorial Guinea,1998,7.93571069814148
GNQ,Equatorial Guinea,1997,3.01650540694366
GNQ,Equatorial Guinea,1996,4.54072771540235
GNQ,Equatorial Guinea,1995,19.8724349483472
GNQ,Equatorial Guinea,1994,31.8410168416385
GNQ,Equatorial Guinea,1993,5.4522847373328
GNQ,Equatorial Guinea,1992,-4.27874315639129
GNQ,Equatorial Guinea,1991,-3.42528735632201
GNQ,Equatorial Guinea,1990,0.857871551124735
EST,Estonia,2023,9.15922507983982
EST,Estonia,2022,19.3982634080616
EST,Estonia,2021,4.65316673847473
EST,Estonia,2020,-0.44453109767983
EST,Estonia,2019,2.27725931243522
EST,Estonia,2018,3.43632688420446
EST,Estonia,2017,3.41723549488054
EST,Estonia,2016,0.148684907627373
EST,Estonia,2015,-0.49232600654737
EST,Estonia,2014,-0.10617514652171
EST,Estonia,2013,2.78056658954988
EST,Estonia,2012,3.93339987296985
EST,Estonia,2011,4.9819013145361
EST,Estonia,2010,2.97204512015694
EST,Estonia,2009,-0.0784083112809768
EST,Estonia,2008,10.3623580313683
EST,Estonia,2007,6.60132603055637
EST,Estonia,2006,4.43762042389213
EST,Estonia,2005,4.07971423199849
EST,Estonia,2004,3.04811107523416
EST,Estonia,2003,1.33499116549955
EST,Estonia,2002,3.57191270164027
EST,Estonia,2001,5.74827981651373
EST,Estonia,2000,4.01848952508763
EST,Estonia,1999,3.29611089718909
EST,Estonia,1998,8.20833333333298
EST,Estonia,1997,10.5818789322146
EST,Estonia,1996,23.050343349517
EST,Estonia,1995,28.7766137208514
EST,Estonia,1994,47.6546906187628
EST,Estonia,1993,89.8119490277275
SWZ,Eswatini,2019,2.59801620311077
SWZ,Eswatini,2018,4.81506167461513
SWZ,Eswatini,2017,6.22137528933118
SWZ,Eswatini,2016,7.8472745908568
SWZ,Eswatini,2015,4.95124493704919
SWZ,Eswatini,2014,5.68134885776447
SWZ,Eswatini,2013,5.62130623468948
SWZ,Eswatini,2012,8.93964682788212
SWZ,Eswatini,2011,6.10742714590251
SWZ,Eswatini,2010,4.50923691774369
SWZ,Eswatini,2009,7.44823423445754
SWZ,Eswatini,2008,12.6574601863915
SWZ,Eswatini,2007,8.07608827861589
SWZ,Eswatini,2006,5.30463946338728
SWZ,Eswatini,2005,4.77400404553712
SWZ,Eswatini,2004,3.44533507316614
SWZ,Eswatini,2003,7.28999999999999
SWZ,Eswatini,2002,12.0197154699232
SWZ,Eswatini,2001,5.94210982281648
SWZ,Eswatini,2000,12.2085358545844
SWZ,Eswatini,1999,6.08886063431493
SWZ,Eswatini,1998,8.10996563573863
SWZ,Eswatini,1997,7.12532722513057
SWZ,Eswatini,1996,6.42521330315218
SWZ,Eswatini,1995,12.2885912601426
SWZ,Eswatini,1994,13.7693248804359
SWZ,Eswatini,1993,12.0234238724148
SWZ,Eswatini,1992,7.55829536317337
SWZ,Eswatini,1991,8.93430656934288
SWZ,Eswatini,1990,13.0922899124981
ETH,Ethiopia,2023,30.2188278135278
ETH,Ethiopia,2022,33.8898797100898
ETH,Ethiopia,2021,26.8395221557722
ETH,Ethiopia,2020,20.3563468559061
ETH,Ethiopia,2019,15.8096321719344
ETH,Ethiopia,2018,13.8330356586661
ETH,Ethiopia,2017,10.6871150284238
ETH,Ethiopia,2016,6.62813337230924
ETH,Ethiopia,2015,9.56889955968623
ETH,Ethiopia,2014,6.89001951597192
ETH,Ethiopia,2013,7.46402192944517
ETH,Ethiopia,2012,23.600417677317
ETH,Ethiopia,2011,33.2499598823344
ETH,Ethiopia,2010,8.14926402965082
ETH,Ethiopia,2009,8.48364404530282
ETH,Ethiopia,2008,44.3566858766952
ETH,Ethiopia,2007,17.2404008340898
ETH,Ethiopia,2006,12.2994763114825
ETH,Ethiopia,2005,9.96997123512892
ETH,Ethiopia,2004,3.32737047894847
ETH,Ethiopia,2003,13.6740452028272
ETH,Ethiopia,2002,0.675089102170801
ETH,Ethiopia,2001,-8.23784453391137
ETH,Ethiopia,2000,0.662458109266482
ETH,Ethiopia,1999,7.94144864137325
ETH,Ethiopia,1998,0.894801693964107
ETH,Ethiopia,1997,2.39520958083829
ETH,Ethiopia,1996,-8.48424868948825
ETH,Ethiopia,1995,10.0221733553239
ETH,Ethiopia,1994,7.59387600185337
ETH,Ethiopia,1993,3.54306596166032
ETH,Ethiopia,1992,10.5274440119592
ETH,Ethiopia,1991,35.7225982298715
ETH,Ethiopia,1990,5.15248124174767
FJI,Fiji,2023,2.97544080604539
FJI,Fiji,2022,6.07882431529725
FJI,Fiji,2021,1.53454853751592
FJI,Fiji,2020,-1.70014167847318
FJI,Fiji,2019,1.79388647514555
FJI,Fiji,2018,4.08147637644543
FJI,Fiji,2017,3.34757834757831
FJI,Fiji,2016,3.86322538221278
FJI,Fiji,2015,1.37488542621447
FJI,Fiji,2014,0.519306474579107
FJI,Fiji,2013,2.91354193603992
FJI,Fiji,2012,3.42337523401979
FJI,Fiji,2011,7.278117827085
FJI,Fiji,2010,3.68901229670761
FJI,Fiji,2009,3.13103559015967
FJI,Fiji,2008,7.73227857918422
FJI,Fiji,2007,4.80370641306989
FJI,Fiji,2006,2.49083638787079
FJI,Fiji,2005,2.36576453830434
FJI,Fiji,2004,2.82748519391201
FJI,Fiji,2003,4.17274777763034
FJI,Fiji,2002,0.762032085561206
FJI,Fiji,2001,4.27267024465105
FJI,Fiji,2000,1.09216459977388
FJI,Fiji,1999,1.96867366000919
FJI,Fiji,1998,5.71168160413118
FJI,Fiji,1997,3.36814006437944
FJI,Fiji,1996,3.05016181229798
FJI,Fiji,1995,2.16564721441537
FJI,Fiji,1994,0.816666666667011
FJI,Fiji,1993,5.20658925195765
FJI,Fiji,1992,4.88302271568615
FJI,Fiji,1991,6.49734555984547
FJI,Fiji,1990,8.1913713204097
FIN,Finland,2023,6.25064322154763
FIN,Finland,2022,7.12350773301412
FIN,Finland,2021,2.19457432339998
FIN,Finland,2020,0.290554555653239
FIN,Finland,2019,1.02409392963431
FIN,Finland,2018,1.08382098409296
FIN,Finland,2017,0.754015047084438
FIN,Finland,2016,0.356684500891695
FIN,Finland,2015,-0.207928839905177
FIN,Finland,2014,1.0411962117843
FIN,Finland,2013,1.4782861568881
FIN,Finland,2012,2.80833622561574
FIN,Finland,2011,3.4168075425521
FIN,Finland,2010,1.18413523154651
FIN,Finland,2009,-9.17360424903996e-07
FIN,Finland,2008,4.06595355358383
FIN,Finland,2007,2.5106656524034
FIN,Finland,2006,1.56666380704379
FIN,Finland,2005,0.623874450025224
FIN,Finland,2004,0.187120559084474
FIN,Finland,2003,0.877440386254729
FIN,Finland,2002,1.5712201278938
FIN,Finland,2001,2.57844080098903
FIN,Finland,2000,3.04210080667792
FIN,Finland,1999,1.16223155669441
FIN,Finland,1998,1.39947378579837
FIN,Finland,1997,1.19255883425843
FIN,Finland,1996,0.629194238121054
FIN,Finland,1995,0.79123940693846
FIN,Finland,1994,1.08855677589402
FIN,Finland,1993,2.19065319556431
FIN,Finland,1992,2.91932319285019
FIN,Finland,1991,4.31021289843461
FIN,Finland,1990,6.14956531179858
FRA,France,2023,4.8783572650844
FRA,France,2022,5.22236748369725
FRA,France,2021,1.64233141038394
FRA,France,2020,0.476498852725065
FRA,France,2019,1.10825492288294
FRA,France,2018,1.85081508315493
FRA,France,2017,1.03228275064681
FRA,France,2016,0.183334861123765
FRA,France,2015,0.0375143805125182
FRA,France,2014,0.50775882293799
FRA,France,2013,0.863715497861804
FRA,France,2012,1.9541953161351
FRA,France,2011,2.11159795175
FRA,France,2010,1.53112270420919
FRA,France,2009,0.0876204781574653
FRA,France,2008,2.81286194914785
FRA,France,2007,1.4879980595386
FRA,France,2006,1.67512449608726
FRA,France,2005,1.74586936380487
FRA,France,2004,2.14208964640239
FRA,France,2003,2.09847219146919
FRA,France,2002,1.92341228727064
FRA,France,2001,1.63478079549599
FRA,France,2000,1.67595988720928
FRA,France,1999,0.537141639134596
FRA,France,1998,0.651126867833073
FRA,France,1997,1.20394294026964
FRA,France,1996,1.98288365089739
FRA,France,1995,1.79648142095589
FRA,France,1994,1.65551532926999
FRA,France,1993,2.10446277124642
FRA,France,1992,2.36376046269356
FRA,France,1991,3.21340732409677
FRA,France,1990,3.19428338029482
GAB,Gabon,2023,3.62901534185376
GAB,Gabon,2022,4.23124798274579
GAB,Gabon,2021,1.0869074651941
GAB,Gabon,2020,1.35276110675333
GAB,Gabon,2019,2.46456756151187
GAB,Gabon,2018,4.74906652083221
GAB,Gabon,2017,2.65192583143902
GAB,Gabon,2016,2.10670712784054
GAB,Gabon,2015,-0.338795188753406
GAB,Gabon,2014,4.69045751826284
GAB,Gabon,2013,0.505441058915615
GAB,Gabon,2012,2.65241828695626
GAB,Gabon,2011,1.26331707837421
GAB,Gabon,2010,1.46154402720469
GAB,Gabon,2009,1.88570754577918
GAB,Gabon,2008,5.26430145575285
GAB,Gabon,2007,5.03031883679951
GAB,Gabon,2006,-1.4094013660098
GAB,Gabon,2005,3.70833333333304
GAB,Gabon,2004,0.40820530743925
GAB,Gabon,2003,2.23535313551536
GAB,Gabon,2002,0.0366828893971394
GAB,Gabon,2001,2.13762052701465
GAB,Gabon,2000,0.504920025834859
GAB,Gabon,1999,-1.93660397603626
GAB,Gabon,1998,1.44873854294598
GAB,Gabon,1997,3.973450075453
GAB,Gabon,1996,0.689693377281638
GAB,Gabon,1995,9.64653104079616
GAB,Gabon,1994,36.1162456962985
GAB,Gabon,1993,0.533746556474191
GAB,Gabon,1992,-9.54291330336575
GAB,Gabon,1991,-11.6861126920888
GAB,Gabon,1990,7.72532188841208
GMB,"Gambia, The",2023,16.9742129632327
GMB,"Gambia, The",2022,11.5131198380505
GMB,"Gambia, The",2021,7.37034758876618
GMB,"Gambia, The",2020,5.93127636562441
GMB,"Gambia, The",2019,7.11567625631192
GMB,"Gambia, The",2018,6.52096823946573
GMB,"Gambia, The",2017,8.03418974545911
GMB,"Gambia, The",2016,7.22879272057922
GMB,"Gambia, The",2015,6.8084549457961
GMB,"Gambia, The",2014,5.94799935696626
GMB,"Gambia, The",2013,5.69912989637382
GMB,"Gambia, The",2012,4.25432199813899
GMB,"Gambia, The",2011,4.7958826618311
GMB,"Gambia, The",2010,5.04968075857402
GMB,"Gambia, The",2009,4.56150687670983
GMB,"Gambia, The",2008,4.4436549094501
GMB,"Gambia, The",2007,5.36913473801957
GMB,"Gambia, The",2006,2.0565034236599
GMB,"Gambia, The",2005,4.83862177543157
GMB,"Gambia, The",2004,14.2067432845569
GMB,"Gambia, The",2003,17.0328665431988
GMB,"Gambia, The",2002,8.60912474386327
GMB,"Gambia, The",2001,4.49259609239754
GMB,"Gambia, The",2000,0.8449695667737
GMB,"Gambia, The",1999,3.8123720536602
GMB,"Gambia, The",1998,1.11418841174713
GMB,"Gambia, The",1997,2.78122790023229
GMB,"Gambia, The",1996,1.09948870771018
GMB,"Gambia, The",1995,6.98097441830556
GMB,"Gambia, The",1994,1.71020632305637
GMB,"Gambia, The",1993,6.46380422753847
GMB,"Gambia, The",1992,9.48654250617163
GMB,"Gambia, The",1991,8.64234325973438
GMB,"Gambia, The",1990,12.1677841130696
GEO,Georgia,2023,2.48776056578715
GEO,Georgia,2022,11.8981654203198
GEO,Georgia,2021,9.56691433824769
GEO,Georgia,2020,5.2024648897534
GEO,Georgia,2019,4.85289821696723
GEO,Georgia,2018,2.6152447139767
GEO,Georgia,2017,6.03531725272117
GEO,Georgia,2016,2.13492713939121
GEO,Georgia,2015,4.00357820695097
GEO,Georgia,2014,3.06881210379543
GEO,Georgia,2013,-0.512058410947092
GEO,Georgia,2012,-0.943658853270964
GEO,Georgia,2011,8.5429333333333
GEO,Georgia,2010,7.11017897486099
GEO,Georgia,2009,1.7275146113791
GEO,Georgia,2008,9.99948761552747
GEO,Georgia,2007,9.24489745592404
GEO,Georgia,2006,9.16096508394497
GEO,Georgia,2005,8.24709043114158
GEO,Georgia,2004,5.65632636191132
GEO,Georgia,2003,0.837734531536568
GEO,Georgia,2002,5.58783730000794
GEO,Georgia,2001,4.64604442058634
GEO,Georgia,2000,4.06396201382596
GEO,Georgia,1999,19.1926758218895
GEO,Georgia,1998,3.56680781278783
GEO,Georgia,1997,7.08761762948726
GEO,Georgia,1996,39.3574999987146
GEO,Georgia,1995,162.717152150377
DEU,Germany,2023,5.94643667725823
DEU,Germany,2022,6.87257438551097
DEU,Germany,2021,3.06666666666673
DEU,Germany,2020,0.144877925813982
DEU,Germany,2019,1.44565976888253
DEU,Germany,2018,1.73216879766942
DEU,Germany,2017,1.50949485109628
DEU,Germany,2016,0.491747008445174
DEU,Germany,2015,0.514426137125456
DEU,Germany,2014,0.906794000434246
DEU,Germany,2013,1.50472330251876
DEU,Germany,2012,2.00848884782956
DEU,Germany,2011,2.07517283735874
DEU,Germany,2010,1.1038103778926
DEU,Germany,2009,0.312739007368447
DEU,Germany,2008,2.62837981637219
DEU,Germany,2007,2.29834400700951
DEU,Germany,2006,1.57742642840563
DEU,Germany,2005,1.54691114751328
DEU,Germany,2004,1.66573696655992
DEU,Germany,2003,1.03422218628562
DEU,Germany,2002,1.42080615551526
DEU,Germany,2001,1.98385731334471
DEU,Germany,2000,1.44026838719741
DEU,Germany,1999,0.585434192138622
DEU,Germany,1998,0.911184687196224
DEU,Germany,1997,1.93936968221574
DEU,Germany,1996,1.44972701963239
DEU,Germany,1995,1.70616041317076
DEU,Germany,1994,2.69305639854954
DEU,Germany,1993,4.47457650752808
DEU,Germany,1992,5.05697796731731
DEU,Germany,1991,4.04703259753466
DEU,Germany,1990,2.69646824292392
GHA,Ghana,2023,38.1069656296501
GHA,Ghana,2022,31.2558951049016
GHA,Ghana,2021,9.9710886750444
GHA,Ghana,2020,9.88728956269944
GHA,Ghana,2019,7.14364003330857
GHA,Ghana,2018,7.80876516610703
GHA,Ghana,2017,12.3719215507048
GHA,Ghana,2016,17.4546347070868
GHA,Ghana,2015,17.1499695007878
GHA,Ghana,2014,15.4896160333318
GHA,Ghana,2013,11.6661923071729
GHA,Ghana,2012,11.1863409441067
GHA,Ghana,2011,8.7284593709302
GHA,Ghana,2010,10.7333898354915
GHA,Ghana,2009,19.2469482220857
GHA,Ghana,2008,16.494639613412
GHA,Ghana,2007,10.7342665456292
GHA,Ghana,2006,11.6791839392492
GHA,Ghana,2005,15.4389920155908
GHA,Ghana,2004,18.0427388232565
GHA,Ghana,2003,29.7729797160384
GHA,Ghana,2002,9.36093239560313
GHA,Ghana,2001,41.509496287803
GHA,Ghana,2000,40.240933123914
GHA,Ghana,1999,4.86539785077528
GHA,Ghana,1998,14.6241666666675
GHA,Ghana,1997,27.8852086407527
GHA,Ghana,1996,46.5610196762282
GHA,Ghana,1995,59.4615536991446
GHA,Ghana,1994,24.8702554369576
GHA,Ghana,1993,24.9598424742497
GHA,Ghana,1992,10.0561167448841
GHA,Ghana,1991,18.0314390089849
GHA,Ghana,1990,37.2590664855671
GRC,Greece,2023,3.46480128513405
GRC,Greece,2022,9.64525981280632
GRC,Greece,2021,1.22382501019854
GRC,Greece,2020,-1.24798355581405
GRC,Greece,2019,0.253007522038157
GRC,Greece,2018,0.62562141345364
GRC,Greece,2017,1.12125452031419
GRC,Greece,2016,-0.825653978390973
GRC,Greece,2015,-1.73588804765284
GRC,Greece,2014,-1.31226096405506
GRC,Greece,2013,-0.921269454256994
GRC,Greece,2012,1.50152696177758
GRC,Greece,2011,3.3298532335065
GRC,Greece,2010,4.71298907760388
GRC,Greece,2009,1.21007269197809
GRC,Greece,2008,4.15279708110293
GRC,Greece,2007,2.89500321516578
GRC,Greece,2006,3.19594684144545
GRC,Greece,2005,3.54507273335078
GRC,Greece,2004,2.8988481075817
GRC,Greece,2003,3.53065027765552
GRC,Greece,2002,3.62935871878874
GRC,Greece,2001,3.37396832213867
GRC,Greece,2000,3.1511816249383
GRC,Greece,1999,2.6366330602198
GRC,Greece,1998,4.76622572397641
GRC,Greece,1997,5.5360026677348
GRC,Greece,1996,8.19455217632728
GRC,Greece,1995,8.93451415961517
GRC,Greece,1994,10.8740756809132
GRC,Greece,1993,14.4112644439348
GRC,Greece,1992,15.8770737923919
GRC,Greece,1991,19.4558456445745
GRC,Greece,1990,20.433499109463
GRD,Grenada,2023,2.69612269814564
GRD,Grenada,2022,2.5805392590792
GRD,Grenada,2021,1.21951193916838
GRD,Grenada,2020,-0.740732597045498
GRD,Grenada,2019,0.598149764736022
GRD,Grenada,2018,0.804102313277033
GRD,Grenada,2017,0.908458255874249
GRD,Grenada,2016,1.65038994431573
GRD,Grenada,2015,-0.515448031435329
GRD,Grenada,2014,-0.98360305555498
GRD,Grenada,2013,-0.0439997864828058
GRD,Grenada,2012,2.41077704021862
GRD,Grenada,2011,3.0334728033474
GRD,Grenada,2010,3.43650905943351
GRD,Grenada,2009,-0.308654779585642
GRD,Grenada,2008,8.0332732765034
GRD,Grenada,2007,3.85882922469653
GRD,Grenada,2006,4.25195321977967
GRD,Grenada,2005,3.475806937554
GRD,Grenada,2004,2.3129167822611
GRD,Grenada,2003,2.15492809908679
GRD,Grenada,2002,1.06721547992874
GRD,Grenada,2001,3.14099305202543
GRD,Grenada,2000,2.18181818181821
GRD,Grenada,1999,0.577427638677119
GRD,Grenada,1998,1.37769330389496
GRD,Grenada,1997,1.24452782989343
GRD,Grenada,1996,2.03235172127782
GRD,Grenada,1995,1.86882475298978
GRD,Grenada,1994,3.77065767284965
GRD,Grenada,1993,2.80859916782245
GRD,Grenada,1992,3.77833753148618
GRD,Grenada,1991,2.64460367880678
GRD,Grenada,1990,2.72423736530525
GTM,Guatemala,2023,6.20657592272126
GTM,Guatemala,2022,6.88512823344287
GTM,Guatemala,2021,4.26105127422813
GTM,Guatemala,2020,3.21444062197345
GTM,Guatemala,2019,3.69998398008605
GTM,Guatemala,2018,3.75186186704508
GTM,Guatemala,2017,4.42453655182546
GTM,Guatemala,2016,4.44844199942827
GTM,Guatemala,2015,2.3887203283955
GTM,Guatemala,2014,3.4183616966296
GTM,Guatemala,2013,4.34337131279521
GTM,Guatemala,2012,3.78180754679678
GTM,Guatemala,2011,6.214123930671
GTM,Guatemala,2010,3.8595090983316
GTM,Guatemala,2009,1.85910254733028
GTM,Guatemala,2008,11.355761126315
GTM,Guatemala,2007,6.82161753590326
GTM,Guatemala,2006,6.56085282795384
GTM,Guatemala,2005,9.1086498571922
GTM,Guatemala,2004,7.57862247309729
GTM,Guatemala,2003,5.60347675434469
GTM,Guatemala,2002,8.13263054281054
GTM,Guatemala,2001,7.28587366610138
GTM,Guatemala,2000,5.97757734737136
GTM,Guatemala,1999,5.21361058601122
GTM,Guatemala,1998,6.61346070518058
GTM,Guatemala,1997,9.23290294884935
GTM,Guatemala,1996,11.0569165321987
GTM,Guatemala,1995,8.41141312270566
GTM,Guatemala,1994,10.8553211494391
GTM,Guatemala,1993,11.8196901746257
GTM,Guatemala,1992,10.0459179984088
GTM,Guatemala,1991,33.1664219167535
GTM,Guatemala,1990,41.2218671380973
GIN,Guinea,2023,7.80497591927973
GIN,Guinea,2022,10.4930409984424
GIN,Guinea,2021,12.5972882566934
GIN,Guinea,2020,10.6016203387167
GIN,Guinea,2019,9.47001039253012
GIN,Guinea,2018,9.82761701259191
GIN,Guinea,2017,8.91435947913097
GIN,Guinea,2016,8.17268112275132
GIN,Guinea,2015,11.7800825029834
GIN,Guinea,2014,6.1505055670642
GIN,Guinea,2013,11.8875884481828
GIN,Guinea,2012,15.2262941038638
GIN,Guinea,2011,21.3169268542577
GIN,Guinea,2010,15.0502688559001
GIN,Guinea,2009,4.68438868976504
GIN,Guinea,2008,23.065612938798
GIN,Guinea,2007,18.1755656108597
GIN,Guinea,2006,34.6952705997072
GIN,Guinea,2005,31.3733025877534
GNB,Guinea-Bissau,2023,7.10220928557059
GNB,Guinea-Bissau,2022,9.39075933985203
GNB,Guinea-Bissau,2021,2.24248879577658
GNB,Guinea-Bissau,2020,1.14000939393222
GNB,Guinea-Bissau,2019,0.24660026814783
GNB,Guinea-Bissau,2018,0.381324702790992
GNB,Guinea-Bissau,2017,1.69111461822298
GNB,Guinea-Bissau,2016,1.50312055861088
GNB,Guinea-Bissau,2015,1.47672048910485
GNB,Guinea-Bissau,2014,-1.50924460570494
GNB,Guinea-Bissau,2013,1.20712555668405
GNB,Guinea-Bissau,2012,2.13054580274503
GNB,Guinea-Bissau,2011,5.046102263202
GNB,Guinea-Bissau,2010,2.51785140171701
GNB,Guinea-Bissau,2009,-1.65139733620775
GNB,Guinea-Bissau,2008,10.4600731354706
GNB,Guinea-Bissau,2007,4.61743772241997
GNB,Guinea-Bissau,2006,1.95473717628916
GNB,Guinea-Bissau,2005,3.32919922802856
GNB,Guinea-Bissau,2004,0.883302696930943
GNB,Guinea-Bissau,2003,-3.50258551103421
GNB,Guinea-Bissau,2002,3.30012175283752
GNB,Guinea-Bissau,2001,3.34812265527108
GNB,Guinea-Bissau,2000,8.63632094930278
GNB,Guinea-Bissau,1999,-2.08630513223527
GNB,Guinea-Bissau,1998,8.01375518965603
GNB,Guinea-Bissau,1997,49.1009235769531
GNB,Guinea-Bissau,1996,50.7340549612119
GNB,Guinea-Bissau,1995,45.3653083621856
GNB,Guinea-Bissau,1994,15.1763474313441
GNB,Guinea-Bissau,1993,48.1081660687067
GNB,Guinea-Bissau,1992,69.5836363993793
GNB,Guinea-Bissau,1991,57.5952847505664
GNB,Guinea-Bissau,1990,33.0019778318026
GUY,Guyana,2023,2.82159393090811
GUY,Guyana,2022,6.93346066500816
GUY,Guyana,2021,4.50619858925893
GUY,Guyana,2020,0.722434045501787
GUY,Guyana,2019,2.11238986774464
GUY,Guyana,2018,1.25128567037044
GUY,Guyana,2017,1.94571617739331
GUY,Guyana,2016,0.826177341246544
GUY,Guyana,2015,-0.865401289233742
GUY,Guyana,2014,0.683700250354637
GUY,Guyana,2013,1.9111250917408
GUY,Guyana,2012,2.39057526653742
GUY,Guyana,2011,4.4073041447003
GUY,Guyana,2010,4.3005534033896
GUY,Guyana,2009,2.95230096381001
GUY,Guyana,2008,8.10202206969276
GUY,Guyana,2007,12.2001544446648
GUY,Guyana,2006,6.67715790410028
GUY,Guyana,2005,6.92554303890158
GUY,Guyana,2004,4.66846622369881
GUY,Guyana,2003,5.98097814066473
GUY,Guyana,2002,5.34101521377408
GUY,Guyana,2001,2.62741314203333
GUY,Guyana,2000,6.14854333024872
GUY,Guyana,1999,7.53821939851392
GUY,Guyana,1998,4.58646616541351
GUY,Guyana,1997,3.55567090578808
GUY,Guyana,1996,7.09471197276044
GUY,Guyana,1995,12.2105263157895
HTI,Haiti,2023,36.8135162780854
HTI,Haiti,2022,33.98393194707
HTI,Haiti,2021,16.8415240198785
HTI,Haiti,2020,22.7963113642528
HTI,Haiti,2019,18.7037825672506
HTI,Haiti,2018,12.4814111170435
HTI,Haiti,2017,10.6800887242584
HTI,Haiti,2016,11.5029073942666
HTI,Haiti,2015,6.73184069658997
HTI,Haiti,2014,3.43816659958601
HTI,Haiti,2013,4.76502404779142
HTI,Haiti,2012,5.01804155429246
HTI,Haiti,2011,6.33279483849042
HTI,Haiti,2010,4.82734190074673
HTI,Haiti,2009,0.393886040173341
HTI,Haiti,2008,15.2817744823772
HTI,Haiti,2007,6.55722772638066
HTI,Haiti,2006,11.3452152244299
HTI,Haiti,2005,13.973008326384
HTI,Haiti,2004,21.0318339277222
HTI,Haiti,2003,28.6995777887374
HTI,Haiti,2002,7.03287406224601
HTI,Haiti,2001,13.31672224251
HTI,Haiti,2000,9.33322197565603
HTI,Haiti,1999,3.00439421550734
HTI,Haiti,1998,5.26903547042201
HTI,Haiti,1997,20.5590073395833
HTI,Haiti,1996,20.5835962145112
HTI,Haiti,1995,27.6081851727601
HTI,Haiti,1994,39.3316195372753
HTI,Haiti,1993,29.7059715065172
HTI,Haiti,1992,19.358494654122
HTI,Haiti,1991,15.4199073669492
HTI,Haiti,1990,21.2760320067832
HND,Honduras,2023,6.66325180347463
HND,Honduras,2022,9.08963911525032
HND,Honduras,2021,4.48087963413446
HND,Honduras,2020,3.46841177951171
HND,Honduras,2019,4.36587159819274
HND,Honduras,2018,4.34734937777536
HND,Honduras,2017,3.93436084442037
HND,Honduras,2016,2.72461223295289
HND,Honduras,2015,3.15783117980915
HND,Honduras,2014,6.12924930313031
HND,Honduras,2013,5.16189898581494
HND,Honduras,2012,5.19618615531848
HND,Honduras,2011,6.7622795731476
HND,Honduras,2010,4.69889064976232
HND,Honduras,2009,5.49634273772203
HND,Honduras,2008,11.4034270813932
HND,Honduras,2007,6.93621470895786
HND,Honduras,2006,5.57775207654292
HND,Honduras,2005,8.80906074819817
HND,Honduras,2004,8.11379097093383
HND,Honduras,2003,7.67416639397743
HND,Honduras,2002,7.6905097203429
HND,Honduras,2001,9.67415556864781
HND,Honduras,2000,11.0480349344976
HND,Honduras,1999,11.66374097913
HND,Honduras,1998,13.6681077485868
HND,Honduras,1997,20.1998667554962
HND,Honduras,1996,23.8378353073358
HND,Honduras,1995,29.4645292281585
HND,Honduras,1994,21.729346883819
HND,Honduras,1993,10.7486467163721
HND,Honduras,1992,8.75988625255482
HND,Honduras,1991,33.9722602535864
HND,Honduras,1990,23.3225664366467
HKG,"Hong Kong SAR, China",2023,2.09660511249089
HKG,"Hong Kong SAR, China",2022,1.88136707196853
HKG,"Hong Kong SAR, China",2021,1.56875834445922
HKG,"Hong Kong SAR, China",2020,0.2509620210808
HKG,"Hong Kong SAR, China",2019,2.88320853773996
HKG,"Hong Kong SAR, China",2018,2.40613432046534
HKG,"Hong Kong SAR, China",2017,1.49387243939522
HKG,"Hong Kong SAR, China",2016,2.40930743862224
HKG,"Hong Kong SAR, China",2015,2.99084819322581
HKG,"Hong Kong SAR, China",2014,4.42364532019699
HKG,"Hong Kong SAR, China",2013,4.33799342105267
HKG,"Hong Kong SAR, China",2012,4.05390950903844
HKG,"Hong Kong SAR, China",2011,5.3052489299392
HKG,"Hong Kong SAR, China",2010,2.29289088604673
HKG,"Hong Kong SAR, China",2009,0.579441418472608
HKG,"Hong Kong SAR, China",2008,4.30315484104921
HKG,"Hong Kong SAR, China",2007,2.03502713369511
HKG,"Hong Kong SAR, China",2006,2.00025160397534
HKG,"Hong Kong SAR, China",2005,0.826446280991827
HKG,"Hong Kong SAR, China",2004,-0.274725274725253
HKG,"Hong Kong SAR, China",2003,-2.67379679144394
HKG,"Hong Kong SAR, China",2002,-2.98313878080415
HKG,"Hong Kong SAR, China",2001,-1.65816326530609
HKG,"Hong Kong SAR, China",2000,-3.68550368550369
HKG,"Hong Kong SAR, China",1999,-4.00943396226445
HKG,"Hong Kong SAR, China",1998,2.91262135922399
HKG,"Hong Kong SAR, China",1997,5.77663671373521
HKG,"Hong Kong SAR, China",1996,6.27557980900412
HKG,"Hong Kong SAR, China",1995,9.07738095238091
HKG,"Hong Kong SAR, China",1994,8.73786407766985
HKG,"Hong Kong SAR, China",1993,8.80281690140857
HKG,"Hong Kong SAR, China",1992,9.65250965250966
HKG,"Hong Kong SAR, China",1991,11.1587982832617
HKG,"Hong Kong SAR, China",1990,10.4265402843602
HUN,Hungary,2023,17.1249659678737
HUN,Hungary,2022,14.6081439492433
HUN,Hungary,2021,5.11096534382855
HUN,Hungary,2020,3.32674385766738
HUN,Hungary,2019,3.33858635382008
HUN,Hungary,2018,2.85024792594646
HUN,Hungary,2017,2.34824281150154
HUN,Hungary,2016,0.394769306686392
HUN,Hungary,2015,-0.0616446800641672
HUN,Hungary,2014,-0.227566270988219
HUN,Hungary,2013,1.73319984983101
HUN,Hungary,2012,5.65214517088646
HUN,Hungary,2011,3.9299209893507
HUN,Hungary,2010,4.85555795691956
HUN,Hungary,2009,4.21171171171171
HUN,Hungary,2008,6.0425125388106
HUN,Hungary,2007,7.9587451654491
HUN,Hungary,2006,3.93032603841001
HUN,Hungary,2005,3.56151711378352
HUN,Hungary,2004,6.74434679569469
HUN,Hungary,2003,4.66101694915254
HUN,Hungary,2002,5.26544821583985
HUN,Hungary,2001,9.11680911680911
HUN,Hungary,2000,9.80361016908125
HUN,Hungary,1999,9.99774409303368
HUN,Hungary,1998,14.153789654534
HUN,Hungary,1997,18.3050744143799
HUN,Hungary,1996,23.4690301919185
HUN,Hungary,1995,28.3054683706654
HUN,Hungary,1994,18.8680749869283
HUN,Hungary,1993,22.4642346133809
HUN,Hungary,1992,23.6557207806552
HUN,Hungary,1991,34.8175429072704
HUN,Hungary,1990,28.3695996532777
ISL,Iceland,2023,8.73630299937298
ISL,Iceland,2022,8.30875511558912
ISL,Iceland,2021,4.44423970189746
ISL,Iceland,2020,2.84792401518657
ISL,Iceland,2019,3.01397179156061
ISL,Iceland,2018,2.68291768267392
ISL,Iceland,2017,1.76041559180605
ISL,Iceland,2016,1.69692761997734
ISL,Iceland,2015,1.63305558181335
ISL,Iceland,2014,2.04461481539342
ISL,Iceland,2013,3.8722792374824
ISL,Iceland,2012,5.18589988750698
ISL,Iceland,2011,4.0010266434312
ISL,Iceland,2010,5.39673113167484
ISL,Iceland,2009,12.0031298461743
ISL,Iceland,2008,12.6943942775877
ISL,Iceland,2007,5.05155736492143
ISL,Iceland,2006,6.68707906136667
ISL,Iceland,2005,3.98704782806593
ISL,Iceland,2004,3.15819324298459
ISL,Iceland,2003,2.05566329753744
ISL,Iceland,2002,5.1970223021663
ISL,Iceland,2001,6.40508550386868
ISL,Iceland,2000,5.13647123245144
ISL,Iceland,1999,3.23183260906471
ISL,Iceland,1998,1.65924170953419
ISL,Iceland,1997,1.81543080282254
ISL,Iceland,1996,2.26041898267295
ISL,Iceland,1995,1.65123150116656
ISL,Iceland,1994,1.55265627495772
ISL,Iceland,1993,4.04285291076951
ISL,Iceland,1992,3.94771176824033
ISL,Iceland,1991,6.80877887943631
ISL,Iceland,1990,15.510721994253
IND,India,2023,5.64914318907925
IND,India,2022,6.69903414079858
IND,India,2021,5.13140747176364
IND,India,2020,6.6234367762853
IND,India,2019,3.72950573539123
IND,India,2018,3.93882646691643
IND,India,2017,3.32817337461305
IND,India,2016,4.94821634062134
IND,India,2015,4.90697344127249
IND,India,2014,6.66565671867899
IND,India,2013,10.0178784746104
IND,India,2012,9.47899691419793
IND,India,2011,8.9117933648336
IND,India,2010,11.9893899204245
IND,India,2009,10.8823529411764
IND,India,2008,8.34926704907575
IND,India,2007,6.37288135593231
IND,India,2006,5.79652337561634
IND,India,2005,4.24634362031924
IND,India,2004,3.76725173477517
IND,India,2003,3.80585899528853
IND,India,2002,4.29715203929562
IND,India,2001,3.77929312235637
IND,India,2000,4.0094359104519
IND,India,1999,4.6698203803759
IND,India,1998,13.2308389767977
IND,India,1997,7.16425211462721
IND,India,1996,8.97715233826453
IND,India,1995,10.2248861637545
IND,India,1994,10.2479355556119
IND,India,1993,6.32689048779867
IND,India,1992,11.7878170418134
IND,India,1991,13.8702461773683
IND,India,1990,8.97123250273255
IDN,Indonesia,2023,3.66938654859761
IDN,Indonesia,2022,4.20946463714784
IDN,Indonesia,2021,1.56007882983334
IDN,Indonesia,2020,1.91983527270793
IDN,Indonesia,2019,3.03058460941661
IDN,Indonesia,2018,3.19834755924996
IDN,Indonesia,2017,3.80879857691949
IDN,Indonesia,2016,3.52580452815451
IDN,Indonesia,2015,6.36312061196646
IDN,Indonesia,2014,6.39492882396559
IDN,Indonesia,2013,6.41249457900391
IDN,Indonesia,2012,4.2795142691943
IDN,Indonesia,2011,5.35604849112582
IDN,Indonesia,2010,5.13420639015885
IDN,Indonesia,2009,4.38641311792074
IDN,Indonesia,2008,10.2266663272483
IDN,Indonesia,2007,6.40656087966005
IDN,Indonesia,2006,13.108670985346
IDN,Indonesia,2005,10.4532001873347
IDN,Indonesia,2004,6.06406189133648
IDN,Indonesia,2003,6.75731256333564
IDN,Indonesia,2002,11.9001200338414
IDN,Indonesia,2001,11.5001160550887
IDN,Indonesia,2000,3.68862037056682
IDN,Indonesia,1999,20.4778324428892
IDN,Indonesia,1998,58.4510413515526
IDN,Indonesia,1997,6.22615154887214
IDN,Indonesia,1996,7.97328096513346
IDN,Indonesia,1995,9.42030300572996
IDN,Indonesia,1994,8.53199829189143
IDN,Indonesia,1993,9.6719108926401
IDN,Indonesia,1992,7.52351006242677
IDN,Indonesia,1991,9.41906784347004
IDN,Indonesia,1990,7.81919756505635
IRN,"Iran, Islamic Rep.",2023,44.5791857572797
IRN,"Iran, Islamic Rep.",2022,43.4884641742179
IRN,"Iran, Islamic Rep.",2021,43.3890162681514
IRN,"Iran, Islamic Rep.",2020,30.5941390387295
IRN,"Iran, Islamic Rep.",2019,39.9073455697784
IRN,"Iran, Islamic Rep.",2018,18.0141183371874
IRN,"Iran, Islamic Rep.",2017,8.04492437660278
IRN,"Iran, Islamic Rep.",2016,7.24542548952979
IRN,"Iran, Islamic Rep.",2015,12.4846815611533
IRN,"Iran, Islamic Rep.",2014,16.6065532357449
IRN,"Iran, Islamic Rep.",2013,36.6030355191029
IRN,"Iran, Islamic Rep.",2012,27.2568127242908
IRN,"Iran, Islamic Rep.",2011,26.2933856738608
IRN,"Iran, Islamic Rep.",2010,10.0893629287979
IRN,"Iran, Islamic Rep.",2009,13.5515548281506
IRN,"Iran, Islamic Rep.",2008,25.4105090311987
IRN,"Iran, Islamic Rep.",2007,17.3410404624277
IRN,"Iran, Islamic Rep.",2006,10.0158982511924
IRN,"Iran, Islamic Rep.",2005,13.433118008508
IRN,"Iran, Islamic Rep.",2004,14.7615086970672
IRN,"Iran, Islamic Rep.",2003,16.4680116244792
IRN,"Iran, Islamic Rep.",2002,14.3359337378404
IRN,"Iran, Islamic Rep.",2001,11.2742471332117
IRN,"Iran, Islamic Rep.",2000,14.4767513188567
IRN,"Iran, Islamic Rep.",1999,20.0707078146866
IRN,"Iran, Islamic Rep.",1998,17.8661342130398
IRN,"Iran, Islamic Rep.",1997,17.3492257538708
IRN,"Iran, Islamic Rep.",1996,28.9373440168137
IRN,"Iran, Islamic Rep.",1995,49.6559858462746
IRN,"Iran, Islamic Rep.",1994,31.4470284237728
IRN,"Iran, Islamic Rep.",1993,21.2026307547761
IRN,"Iran, Islamic Rep.",1992,25.8077226162332
IRN,"Iran, Islamic Rep.",1991,17.1285679434012
IRN,"Iran, Islamic Rep.",1990,7.62767493763934
IRQ,Iraq,2023,4.35835351089595
IRQ,Iraq,2022,4.9947659638103
IRQ,Iraq,2021,6.04186489058043
IRQ,Iraq,2020,0.574162679425856
IRQ,Iraq,2019,-0.198965380023882
IRQ,Iraq,2018,0.367441488936828
IRQ,Iraq,2017,0.184058898847553
IRQ,Iraq,2016,0.556521397155548
IRQ,Iraq,2015,1.39333028780268
IRQ,Iraq,2014,2.23597407904726
IRQ,Iraq,2013,1.87949800749416
IRQ,Iraq,2012,6.0890964159516
IRQ,Iraq,2011,5.6040514426601
IRQ,Iraq,2010,2.42986826837753
IRQ,Iraq,2009,6.87361547212555
IRQ,Iraq,2008,12.6628528269228
IRQ,Iraq,2007,-10.0674925768978
IRQ,Iraq,2006,53.230962911428
IRQ,Iraq,2005,36.9594809201871
IRQ,Iraq,2004,26.9619068193271
IRQ,Iraq,2003,33.6162105992383
IRQ,Iraq,2002,19.316694601979
IRQ,Iraq,2001,16.3740814963262
IRQ,Iraq,2000,4.97896213183731
IRQ,Iraq,1999,12.5777623393436
IRQ,Iraq,1998,14.7687735575529
IRQ,Iraq,1997,23.0631996788727
IRQ,Iraq,1996,-16.1173257510572
IRQ,Iraq,1995,387.310847766639
IRQ,Iraq,1994,448.499999999999
IRQ,Iraq,1993,207.692307692309
IRQ,Iraq,1992,83.6158192090389
IRQ,Iraq,1991,180.952380952381
IRL,Ireland,2023,6.29942487419125
IRL,Ireland,2022,7.82945736434105
IRL,Ireland,2021,2.34034113447044
IRL,Ireland,2020,-0.326183651280033
IRL,Ireland,2019,0.937842961189274
IRL,Ireland,2018,0.471130713712916
IRL,Ireland,2017,0.362173038229378
IRL,Ireland,2016,0.0201247735963237
IRL,Ireland,2015,-0.330959783371788
IRL,Ireland,2014,0.190916398713745
IRL,Ireland,2013,0.515099484900573
IRL,Ireland,2012,1.69474116680366
IRL,Ireland,2011,2.5489783020855
IRL,Ireland,2010,-0.918388645376774
IRL,Ireland,2009,-4.44754686876746
IRL,Ireland,2008,4.03568834941391
IRL,Ireland,2007,4.88574537540802
IRL,Ireland,2006,3.93576114001354
IRL,Ireland,2005,2.45654692931639
IRL,Ireland,2004,2.17854605730523
IRL,Ireland,2003,3.49221909079765
IRL,Ireland,2002,4.62820512820515
IRL,Ireland,2001,4.85280279607477
IRL,Ireland,2000,5.57763269940387
IRL,Ireland,1999,1.62988605221407
IRL,Ireland,1998,2.40768094534715
IRL,Ireland,1997,1.5418020226137
IRL,Ireland,1996,1.75574469607419
IRL,Ireland,1995,2.52486446780802
IRL,Ireland,1994,2.30920192610951
IRL,Ireland,1993,1.46941522411422
IRL,Ireland,1992,3.06999853835904
IRL,Ireland,1991,3.21081037142378
IRL,Ireland,1990,3.31732886680118
ISR,Israel,2023,4.22522603168918
ISR,Israel,2022,4.41162725488371
ISR,Israel,2021,1.47965474722561
ISR,Israel,2020,-0.575254620897756
ISR,Israel,2019,0.817645940292794
ISR,Israel,2018,0.805060379528526
ISR,Israel,2017,0.249807840123008
ISR,Israel,2016,-0.535168195718695
ISR,Israel,2015,-0.617342577642765
ISR,Israel,2014,0.467557251908503
ISR,Israel,2013,1.58976347421476
ISR,Israel,2012,1.67553715750052
ISR,Israel,2011,3.48837209302323
ISR,Israel,2010,2.70270270270273
ISR,Israel,2009,3.3676231727125
ISR,Israel,2008,4.52744765138651
ISR,Israel,2007,0.466226972936065
ISR,Israel,2006,2.05407914587443
ISR,Israel,2005,1.34070328119492
ISR,Israel,2004,-0.421595034547416
ISR,Israel,2003,0.70763061681807
ISR,Israel,2002,5.80234589468429
ISR,Israel,2001,1.12302839116721
ISR,Israel,2000,1.03263640999489
ISR,Israel,1999,5.18975459299983
ISR,Israel,1998,5.48875371339656
ISR,Israel,1997,8.95499383477184
ISR,Israel,1996,11.4585122831129
ISR,Israel,1995,9.93389990557126
ISR,Israel,1994,12.253550985796
ISR,Israel,1993,10.8838740009403
ISR,Israel,1992,12.0653319283457
ISR,Israel,1991,19.1088798242862
ISR,Israel,1990,17.2553348050036
ITA,Italy,2023,5.62219442195901
ITA,Italy,2022,8.20128991161718
ITA,Italy,2021,1.87378325762481
ITA,Italy,2020,-0.13770757391651
ITA,Italy,2019,0.611246943765304
ITA,Italy,2018,1.13748763600391
ITA,Italy,2017,1.22653316645812
ITA,Italy,2016,-0.09401665691575
ITA,Italy,2015,0.0387903996579733
ITA,Italy,2014,0.241047429826756
ITA,Italy,2013,1.21999342274306
ITA,Italy,2012,3.04136333226775
ITA,Italy,2011,2.78063272879323
ITA,Italy,2010,1.52551602118248
ITA,Italy,2009,0.774768131387381
ITA,Italy,2008,3.34783258401022
ITA,Italy,2007,1.82974112202403
ITA,Italy,2006,2.09084391012754
ITA,Italy,2005,1.9852929852798
ITA,Italy,2004,2.20673661423657
ITA,Italy,2003,2.6725555277285
ITA,Italy,2002,2.46532319171165
ITA,Italy,2001,2.78516542713554
ITA,Italy,2000,2.53768532095002
ITA,Italy,1999,1.66345995007714
ITA,Italy,1998,1.95508557719381
ITA,Italy,1997,2.04310779750136
ITA,Italy,1996,4.0069766898104
ITA,Italy,1995,5.23542258044301
ITA,Italy,1994,4.05184218065716
ITA,Italy,1993,4.62673468331298
ITA,Italy,1992,5.2705899859293
ITA,Italy,1991,6.24999929790291
ITA,Italy,1990,6.456609061464
JAM,Jamaica,2023,6.47413734662063
JAM,Jamaica,2022,10.3495688391272
JAM,Jamaica,2021,5.86278242801063
JAM,Jamaica,2020,5.2267777929352
JAM,Jamaica,2019,3.90510000865872
JAM,Jamaica,2018,3.73663882152163
JAM,Jamaica,2017,4.37839864991561
JAM,Jamaica,2016,2.35102197485846
JAM,Jamaica,2015,3.69154228855725
JAM,Jamaica,2014,8.27407886231419
JAM,Jamaica,2013,9.34150076569673
JAM,Jamaica,2012,6.87397708674309
JAM,Jamaica,2011,7.555856465809
JAM,Jamaica,2010,12.6105519975603
JAM,Jamaica,2009,9.59224598930482
JAM,Jamaica,2008,22.0228384991843
JAM,Jamaica,2007,9.24482067275562
JAM,Jamaica,2006,8.56106408706157
JAM,Jamaica,2005,15.0528658875905
JAM,Jamaica,2004,13.5545023696682
JAM,Jamaica,2003,10.0869565217391
JAM,Jamaica,2002,7.07635009310985
JAM,Jamaica,2001,6.8019093078759
JAM,Jamaica,2000,8.17108356120225
JAM,Jamaica,1999,5.95423949113006
JAM,Jamaica,1998,8.63189613012144
JAM,Jamaica,1997,9.65755261268595
JAM,Jamaica,1996,26.4066566074043
JAM,Jamaica,1995,19.9087488364168
JAM,Jamaica,1994,35.0633942484772
JAM,Jamaica,1993,22.0699494185292
JAM,Jamaica,1992,77.2965929559651
JAM,Jamaica,1991,51.0710977304313
JAM,Jamaica,1990,21.9601751165083
JPN,Japan,2023,3.26813365933163
JPN,Japan,2022,2.49770278172255
JPN,Japan,2021,-0.233352779398264
JPN,Japan,2020,-0.024995834027731
JPN,Japan,2019,0.46877615938395
JPN,Japan,2018,0.989094598021848
JPN,Japan,2017,0.484199796126385
JPN,Japan,2016,-0.127258844489754
JPN,Japan,2015,0.795279630579839
JPN,Japan,2014,2.75922671353253
JPN,Japan,2013,0.335037912184741
JPN,Japan,2012,-0.0440645104432602
JPN,Japan,2011,-0.27245561610124
JPN,Japan,2010,-0.728243207517779
JPN,Japan,2009,-1.35283672951719
JPN,Japan,2008,1.3800788616492
JPN,Japan,2007,0.060039454498669
JPN,Japan,2006,0.249355116079085
JPN,Japan,2005,-0.282946068764391
JPN,Japan,2004,-0.00857338820310272
JPN,Japan,2003,-0.256541816316025
JPN,Japan,2002,-0.923494026942321
JPN,Japan,2001,-0.740055504162738
JPN,Japan,2000,-0.676578683595175
JPN,Japan,1999,-0.341296928327554
JPN,Japan,1998,0.661974191385911
JPN,Japan,1997,1.74780458692133
JPN,Japan,1996,0.136600358575909
JPN,Japan,1995,-0.127899045020446
JPN,Japan,1994,0.695458057869004
JPN,Japan,1993,1.24304589707924
JPN,Japan,1992,1.7602830605927
JPN,Japan,1991,3.25143848753308
JPN,Japan,1990,3.0785162869516
JOR,Jordan,2023,2.08486986327134
JOR,Jordan,2022,4.22915568897117
JOR,Jordan,2021,1.34609377243118
JOR,Jordan,2020,0.333294350628378
JOR,Jordan,2019,0.761514047265601
JOR,Jordan,2018,4.46231108475481
JOR,Jordan,2017,3.32389447576097
JOR,Jordan,2016,-0.778430463054142
JOR,Jordan,2015,-0.876851359704049
JOR,Jordan,2014,2.89947905006057
JOR,Jordan,2013,4.82462314269537
JOR,Jordan,2012,4.5152295667099
JOR,Jordan,2011,4.1624416292779
JOR,Jordan,2010,4.84551875852116
JOR,Jordan,2009,-0.739069743144777
JOR,Jordan,2008,13.9712310012729
JOR,Jordan,2007,4.74390639021648
JOR,Jordan,2006,6.25172466656443
JOR,Jordan,2005,3.49368534619531
JOR,Jordan,2004,3.36186821476601
JOR,Jordan,2003,1.62999999999998
JOR,Jordan,2002,1.83299389002049
JOR,Jordan,2001,1.77220437351017
JOR,Jordan,2000,0.66688092559796
JOR,Jordan,1999,0.606256567779427
JOR,Jordan,1998,3.09166666666703
JOR,Jordan,1997,3.0378842030025
JOR,Jordan,1996,6.50121802679586
JOR,Jordan,1995,2.35312451301273
JOR,Jordan,1994,3.51669624132886
JOR,Jordan,1993,3.31666666666706
JOR,Jordan,1992,3.9958356055719
JOR,Jordan,1991,8.15549597855212
JOR,Jordan,1990,16.1921375615233
KAZ,Kazakhstan,2023,14.5275597825952
KAZ,Kazakhstan,2022,15.0278644440851
KAZ,Kazakhstan,2021,8.04147134028401
KAZ,Kazakhstan,2020,6.71815454861458
KAZ,Kazakhstan,2019,5.33356098916669
KAZ,Kazakhstan,2018,6.16366247577762
KAZ,Kazakhstan,2017,7.44266321306792
KAZ,Kazakhstan,2016,14.3610942386248
KAZ,Kazakhstan,2015,6.67828585615236
KAZ,Kazakhstan,2014,6.84944977003358
KAZ,Kazakhstan,2013,5.94283871648418
KAZ,Kazakhstan,2012,5.19568369035073
KAZ,Kazakhstan,2011,8.4529046617679
KAZ,Kazakhstan,2010,7.40046356341396
KAZ,Kazakhstan,2009,7.31607858288578
KAZ,Kazakhstan,2008,17.139899777207
KAZ,Kazakhstan,2007,10.8468362075557
KAZ,Kazakhstan,2006,8.72169386091726
KAZ,Kazakhstan,2005,7.57999929125766
KAZ,Kazakhstan,2004,6.88205438981899
KAZ,Kazakhstan,2003,6.4382181011894
KAZ,Kazakhstan,2002,5.83692452105643
KAZ,Kazakhstan,2001,8.35413777161344
KAZ,Kazakhstan,2000,13.1808905865731
KAZ,Kazakhstan,1999,8.29602765342564
KAZ,Kazakhstan,1998,7.14632665452334
KAZ,Kazakhstan,1997,17.4080410607357
KAZ,Kazakhstan,1996,39.1825423654111
KAZ,Kazakhstan,1995,176.15529894237
KAZ,Kazakhstan,1994,1877.37239517572
KEN,Kenya,2023,7.67139634029402
KEN,Kenya,2022,7.65986268272224
KEN,Kenya,2021,6.10793603659176
KEN,Kenya,2020,5.40516207933392
KEN,Kenya,2019,5.23963795764792
KEN,Kenya,2018,4.6898064677633
KEN,Kenya,2017,8.00564967709945
KEN,Kenya,2016,6.29724953814625
KEN,Kenya,2015,6.58215429284779
KEN,Kenya,2014,6.87815499275949
KEN,Kenya,2013,5.71749357037733
KEN,Kenya,2012,9.37777003547598
KEN,Kenya,2011,14.0224913014704
KEN,Kenya,2010,3.96138889115385
KEN,Kenya,2009,9.23412592394652
KEN,Kenya,2008,26.2398166445063
KEN,Kenya,2007,9.75888023027529
KEN,Kenya,2006,14.4537342081708
KEN,Kenya,2005,10.3127783574683
KEN,Kenya,2004,11.6240355442426
KEN,Kenya,2003,9.81569062979654
KEN,Kenya,2002,1.96130821739162
KEN,Kenya,2001,5.73859814341467
KEN,Kenya,2000,9.98002515350979
KEN,Kenya,1999,5.74200109520484
KEN,Kenya,1998,6.72243650753928
KEN,Kenya,1997,11.3618450505783
KEN,Kenya,1996,8.86408741577522
KEN,Kenya,1995,1.55432816055009
KEN,Kenya,1994,28.8143894306731
KEN,Kenya,1993,45.9788813036218
KEN,Kenya,1992,27.3323644475784
KEN,Kenya,1991,20.0844955754632
KEN,Kenya,1990,17.78181442992
KIR,Kiribati,2023,9.28307374517721
KIR,Kiribati,2022,5.34595440908904
KIR,Kiribati,2021,2.05361676773907
KIR,Kiribati,2020,2.5532455441463
KIR,Kiribati,2019,-1.81307995302947
KIR,Kiribati,2018,0.564030491493476
KIR,Kiribati,2017,0.355520888546828
KIR,Kiribati,2016,1.91731090233378
KIR,Kiribati,2015,0.572015743634256
KIR,Kiribati,2014,2.10398520925043
KIR,Kiribati,2013,-1.488059084681
KIR,Kiribati,2012,-3.04586292775571
KIR,Kiribati,2011,1.4974097987597
KIR,Kiribati,2010,-3.89955040651649
KIR,Kiribati,2009,9.81643884508657
KIR,Kiribati,2008,13.6653995252441
KIR,Kiribati,2007,3.59252131266417
KOR,"Korea, Rep.",2023,3.5974562502901
KOR,"Korea, Rep.",2022,5.08951365062842
KOR,"Korea, Rep.",2021,2.49833333333339
KOR,"Korea, Rep.",2020,0.537288023411737
KOR,"Korea, Rep.",2019,0.383000303608136
KOR,"Korea, Rep.",2018,1.47583935002645
KOR,"Korea, Rep.",2017,1.94433230786366
KOR,"Korea, Rep.",2016,0.971685739912168
KOR,"Korea, Rep.",2015,0.70633177245575
KOR,"Korea, Rep.",2014,1.27477446401322
KOR,"Korea, Rep.",2013,1.30134754547413
KOR,"Korea, Rep.",2012,2.18707104433314
KOR,"Korea, Rep.",2011,4.0259650043609
KOR,"Korea, Rep.",2010,2.93928652655686
KOR,"Korea, Rep.",2009,2.7564965449393
KOR,"Korea, Rep.",2008,4.67389655533408
KOR,"Korea, Rep.",2007,2.53457382137932
KOR,"Korea, Rep.",2006,2.24234028518921
KOR,"Korea, Rep.",2005,2.75379162735039
KOR,"Korea, Rep.",2004,3.59066298882578
KOR,"Korea, Rep.",2003,3.51487451459939
KOR,"Korea, Rep.",2002,2.76226210296599
KOR,"Korea, Rep.",2001,4.06657587897792
KOR,"Korea, Rep.",2000,2.25916580080157
KOR,"Korea, Rep.",1999,0.81295725444637
KOR,"Korea, Rep.",1998,7.51358008079307
KOR,"Korea, Rep.",1997,4.4389318457463
KOR,"Korea, Rep.",1996,4.92454354292754
KOR,"Korea, Rep.",1995,4.48074108557248
KOR,"Korea, Rep.",1994,6.26585950039679
KOR,"Korea, Rep.",1993,4.80099660215354
KOR,"Korea, Rep.",1992,6.21328146355184
KOR,"Korea, Rep.",1991,9.33279048161495
KOR,"Korea, Rep.",1990,8.57327225728677
XKX,Kosovo,2023,4.94432438791283
XKX,Kosovo,2022,11.5805104542012
XKX,Kosovo,2021,3.35369139207997
XKX,Kosovo,2020,0.198227922994854
XKX,Kosovo,2019,2.67599202639893
XKX,Kosovo,2018,1.05379773654991
XKX,Kosovo,2017,1.48823430592319
XKX,Kosovo,2016,0.273169431045468
XKX,Kosovo,2015,-0.536929392740659
XKX,Kosovo,2014,0.428957808324092
XKX,Kosovo,2013,1.76732428354892
XKX,Kosovo,2012,2.47673782156533
XKX,Kosovo,2011,7.3364177131527
XKX,Kosovo,2010,3.48050763735842
XKX,Kosovo,2009,-2.41026401661229
XKX,Kosovo,2008,9.35041764658178
XKX,Kosovo,2007,4.35849695328369
XKX,Kosovo,2006,0.621646938601728
XKX,Kosovo,2005,-1.38518913159299
XKX,Kosovo,2004,-1.06472696605525
XKX,Kosovo,2003,-1.08481262327414
KWT,Kuwait,2023,3.64216403030709
KWT,Kuwait,2022,3.98064961990313
KWT,Kuwait,2021,3.42362947609188
KWT,Kuwait,2020,2.101729548274
KWT,Kuwait,2019,1.09184802655856
KWT,Kuwait,2018,0.543133148199567
KWT,Kuwait,2017,2.17183298510006
KWT,Kuwait,2016,3.19839776658374
KWT,Kuwait,2015,3.27170166092133
KWT,Kuwait,2014,2.90892672858625
KWT,Kuwait,2013,2.68229684085039
KWT,Kuwait,2012,3.25514600287211
KWT,Kuwait,2011,4.8394034987095
KWT,Kuwait,2010,4.49640287769787
KWT,Kuwait,2009,4.60959548447787
KWT,Kuwait,2008,10.5827097865144
KWT,Kuwait,2007,5.48494983277596
KWT,Kuwait,2006,3.05701339166722
KWT,Kuwait,2005,4.14297583631023
KWT,Kuwait,2004,1.24856443679889
KWT,Kuwait,2003,0.961350293542112
KWT,Kuwait,2002,0.888450148074907
KWT,Kuwait,2001,1.29999999999999
KWT,Kuwait,2000,1.81294613887089
KWT,Kuwait,1999,2.99081035923166
KWT,Kuwait,1998,0.129658287674027
KWT,Kuwait,1997,0.682191434707604
KWT,Kuwait,1996,3.55398569684287
KWT,Kuwait,1995,2.68672756582484
KWT,Kuwait,1994,2.53443526170792
KWT,Kuwait,1993,0.382541365165916
KWT,Kuwait,1992,-0.54547121378821
KWT,Kuwait,1991,9.05818836232758
KWT,Kuwait,1990,9.83363531543402
KGZ,Kyrgyz Republic,2023,10.7532770416742
KGZ,Kyrgyz Republic,2022,13.9229093174176
KGZ,Kyrgyz Republic,2021,11.9050398185147
KGZ,Kyrgyz Republic,2020,6.32542296338078
KGZ,Kyrgyz Republic,2019,1.13362257718804
KGZ,Kyrgyz Republic,2018,1.54266145238436
KGZ,Kyrgyz Republic,2017,3.1753098637994
KGZ,Kyrgyz Republic,2016,0.388838296895799
KGZ,Kyrgyz Republic,2015,6.50331838993384
KGZ,Kyrgyz Republic,2014,7.5342472977589
KGZ,Kyrgyz Republic,2013,6.61375202358082
KGZ,Kyrgyz Republic,2012,2.76844236540957
KGZ,Kyrgyz Republic,2011,16.6363262731495
KGZ,Kyrgyz Republic,2010,7.96772225579684
KGZ,Kyrgyz Republic,2009,6.83656248105368
KGZ,Kyrgyz Republic,2008,24.5201024234102
KGZ,Kyrgyz Republic,2007,10.2301032660484
KGZ,Kyrgyz Republic,2006,5.55212333162542
KGZ,Kyrgyz Republic,2005,4.3386739184431
KGZ,Kyrgyz Republic,2004,4.11065084723381
KGZ,Kyrgyz Republic,2003,2.97461295184355
KGZ,Kyrgyz Republic,2002,2.13420986310243
KGZ,Kyrgyz Republic,2001,6.9196798942304
KGZ,Kyrgyz Republic,2000,18.7007342838023
KGZ,Kyrgyz Republic,1999,37.0309258369344
KGZ,Kyrgyz Republic,1998,10.4573825846721
KGZ,Kyrgyz Republic,1997,23.4354278497005
KGZ,Kyrgyz Republic,1996,31.9473377218567
LAO,Lao PDR,2023,31.2301341732646
LAO,Lao PDR,2022,22.9562225132056
LAO,Lao PDR,2021,3.75562036658877
LAO,Lao PDR,2020,5.10407262959919
LAO,Lao PDR,2019,3.32255881256925
LAO,Lao PDR,2018,2.04039266890201
LAO,Lao PDR,2017,0.825478607568026
LAO,Lao PDR,2016,1.59691227583204
LAO,Lao PDR,2015,1.27735427102992
LAO,Lao PDR,2014,4.12924306873771
LAO,Lao PDR,2013,6.37142717782947
LAO,Lao PDR,2012,4.2551267783209
LAO,Lao PDR,2011,7.5689885610998
LAO,Lao PDR,2010,5.98254521550082
LAO,Lao PDR,2009,0.141187674980385
LAO,Lao PDR,2008,7.62880887577516
LAO,Lao PDR,2007,4.66197269469701
LAO,Lao PDR,2006,6.54559439052787
LAO,Lao PDR,2005,7.16541759946639
LAO,Lao PDR,2004,10.4622667314208
LAO,Lao PDR,2003,15.4893529233525
LAO,Lao PDR,2002,10.6313446323333
LAO,Lao PDR,2001,7.81180794783471
LAO,Lao PDR,2000,25.0846414281315
LAO,Lao PDR,1999,125.27212839928
LAO,Lao PDR,1998,90.9807345622878
LAO,Lao PDR,1997,27.5088624491449
LAO,Lao PDR,1996,13.0244156963462
LAO,Lao PDR,1995,19.5939189878584
LAO,Lao PDR,1994,6.7844807862023
LAO,Lao PDR,1993,6.26722241519029
LAO,Lao PDR,1992,9.86452966991032
LAO,Lao PDR,1991,13.4415584415586
LAO,Lao PDR,1990,35.642982971227
LVA,Latvia,2023,8.9380462331663
LVA,Latvia,2022,17.3102830198815
LVA,Latvia,2021,3.27582937431165
LVA,Latvia,2020,0.219064904841985
LVA,Latvia,2019,2.81140920075624
LVA,Latvia,2018,2.53445424186598
LVA,Latvia,2017,2.93036312374665
LVA,Latvia,2016,0.140633334505327
LVA,Latvia,2015,0.174242243625186
LVA,Latvia,2014,0.620490636732421
LVA,Latvia,2013,-0.029454778257828
LVA,Latvia,2012,2.25778924374585
LVA,Latvia,2011,4.37073559939223
LVA,Latvia,2010,-1.08463595015155
LVA,Latvia,2009,3.53410672858934
LVA,Latvia,2008,15.4023191064986
LVA,Latvia,2007,10.0929775849169
LVA,Latvia,2006,6.53619908765872
LVA,Latvia,2005,6.74845027893124
LVA,Latvia,2004,6.19238547197429
LVA,Latvia,2003,2.94264752948478
LVA,Latvia,2002,1.93887573855886
LVA,Latvia,2001,2.48704003555464
LVA,Latvia,2000,2.65425477796048
LVA,Latvia,1999,2.36481836111805
LVA,Latvia,1998,4.64421422660783
LVA,Latvia,1997,8.44738342092961
LVA,Latvia,1996,17.6104698431033
LVA,Latvia,1995,24.9759355316749
LVA,Latvia,1994,35.9247053929643
LVA,Latvia,1993,108.989540624323
LVA,Latvia,1992,951.696194870801
LBN,Lebanon,2023,221.341644023365
LBN,Lebanon,2022,171.205491336641
LBN,Lebanon,2021,154.756096023393
LBN,Lebanon,2020,84.8643330472041
LBN,Lebanon,2019,3.00538949390383
LBN,Lebanon,2018,6.07698907889607
LBN,Lebanon,2017,4.32135218303191
LBN,Lebanon,2016,-0.783359624361508
LBN,Lebanon,2015,-3.74914524799629
LBN,Lebanon,2014,1.8546042134091
LBN,Lebanon,2013,4.82101956297399
LBN,Lebanon,2012,6.58147447683677
LBN,Lebanon,2011,4.97148571692384
LBN,Lebanon,2010,3.98347941855833
LBN,Lebanon,2009,1.19509671165543
LSO,Lesotho,2023,6.34221743124953
LSO,Lesotho,2022,8.27180389943028
LSO,Lesotho,2021,6.04774591950676
LSO,Lesotho,2020,4.97809676252309
LSO,Lesotho,2019,5.18708359197982
LSO,Lesotho,2018,4.7518030162474
LSO,Lesotho,2017,4.447699373763
LSO,Lesotho,2016,6.59650490696543
LSO,Lesotho,2015,3.21844513655931
LSO,Lesotho,2014,5.37028961008587
LSO,Lesotho,2013,4.86511899496385
LSO,Lesotho,2012,6.05143662139967
LSO,Lesotho,2011,5.0366305210156
LSO,Lesotho,2010,-2.40524254598706
LSO,Lesotho,2009,-16.8596910540644
LSO,Lesotho,2008,10.7156661309681
LSO,Lesotho,2007,8.01243669043409
LSO,Lesotho,2006,6.07271879734293
LSO,Lesotho,2005,3.43788423057443
LSO,Lesotho,2004,5.02342068616285
LSO,Lesotho,2003,6.62916357146762
LSO,Lesotho,2002,33.812578338126
LSO,Lesotho,2001,-9.61615353858472
LSO,Lesotho,2000,6.13197538722696
LSO,Lesotho,1996,9.33031458531928
LSO,Lesotho,1995,9.27083333333323
LSO,Lesotho,1994,8.21473862195302
LSO,Lesotho,1993,13.1356607683724
LSO,Lesotho,1992,17.2085201793721
LSO,Lesotho,1991,17.6781002638523
LSO,Lesotho,1990,11.6347569955818
LBR,Liberia,2023,10.0944535665552
LBR,Liberia,2022,7.59298486560313
LBR,Liberia,2021,7.81559385858648
LBR,Liberia,2020,16.9557241496255
LBR,Liberia,2019,26.9662760197878
LBR,Liberia,2018,23.5635148953742
LBR,Liberia,2017,12.4196323907138
LBR,Liberia,2016,8.83424868336488
LBR,Liberia,2015,7.74869687621322
LBR,Liberia,2014,9.86111285574904
LBR,Liberia,2013,7.577306817414
LBR,Liberia,2012,6.83178703418548
LBR,Liberia,2011,8.488167518494
LBR,Liberia,2010,7.28992796890218
LBR,Liberia,2009,7.42764305914919
LBR,Liberia,2008,17.489448642993
LBR,Liberia,2007,11.3918966807102
LBR,Liberia,2006,7.34144608278558
LBR,Liberia,2005,10.8343588481414
LBR,Liberia,2004,7.82908704883235
LBR,Liberia,2003,10.3302881236823
LBR,Liberia,2002,14.1596470116325
LBY,Libya,2023,2.3731753143518
LBY,Libya,2022,4.51030149235695
LBY,Libya,2021,2.86833027751015
LBY,Libya,2020,1.44703656998741
LBY,Libya,2019,-2.16217883470591
LBY,Libya,2018,13.1702038536722
LBY,Libya,2017,25.8036184788337
LBY,Libya,2016,25.853874212446
LBY,Libya,2015,10.4022933588151
LBY,Libya,2014,2.43294141599233
LBY,Libya,2013,2.60581802719517
LBY,Libya,2012,6.05980392156855
LBY,Libya,2011,15.5184815317562
LBY,Libya,2010,2.79989500109265
LBY,Libya,2009,2.45990025609954
LBY,Libya,2008,10.3607288954998
LBY,Libya,2007,6.25098782993553
LBY,Libya,2006,1.45926876202722
LBY,Libya,2005,2.65020576131657
LBY,Libya,2004,-2.19756774055898
LBY,Libya,2003,-2.19115191986647
LBY,Libya,2002,-9.79764705882356
LBY,Libya,2001,-8.81393752145546
LBY,Libya,2000,-2.90000000000024
LBY,Libya,1999,2.64862252295822
LBY,Libya,1998,3.70927318295734
LBY,Libya,1997,3.55029585798822
LBY,Libya,1996,4.02807775377965
LBY,Libya,1995,7.23798494499129
LBY,Libya,1994,5.11259890444314
LBY,Libya,1993,11.0735532720389
LBY,Libya,1992,9.35975158953134
LBY,Libya,1991,11.8960953011251
LBY,Libya,1990,8.4514624080388
LTU,Lithuania,2023,9.11731962390475
LTU,Lithuania,2022,19.7050461518394
LTU,Lithuania,2021,4.68354420903453
LTU,Lithuania,2020,1.19989444983569
LTU,Lithuania,2019,2.33450937988027
LTU,Lithuania,2018,2.69792779208394
LTU,Lithuania,2017,3.72288862303707
LTU,Lithuania,2016,0.905525075460342
LTU,Lithuania,2015,-0.884097405500596
LTU,Lithuania,2014,0.103758009433708
LTU,Lithuania,2013,1.04747937065344
LTU,Lithuania,2012,3.08998277055417
LTU,Lithuania,2011,4.13027562645085
LTU,Lithuania,2010,1.31921362055463
LTU,Lithuania,2009,4.45304456518535
LTU,Lithuania,2008,10.9258856241655
LTU,Lithuania,2007,5.73717382799842
LTU,Lithuania,2006,3.73912004060664
LTU,Lithuania,2005,2.65848484065262
LTU,Lithuania,2004,1.16410252104671
LTU,Lithuania,2003,-1.13430854990247
LTU,Lithuania,2002,0.281506610345575
LTU,Lithuania,2001,1.36712030817819
LTU,Lithuania,2000,0.981615478857598
LTU,Lithuania,1999,0.727550626557424
LTU,Lithuania,1998,5.06755385841968
LTU,Lithuania,1997,8.88104848465892
LTU,Lithuania,1996,24.62519538645
LTU,Lithuania,1995,39.6476290328289
LTU,Lithuania,1994,72.2546816164428
LTU,Lithuania,1993,410.451858561316
LTU,Lithuania,1992,1020.62056524354
LUX,Luxembourg,2023,3.74140361983136
LUX,Luxembourg,2022,6.33600807777919
LUX,Luxembourg,2021,2.52692009066166
LUX,Luxembourg,2020,0.819957302127036
LUX,Luxembourg,2019,1.74332075653848
LUX,Luxembourg,2018,1.5281952430737
LUX,Luxembourg,2017,1.73079959118896
LUX,Luxembourg,2016,0.290833333333225
LUX,Luxembourg,2015,0.474743161437871
LUX,Luxembourg,2014,0.628543985440717
LUX,Luxembourg,2013,1.73403963519162
LUX,Luxembourg,2012,2.66284165508011
LUX,Luxembourg,2011,3.4106834106835
LUX,Luxembourg,2010,2.27367911621542
LUX,Luxembourg,2009,0.368041997888867
LUX,Luxembourg,2008,3.4018796302557
LUX,Luxembourg,2007,2.31245861786126
LUX,Luxembourg,2006,2.66631494577077
LUX,Luxembourg,2005,2.48769665164081
LUX,Luxembourg,2004,2.22567916428894
LUX,Luxembourg,2003,2.04984030563516
LUX,Luxembourg,2002,2.07408613571643
LUX,Luxembourg,2001,2.66382110579101
LUX,Luxembourg,2000,3.15076707022596
LUX,Luxembourg,1999,1.02519676474926
LUX,Luxembourg,1998,0.958570110494753
LUX,Luxembourg,1997,1.36751261207932
LUX,Luxembourg,1996,1.18385968843573
LUX,Luxembourg,1995,1.86769424969108
LUX,Luxembourg,1994,2.19476468689066
LUX,Luxembourg,1993,3.58809818535169
LUX,Luxembourg,1992,3.15417375961789
LUX,Luxembourg,1991,3.11835659874854
LUX,Luxembourg,1990,3.25376659083644
MAC,"Macao SAR, China",2023,0.476384495788075
MAC,"Macao SAR, China",2022,1.04502802369954
MAC,"Macao SAR, China",2021,0.0264543647055504
MAC,"Macao SAR, China",2020,0.811410511491512
MAC,"Macao SAR, China",2019,2.75193081051975
MAC,"Macao SAR, China",2018,3.00446293166953
MAC,"Macao SAR, China",2017,1.22812404052809
MAC,"Macao SAR, China",2016,2.36895749705898
MAC,"Macao SAR, China",2015,4.56056338028173
MAC,"Macao SAR, China",2014,6.04823452094076
MAC,"Macao SAR, China",2013,5.50057779178484
MAC,"Macao SAR, China",2012,6.10738928336549
MAC,"Macao SAR, China",2011,5.80624616691043
MAC,"Macao SAR, China",2010,2.80947242060843
MAC,"Macao SAR, China",2009,1.16906695453767
MAC,"Macao SAR, China",2008,8.61101858637
MAC,"Macao SAR, China",2007,5.57149689143952
MAC,"Macao SAR, China",2006,5.14997337750692
MAC,"Macao SAR, China",2005,4.39589284335674
MAC,"Macao SAR, China",2004,0.980728452039451
MAC,"Macao SAR, China",2003,-1.56245203671305
MAC,"Macao SAR, China",2002,-2.63751699816198
MAC,"Macao SAR, China",2001,-1.98465008641646
MAC,"Macao SAR, China",2000,-1.60971883961897
MAC,"Macao SAR, China",1999,-3.20416248186587
MAC,"Macao SAR, China",1998,0.172630384568516
MAC,"Macao SAR, China",1997,3.49093715138855
MAC,"Macao SAR, China",1996,4.82248676783487
MAC,"Macao SAR, China",1995,8.55866604308447
MAC,"Macao SAR, China",1994,6.25206890210272
MAC,"Macao SAR, China",1993,6.70588552770043
MAC,"Macao SAR, China",1992,7.71392168356611
MAC,"Macao SAR, China",1991,9.5688776593484
MAC,"Macao SAR, China",1990,7.96969384363221
MDG,Madagascar,2023,9.87432675044888
MDG,Madagascar,2022,8.16059031991844
MDG,Madagascar,2021,5.81225118787715
MDG,Madagascar,2020,4.20179312190557
MDG,Madagascar,2019,5.61051441492365
MDG,Madagascar,2018,8.59422958870476
MDG,Madagascar,2017,8.60905075422949
MDG,Madagascar,2016,6.03575858154679
MDG,Madagascar,2015,7.40419174202129
MDG,Madagascar,2014,6.08040811088302
MDG,Madagascar,2013,5.8264294445198
MDG,Madagascar,2012,5.71384434191053
MDG,Madagascar,2011,9.48254048582992
MDG,Madagascar,2010,9.24732173644116
MDG,Madagascar,2009,8.95421802392949
MDG,Madagascar,2008,9.29650839381057
MDG,Madagascar,2007,10.2879663187671
MDG,Madagascar,2006,10.7656371554865
MDG,Madagascar,2005,18.3638246468932
MDG,Madagascar,2004,13.9558018033211
MDG,Madagascar,2003,-1.70400479616298
MDG,Madagascar,2002,16.4985255315846
MDG,Madagascar,2001,7.91694484529586
MDG,Madagascar,2000,11.859684500028
MDG,Madagascar,1999,9.92953399348781
MDG,Madagascar,1998,6.2080160866332
MDG,Madagascar,1997,4.48638261737399
MDG,Madagascar,1996,19.7563545439776
MDG,Madagascar,1995,49.0802100590784
MDG,Madagascar,1994,38.9417908989239
MDG,Madagascar,1993,10.008361204014
MDG,Madagascar,1992,14.5123786075771
MDG,Madagascar,1991,8.59264760490192
MDG,Madagascar,1990,11.7844838321357
MWI,Malawi,2023,28.7897428247298
MWI,Malawi,2022,20.953969729969
MWI,Malawi,2021,9.33014410835212
MWI,Malawi,2020,8.62551469650552
MWI,Malawi,2019,9.3708360560567
MWI,Malawi,2018,12.420178108921
MWI,Malawi,2017,11.5433939188771
MWI,Malawi,2016,21.7111132136499
MWI,Malawi,2015,21.8673475542553
MWI,Malawi,2014,23.7920649469687
MWI,Malawi,2013,27.2833333333334
MWI,Malawi,2012,21.2712650013779
MWI,Malawi,2011,7.6228226284852
MWI,Malawi,2010,7.41159092883827
MWI,Malawi,2009,8.42204427696655
MWI,Malawi,2008,8.71260186609043
MWI,Malawi,2007,7.9522099086403
MWI,Malawi,2006,13.9742943548388
MWI,Malawi,2005,15.4103446604296
MWI,Malawi,2004,11.4298060822124
MWI,Malawi,2003,9.57679786919214
MWI,Malawi,2002,14.7446346101603
MWI,Malawi,2001,22.7
MWI,Malawi,2000,29.5814884631684
MWI,Malawi,1999,44.8041642861674
MWI,Malawi,1998,29.7486512828264
MWI,Malawi,1997,9.13735243003495
MWI,Malawi,1996,37.6020450235016
MWI,Malawi,1995,83.3257747543458
MWI,Malawi,1994,34.6496361508324
MWI,Malawi,1993,22.7727102336625
MWI,Malawi,1992,23.7513530230399
MWI,Malawi,1991,12.6153153828849
MWI,Malawi,1990,11.8235380454151
MYS,Malaysia,2023,2.48886560125754
MYS,Malaysia,2022,3.37869862549928
MYS,Malaysia,2021,2.47710241465447
MYS,Malaysia,2020,-1.1387021539305
MYS,Malaysia,2019,0.662891865764326
MYS,Malaysia,2018,0.884709160571235
MYS,Malaysia,2017,3.87120115774237
MYS,Malaysia,2016,2.09056659525742
MYS,Malaysia,2015,2.10438980238359
MYS,Malaysia,2014,3.14299050879095
MYS,Malaysia,2013,2.10501231233612
MYS,Malaysia,2012,1.66357102479206
MYS,Malaysia,2011,3.1744709215131
MYS,Malaysia,2010,1.62285235577035
MYS,Malaysia,2009,0.583308405623702
MYS,Malaysia,2008,5.44078221100769
MYS,Malaysia,2007,2.02735317779569
MYS,Malaysia,2006,3.60923564224389
MYS,Malaysia,2005,2.97507092684449
MYS,Malaysia,2004,1.42127115937402
MYS,Malaysia,2003,1.08967632577286
MYS,Malaysia,2002,1.80787246281536
MYS,Malaysia,2001,1.41678473206098
MYS,Malaysia,2000,1.53474023697699
MYS,Malaysia,1999,2.74456130240604
MYS,Malaysia,1998,5.27034200348766
MYS,Malaysia,1997,2.66251459711946
MYS,Malaysia,1996,3.48855945858916
MYS,Malaysia,1995,3.45057509584895
MYS,Malaysia,1994,3.72497055359284
MYS,Malaysia,1993,3.53658536585389
MYS,Malaysia,1992,4.76722829992821
MYS,Malaysia,1991,4.358333333333
MYS,Malaysia,1990,2.61780104712051
MDV,Maldives,2023,2.90372427754586
MDV,Maldives,2022,2.3305404647725
MDV,Maldives,2021,0.543149688737013
MDV,Maldives,2020,-1.36977425569811
MDV,Maldives,2019,0.220029731065383
MDV,Maldives,2018,-0.133373386117595
MDV,Maldives,2017,2.81747338234509
MDV,Maldives,2016,0.502509413611612
MDV,Maldives,2015,0.953206658777607
MDV,Maldives,2014,2.12000175718134
MDV,Maldives,2013,3.8056300091943
MDV,Maldives,2012,10.884695658563
MDV,Maldives,2011,11.2734146055937
MDV,Maldives,2010,6.14988536750173
MDV,Maldives,2009,4.53017659132801
MDV,Maldives,2008,12.0414583505108
MDV,Maldives,2007,6.79477353930168
MDV,Maldives,2006,2.73842131602099
MDV,Maldives,2005,1.30027500930997
MDV,Maldives,2004,-1.68541212459466
MDV,Maldives,2003,-1.26065113450354
MDV,Maldives,2002,4.1786723990479
MDV,Maldives,2001,0.67257737006247
MDV,Maldives,2000,-1.17475681175946
MDV,Maldives,1999,2.95370836069129
MDV,Maldives,1998,-1.40425233816792
MDV,Maldives,1997,7.57283467072592
MDV,Maldives,1996,6.24124591476026
MDV,Maldives,1995,5.48886133171504
MDV,Maldives,1994,3.38610098291493
MDV,Maldives,1993,20.1273593149248
MDV,Maldives,1992,16.8559977535548
MDV,Maldives,1991,14.7136770282735
MDV,Maldives,1990,3.64991197717477
MLI,Mali,2023,2.05880228274223
MLI,Mali,2022,9.62147608489064
MLI,Mali,2021,3.92560283104277
MLI,Mali,2020,0.438088940320669
MLI,Mali,2019,-1.65826694846365
MLI,Mali,2018,0.299546507387843
MLI,Mali,2017,1.75985742927165
MLI,Mali,2016,-1.79964707083386
MLI,Mali,2015,1.45069057605961
MLI,Mali,2014,0.883814547137841
MLI,Mali,2013,-0.606736356351563
MLI,Mali,2012,5.32312847064058
MLI,Mali,2011,2.95564395229392
MLI,Mali,2010,1.10892690670186
MLI,Mali,2009,2.46375188572299
MLI,Mali,2008,9.17098813667678
MLI,Mali,2007,1.41200201714577
MLI,Mali,2006,1.54352596927582
MLI,Mali,2005,6.39788293897883
MLI,Mali,2004,-3.09978128063957
MLI,Mali,2003,-1.34672619047621
MLI,Mali,2002,5.03282275711194
MLI,Mali,2001,5.18701191944068
MLI,Mali,2000,-0.677661659046769
MLI,Mali,1999,-1.20190368637502
MLI,Mali,1998,4.03658945954986
MLI,Mali,1997,-0.362999795946695
MLI,Mali,1996,6.80545996788233
MLI,Mali,1995,13.4417696811974
MLI,Mali,1994,23.1767911524285
MLI,Mali,1993,-0.263767884261804
MLI,Mali,1992,-6.24250599520425
MLI,Mali,1991,1.80042722001858
MLI,Mali,1990,0.606339703737523
MLT,Malta,2023,5.09396758978883
MLT,Malta,2022,6.15375621933037
MLT,Malta,2021,1.49789217934724
MLT,Malta,2020,0.638544956776712
MLT,Malta,2019,1.6420600176894
MLT,Malta,2018,1.15782362451517
MLT,Malta,2017,1.36435448150708
MLT,Malta,2016,0.642702771527304
MLT,Malta,2015,1.10054826378929
MLT,Malta,2014,0.310306472181665
MLT,Malta,2013,1.1802843636655
MLT,Malta,2012,2.37582057760386
MLT,Malta,2011,2.9629852819288
MLT,Malta,2010,1.51563513618532
MLT,Malta,2009,2.08432746082343
MLT,Malta,2008,4.25862171897073
MLT,Malta,2007,1.24921923797629
MLT,Malta,2006,2.77378006481472
MLT,Malta,2005,3.00796652450313
MLT,Malta,2004,2.79082848067754
MLT,Malta,2003,1.30383777442602
MLT,Malta,2002,2.18849048060549
MLT,Malta,2001,2.92949244324104
MLT,Malta,2000,2.36959287531806
MLT,Malta,1999,2.13476888806386
MLT,Malta,1998,2.38525135417661
MLT,Malta,1997,3.11207791953272
MLT,Malta,1996,2.05400000000009
MLT,Malta,1995,4.42664550286654
MLT,Malta,1994,4.12992181638259
MLT,Malta,1993,4.14481954180488
MLT,Malta,1992,1.63321209889045
MLT,Malta,1991,2.54219284786975
MLT,Malta,1990,2.9834058606356
MRT,Mauritania,2023,4.95305034506872
MRT,Mauritania,2022,9.52526628622843
MRT,Mauritania,2021,3.56516484650185
MRT,Mauritania,2020,2.3856948845632
MRT,Mauritania,2019,2.30009262117937
MRT,Mauritania,2018,3.06735996058356
MRT,Mauritania,2017,2.25427651934813
MRT,Mauritania,2016,1.47171045650004
MRT,Mauritania,2015,3.25472688117631
MRT,Mauritania,2014,3.53436856147324
MRT,Mauritania,2013,4.12910173783393
MRT,Mauritania,2012,4.90242727217997
MRT,Mauritania,2011,5.68631959575954
MRT,Mauritania,2010,6.28354087427704
MRT,Mauritania,2009,2.22092032381779
MRT,Mauritania,2008,7.34663541249786
MRT,Mauritania,2007,7.25410841304887
MRT,Mauritania,2006,6.2410332814282
MRT,Mauritania,2005,12.1256487185541
MRT,Mauritania,2004,10.3676233473073
MRT,Mauritania,2003,5.15190150769578
MRT,Mauritania,2002,3.8957052575849
MRT,Mauritania,2001,4.7148963468961
MRT,Mauritania,2000,3.25406745833358
MRT,Mauritania,1999,4.07417613596754
MRT,Mauritania,1998,8.03166665498858
MRT,Mauritania,1997,4.62534695318394
MRT,Mauritania,1996,4.68130623916413
MRT,Mauritania,1995,6.54379068524171
MRT,Mauritania,1994,4.12825861295442
MRT,Mauritania,1993,9.37034415971461
MRT,Mauritania,1992,10.141817562151
MRT,Mauritania,1991,5.62866666666699
MRT,Mauritania,1990,6.60022564874018
MUS,Mauritius,2023,7.05298238454736
MUS,Mauritius,2022,10.7737512242899
MUS,Mauritius,2021,4.02852888157376
MUS,Mauritius,2020,2.5808007718283
MUS,Mauritius,2019,0.405655190309553
MUS,Mauritius,2018,3.2160538314457
MUS,Mauritius,2017,3.66699702675925
MUS,Mauritius,2016,0.977675134718965
MUS,Mauritius,2015,1.28654970760232
MUS,Mauritius,2014,3.21769191994684
MUS,Mauritius,2013,3.54329573934839
MUS,Mauritius,2012,3.85216033315983
MUS,Mauritius,2011,6.52249254869341
MUS,Mauritius,2010,2.93236301369857
MUS,Mauritius,2009,2.51609128145113
MUS,Mauritius,2008,9.73228317146887
MUS,Mauritius,2007,8.82729272393294
MUS,Mauritius,2006,8.91350105650142
MUS,Mauritius,2005,4.93717004981795
MUS,Mauritius,2004,4.71037060105883
MUS,Mauritius,2003,3.92105357558188
MUS,Mauritius,2002,6.41933372221149
MUS,Mauritius,2001,5.38934426229508
MUS,Mauritius,2000,4.19928825622807
MUS,Mauritius,1999,6.90914624866773
MUS,Mauritius,1998,6.81079323797193
MUS,Mauritius,1997,6.83334334996102
MUS,Mauritius,1996,6.55097336065573
MUS,Mauritius,1995,6.02933188484532
MUS,Mauritius,1994,7.32347154412294
MUS,Mauritius,1993,10.5178384472896
MUS,Mauritius,1992,4.64351929883709
MUS,Mauritius,1991,7.00101377541879
MUS,Mauritius,1990,13.4880887926371
MEX,Mexico,2023,5.52796087314389
MEX,Mexico,2022,7.8962761916855
MEX,Mexico,2021,5.68920847683753
MEX,Mexico,2020,3.39683415570006
MEX,Mexico,2019,3.63596142127046
MEX,Mexico,2018,4.89935015356551
MEX,Mexico,2017,6.04145724018986
MEX,Mexico,2016,2.8217078474766
MEX,Mexico,2015,2.72064064964023
MEX,Mexico,2014,4.01861608078679
MEX,Mexico,2013,3.80639069747204
MEX,Mexico,2012,4.11150981070289
MEX,Mexico,2011,3.40737824605742
MEX,Mexico,2010,4.15672722680174
MEX,Mexico,2009,5.29735584228856
MEX,Mexico,2008,5.12498274575896
MEX,Mexico,2007,3.96684905458235
MEX,Mexico,2006,3.62946762439132
MEX,Mexico,2005,3.98805714597437
MEX,Mexico,2004,4.68840884843143
MEX,Mexico,2003,4.54690012118718
MEX,Mexico,2002,5.03072733151295
MEX,Mexico,2001,6.36773806235037
MEX,Mexico,2000,9.49156149435403
MEX,Mexico,1999,16.5856169707538
MEX,Mexico,1998,15.9283950119353
MEX,Mexico,1997,20.6256287259247
MEX,Mexico,1996,34.3783832235168
MEX,Mexico,1995,34.9992712889592
MEX,Mexico,1994,6.96581237191123
MEX,Mexico,1993,9.75146045357553
MEX,Mexico,1992,15.5078962533573
MEX,Mexico,1991,22.662359455061
MEX,Mexico,1990,26.6516725646771
FSM,"Micronesia, Fed. Sts.",2022,5.40874375479067
FSM,"Micronesia, Fed. Sts.",2021,3.19128406597466
FSM,"Micronesia, Fed. Sts.",2020,0.554594630853174
FSM,"Micronesia, Fed. Sts.",2019,1.92385170787923
FSM,"Micronesia, Fed. Sts.",2018,1.49840023593737
FSM,"Micronesia, Fed. Sts.",2017,0.58225373525489
FSM,"Micronesia, Fed. Sts.",2016,-1.03746806405349
FSM,"Micronesia, Fed. Sts.",2015,-0.2981158373807
FSM,"Micronesia, Fed. Sts.",2014,0.650284891767944
FSM,"Micronesia, Fed. Sts.",2013,1.75232737350762
FSM,"Micronesia, Fed. Sts.",2012,5.01850353045616
FSM,"Micronesia, Fed. Sts.",2011,5.08259403890371
FSM,"Micronesia, Fed. Sts.",2010,3.31370963136217
FSM,"Micronesia, Fed. Sts.",2009,6.39360257735201
FSM,"Micronesia, Fed. Sts.",2008,8.42372566246186
FSM,"Micronesia, Fed. Sts.",2007,3.30634278002699
FSM,"Micronesia, Fed. Sts.",2006,4.63737008585635
FSM,"Micronesia, Fed. Sts.",2005,4.25769978210942
FSM,"Micronesia, Fed. Sts.",2004,2.27669698247304
FSM,"Micronesia, Fed. Sts.",2003,0.126643348208903
FSM,"Micronesia, Fed. Sts.",2002,-0.111442426432945
FSM,"Micronesia, Fed. Sts.",2001,0.502497351294027
FSM,"Micronesia, Fed. Sts.",2000,2.15851810619419
MDA,Moldova,2023,13.41701043813
MDA,Moldova,2022,28.7372976766236
MDA,Moldova,2021,5.10641129002836
MDA,Moldova,2020,3.76597122245358
MDA,Moldova,2019,4.83778351428729
MDA,Moldova,2018,3.04505397337058
MDA,Moldova,2017,6.57022997455604
MDA,Moldova,2016,6.35930898037931
MDA,Moldova,2015,9.67624033101859
MDA,Moldova,2014,5.08878554625869
MDA,Moldova,2013,4.59787897363136
MDA,Moldova,2012,4.54633427355302
MDA,Moldova,2011,7.68725103356181
MDA,Moldova,2010,7.48385086350853
MDA,Moldova,2009,-0.0627185967109007
MDA,Moldova,2008,12.7830472618821
MDA,Moldova,2007,12.3671668414302
MDA,Moldova,2006,12.777755783035
MDA,Moldova,2005,11.9591837222127
MDA,Moldova,2004,12.5242768428228
MDA,Moldova,2003,11.7460792058232
MDA,Moldova,2002,5.30124390261601
MDA,Moldova,2001,9.76466285757623
MDA,Moldova,2000,31.2993015817784
MDA,Moldova,1999,39.2559806891747
MDA,Moldova,1998,7.69576517517204
MDA,Moldova,1997,11.7728324494467
MDA,Moldova,1996,23.5056772963368
MDA,Moldova,1995,29.8656104095718
MDA,Moldova,1994,486.425623795891
MDA,Moldova,1993,1613.60398876194
MDA,Moldova,1992,1026.82626424702
MNG,Mongolia,2023,10.347583131434
MNG,Mongolia,2022,15.1509728200805
MNG,Mongolia,2021,7.35894657888155
MNG,Mongolia,2020,3.7237230614026
MNG,Mongolia,2019,7.30106953550729
MNG,Mongolia,2018,6.82424790145522
MNG,Mongolia,2017,4.30143105302342
MNG,Mongolia,2016,0.733272227314397
MNG,Mongolia,2015,5.73568281938327
MNG,Mongolia,2014,12.2539808129759
MNG,Mongolia,2013,10.4906567588241
MNG,Mongolia,2012,14.3303348325838
MNG,Mongolia,2011,8.41121495327101
MNG,Mongolia,2010,10.0462065881651
MNG,Mongolia,2009,7.6195059351941
MNG,Mongolia,2008,27.9556650246306
MNG,Mongolia,2007,9.63096309630964
MNG,Mongolia,2006,5.09516661663157
MNG,Mongolia,2005,12.7165674066053
MNG,Mongolia,2004,8.24115449417619
MNG,Mongolia,2003,5.12899499422419
MNG,Mongolia,2002,0.91707468718427
MNG,Mongolia,2001,6.27736020484006
MNG,Mongolia,2000,11.5955387593327
MNG,Mongolia,1999,7.56494150307377
MNG,Mongolia,1998,9.35704217716548
MNG,Mongolia,1997,36.5561148948773
MNG,Mongolia,1996,46.8899521531102
MNG,Mongolia,1995,0.0435161009571923
MNG,Mongolia,1994,87.580009329808
MNG,Mongolia,1993,268.150488882784
MNE,Montenegro,2023,8.58476910455403
MNE,Montenegro,2022,13.0403036347004
MNE,Montenegro,2021,2.41080198403165
MNE,Montenegro,2020,-0.255655699848551
MNE,Montenegro,2019,0.361563704540767
MNE,Montenegro,2018,2.611223782638
MNE,Montenegro,2017,2.3802359905313
MNE,Montenegro,2016,-0.271385023385176
MNE,Montenegro,2015,1.54869158222486
MNE,Montenegro,2014,-0.710514051710227
MNE,Montenegro,2013,2.20589268141178
MNE,Montenegro,2012,4.14524724981119
MNE,Montenegro,2011,3.4501431124869
MNE,Montenegro,2010,0.654946570148479
MNE,Montenegro,2009,3.46672373207793
MNE,Montenegro,2008,8.75872769588798
MNE,Montenegro,2007,4.34712215656112
MNE,Montenegro,2006,2.92451258123648
MAR,Morocco,2023,6.09114152504141
MAR,Morocco,2022,6.65704202759067
MAR,Morocco,2021,1.40195883962006
MAR,Morocco,2020,0.705968661338261
MAR,Morocco,2019,0.303386036590383
MAR,Morocco,2018,1.80391671141896
MAR,Morocco,2017,0.754663249323619
MAR,Morocco,2016,1.63531114327064
MAR,Morocco,2015,1.5579071134626
MAR,Morocco,2014,0.442310053557048
MAR,Morocco,2013,1.88065466724086
MAR,Morocco,2012,1.28712240079219
MAR,Morocco,2011,0.9069249096918
MAR,Morocco,2010,0.993557401226392
MAR,Morocco,2009,0.971862998667636
MAR,Morocco,2008,3.71484311494064
MAR,Morocco,2007,2.04208512673344
MAR,Morocco,2006,3.28476166954811
MAR,Morocco,2005,0.982641660015951
MAR,Morocco,2004,1.49344403381774
MAR,Morocco,2003,1.16773367477592
MAR,Morocco,2002,2.79561966936936
MAR,Morocco,2001,0.619801875297975
MAR,Morocco,2000,1.89463456763464
MAR,Morocco,1999,0.684782608695643
MAR,Morocco,1998,2.75311330764477
MAR,Morocco,1997,1.03819895051614
MAR,Morocco,1996,2.98680922773017
MAR,Morocco,1995,6.12358164775523
MAR,Morocco,1994,5.14167152953361
MAR,Morocco,1993,5.18311396030801
MAR,Morocco,1992,5.7402466286874
MAR,Morocco,1991,7.98616600790512
MAR,Morocco,1990,6.78259401511006
MOZ,Mozambique,2023,7.12697482131851
MOZ,Mozambique,2022,10.2794018093421
MOZ,Mozambique,2021,6.40847652975692
MOZ,Mozambique,2020,3.48393567493204
MOZ,Mozambique,2019,2.80270307928111
MOZ,Mozambique,2018,3.91133439990729
MOZ,Mozambique,2017,15.1132073899384
MOZ,Mozambique,2016,17.4180418197597
MOZ,Mozambique,2015,3.55075967356746
MOZ,Mozambique,2014,2.55974875844295
MOZ,Mozambique,2013,4.26135250941963
MOZ,Mozambique,2012,2.60245456956618
MOZ,Mozambique,2011,11.1666056127874
MOZ,Mozambique,2010,12.4255421735156
MOZ,Mozambique,2009,3.78861330914625
MOZ,Mozambique,2008,14.5028053002268
MOZ,Mozambique,2007,8.48948675497455
MOZ,Mozambique,2006,13.2450879070999
MOZ,Mozambique,2005,6.42755278070087
MMR,Myanmar,2019,8.82506696804558
MMR,Myanmar,2018,6.87232865662935
MMR,Myanmar,2017,4.5725365531752
MMR,Myanmar,2016,6.92882525816076
MMR,Myanmar,2015,9.45417189526018
MMR,Myanmar,2014,4.953299184844
MMR,Myanmar,2013,5.64303883425501
MMR,Myanmar,2012,1.46758322674679
MMR,Myanmar,2011,5.0214601462073
MMR,Myanmar,2010,7.71838195873614
MMR,Myanmar,2009,1.47234311385647
MMR,Myanmar,2008,26.7995371934022
MMR,Myanmar,2007,35.0245970717698
MMR,Myanmar,2006,19.9964873359214
MMR,Myanmar,2005,9.36861814196704
MMR,Myanmar,2004,4.53421374129692
MMR,Myanmar,2003,36.5897175323924
MMR,Myanmar,2002,57.0745112621703
MMR,Myanmar,2001,21.101305376923
MMR,Myanmar,2000,-0.109165514668565
MMR,Myanmar,1999,18.4010433741609
MMR,Myanmar,1998,51.4875497504079
MMR,Myanmar,1997,29.6972325791529
MMR,Myanmar,1996,16.2753966377374
MMR,Myanmar,1995,25.1947123972847
MMR,Myanmar,1994,24.0987860757019
MMR,Myanmar,1993,31.83160687276
MMR,Myanmar,1992,21.9132104007913
MMR,Myanmar,1991,32.2720382866416
MMR,Myanmar,1990,17.6267750314504
NAM,Namibia,2023,5.87993463284275
NAM,Namibia,2022,6.08128114112413
NAM,Namibia,2021,3.61690530108814
NAM,Namibia,2020,2.20938236933469
NAM,Namibia,2019,3.72239414422695
NAM,Namibia,2018,4.29159105337875
NAM,Namibia,2017,6.14579981111164
NAM,Namibia,2016,6.72858234593338
NAM,Namibia,2015,3.39401538410559
NAM,Namibia,2014,5.35016966859602
NAM,Namibia,2013,5.60092502290401
NAM,Namibia,2012,6.72199777334886
NAM,Namibia,2011,5.005595180812
NAM,Namibia,2010,4.8749198764395
NAM,Namibia,2009,9.45172651521705
NAM,Namibia,2008,9.0946430719281
NAM,Namibia,2007,6.54788141101717
NAM,Namibia,2006,4.96116689298916
NAM,Namibia,2005,2.28194607024307
NAM,Namibia,2004,4.13663213144748
NAM,Namibia,2003,7.1361531145863
NRU,Naoero,2012,-0.124750499001971
NRU,Naoero,2011,0.3003003003003
NPL,Nepal,2023,7.11587261530826
NPL,Nepal,2022,7.6702057938028
NPL,Nepal,2021,4.12676744440695
NPL,Nepal,2020,5.05635826238499
NPL,Nepal,2019,5.56616035243723
NPL,Nepal,2018,4.40659410175714
NPL,Nepal,2017,2.77703998300211
NPL,Nepal,2016,8.7903433200464
NPL,Nepal,2015,7.86890895590891
NPL,Nepal,2014,8.36415469659563
NPL,Nepal,2013,9.04016311917645
NPL,Nepal,2012,9.45980980357125
NPL,Nepal,2011,9.2270754612596
NPL,Nepal,2010,9.32650410745395
NPL,Nepal,2009,11.0948237386987
NPL,Nepal,2008,9.9078300530648
NPL,Nepal,2007,2.26921924439074
NPL,Nepal,2006,6.92033580707589
NPL,Nepal,2005,6.83633265892877
NPL,Nepal,2004,2.8418113124898
NPL,Nepal,2003,5.70700931874738
NPL,Nepal,2002,3.02939948714892
NPL,Nepal,2001,2.6883037354563
NPL,Nepal,2000,2.47882020709136
NPL,Nepal,1999,7.45111260957546
NPL,Nepal,1998,11.2444677818614
NPL,Nepal,1997,4.00998860523181
NPL,Nepal,1996,9.22046662376986
NPL,Nepal,1995,7.62296950698163
NPL,Nepal,1994,8.34928672883384
NPL,Nepal,1993,7.50539419087105
NPL,Nepal,1992,17.1495236243439
NPL,Nepal,1991,15.5574529276949
NPL,Nepal,1990,8.23970037453206
NLD,Netherlands,2023,3.83839354342808
NLD,Netherlands,2022,10.0012078753473
NLD,Netherlands,2021,2.67572008805385
NLD,Netherlands,2020,1.27246037789161
NLD,Netherlands,2019,2.63369910249591
NLD,Netherlands,2018,1.70349794744479
NLD,Netherlands,2017,1.38145871407216
NLD,Netherlands,2016,0.316666666666652
NLD,Netherlands,2015,0.600248147278776
NLD,Netherlands,2014,0.976035079699679
NLD,Netherlands,2013,2.50689852657875
NLD,Netherlands,2012,2.45554765291614
NLD,Netherlands,2011,2.34107017751373
NLD,Netherlands,2010,1.27530569556679
NLD,Netherlands,2009,1.18977687021548
NLD,Netherlands,2008,2.48650198289457
NLD,Netherlands,2007,1.61385859802102
NLD,Netherlands,2006,1.10150106517709
NLD,Netherlands,2005,1.6881301786962
NLD,Netherlands,2004,1.26364739183177
NLD,Netherlands,2003,2.09199838997655
NLD,Netherlands,2002,3.28753104712766
NLD,Netherlands,2001,4.15584127195612
NLD,Netherlands,2000,2.36052233801958
NLD,Netherlands,1999,2.1571791805505
NLD,Netherlands,1998,1.95913632274257
NLD,Netherlands,1997,2.10924562739483
NLD,Netherlands,1996,2.11378787066774
NLD,Netherlands,1995,1.92322457166359
NLD,Netherlands,1994,2.80152693672192
NLD,Netherlands,1993,2.58418115634715
NLD,Netherlands,1992,3.18358569499581
NLD,Netherlands,1991,3.15819751859096
NLD,Netherlands,1990,2.45408985919675
NCL,New Caledonia,2016,0.578317435520754
NCL,New Caledonia,2015,0.570508141048402
NCL,New Caledonia,2014,0.178851060785511
NCL,New Caledonia,2013,1.27761318992718
NCL,New Caledonia,2012,1.74967234600262
NCL,New Caledonia,2011,2.42899693753383
NZL,New Zealand,2023,5.73316283034957
NZL,New Zealand,2022,7.17222476016441
NZL,New Zealand,2021,3.94112060778728
NZL,New Zealand,2020,1.71456170007245
NZL,New Zealand,2019,1.61963190184048
NZL,New Zealand,2018,1.59829703801696
NZL,New Zealand,2017,1.85078767452536
NZL,New Zealand,2016,0.646240284454524
NZL,New Zealand,2015,0.292704628136101
NZL,New Zealand,2014,1.227507505974
NZL,New Zealand,2013,1.13442266445817
NZL,New Zealand,2012,1.05991318445632
NZL,New Zealand,2011,4.0279066739204
NZL,New Zealand,2010,2.30202385958572
NZL,New Zealand,2009,2.1156511055456
NZL,New Zealand,2008,3.9589493731206
NZL,New Zealand,2007,2.37614310290659
NZL,New Zealand,2006,3.36540196171993
NZL,New Zealand,2005,3.03702332617012
NZL,New Zealand,2004,2.29024902847571
NZL,New Zealand,2003,1.75357444759557
NZL,New Zealand,2002,2.67709257711605
NZL,New Zealand,2001,2.62581630392903
NZL,New Zealand,2000,2.6152344624632
NZL,New Zealand,1999,-0.114267129777524
NZL,New Zealand,1998,1.26524409915406
NZL,New Zealand,1997,1.18714833105632
NZL,New Zealand,1996,2.28571305402195
NZL,New Zealand,1995,3.75494413677554
NZL,New Zealand,1994,1.74537790773743
NZL,New Zealand,1993,1.28820776574386
NZL,New Zealand,1992,1.01456027171236
NZL,New Zealand,1991,2.60239285999773
NZL,New Zealand,1990,6.09844414810204
NIC,Nicaragua,2023,8.38765854872536
NIC,Nicaragua,2022,10.4674244465991
NIC,Nicaragua,2021,4.92841396948968
NIC,Nicaragua,2020,3.68181341625572
NIC,Nicaragua,2019,5.37628990844126
NIC,Nicaragua,2018,4.94723728039886
NIC,Nicaragua,2017,3.85067166284727
NIC,Nicaragua,2016,3.52317317628473
NIC,Nicaragua,2015,3.99737996694396
NIC,Nicaragua,2014,6.03596861798425
NIC,Nicaragua,2013,7.13546785289407
NIC,Nicaragua,2012,7.1935505333896
NIC,Nicaragua,2011,8.082387980991
NIC,Nicaragua,2010,5.45513425887423
NIC,Nicaragua,2009,3.68700160498797
NIC,Nicaragua,2008,19.8262031287429
NIC,Nicaragua,2007,11.1269347446118
NIC,Nicaragua,2006,9.1401996677772
NIC,Nicaragua,2005,9.59909986064425
NIC,Nicaragua,2004,8.47021063584077
NIC,Nicaragua,2003,5.30238773219936
NIC,Nicaragua,2002,3.75017465778466
NIC,Nicaragua,2001,5.98604186279518
NIC,Nicaragua,2000,7.06991352252517
NER,Niger,2023,3.70097316425834
NER,Niger,2022,4.22621791916392
NER,Niger,2021,3.8378680284051
NER,Niger,2020,2.8981937602627
NER,Niger,2019,-2.48979265070855
NER,Niger,2018,2.96760366004456
NER,Niger,2017,2.79637318871284
NER,Niger,2016,1.65388922387806
NER,Niger,2015,-0.576090369833189
NER,Niger,2014,-0.930287259984466
NER,Niger,2013,2.29723114955317
NER,Niger,2012,0.455089820359289
NER,Niger,2011,2.9423851401332
NER,Niger,2010,0.804073080882659
NER,Niger,2009,0.582906590801122
NER,Niger,2008,11.3051098827019
NER,Niger,2007,0.0539592607581562
NER,Niger,2006,0.0404858299595074
NER,Niger,2005,7.7974978178644
NER,Niger,2004,0.262543757292838
NER,Niger,2003,-1.61440769175596
NER,Niger,2002,2.62886597938136
NER,Niger,2001,4.00551428352678
NER,Niger,2000,2.90014973599108
NER,Niger,1999,-2.30212503849648
NER,Niger,1998,4.5480157771872
NER,Niger,1997,2.93345253394422
NER,Niger,1996,5.28885751264882
NER,Niger,1995,10.5632886691814
NER,Niger,1994,36.0410583134241
NER,Niger,1993,-1.21503496503496
NER,Niger,1992,-4.47561790247176
NER,Niger,1991,-7.79664179104467
NER,Niger,1990,-0.775653010977504
NGA,Nigeria,2023,24.659550203114
NGA,Nigeria,2022,18.8471877843274
NGA,Nigeria,2021,16.9528457221608
NGA,Nigeria,2020,13.2460234276598
NGA,Nigeria,2019,11.3964223378115
NGA,Nigeria,2018,12.0951065173432
NGA,Nigeria,2017,16.5022662139641
NGA,Nigeria,2016,15.6968126387972
NGA,Nigeria,2015,9.00943498007706
NGA,Nigeria,2014,8.04741087967907
NGA,Nigeria,2013,8.49551838265678
NGA,Nigeria,2012,12.2242413020582
NGA,Nigeria,2011,10.8261371880018
NGA,Nigeria,2010,13.7400521363694
NGA,Nigeria,2009,12.5379242951095
NGA,Nigeria,2008,11.583054796681
NGA,Nigeria,2007,5.38610421570143
NGA,Nigeria,2006,8.22743678120907
NGA,Nigeria,2005,17.8634933661605
NGA,Nigeria,2004,14.9980338183251
NGA,Nigeria,2003,14.0317836131437
NGA,Nigeria,2002,12.8765792031099
NGA,Nigeria,2001,18.8736462093863
NGA,Nigeria,2000,6.9332921556516
NGA,Nigeria,1999,6.61837339479756
NGA,Nigeria,1998,9.99637812386806
NGA,Nigeria,1997,8.52987421383633
NGA,Nigeria,1996,29.2682926829272
NGA,Nigeria,1995,72.8355022972636
NGA,Nigeria,1994,57.031708911966
NGA,Nigeria,1993,57.1652528349217
NGA,Nigeria,1992,44.588842715023
NGA,Nigeria,1991,13.0069731037427
NGA,Nigeria,1990,7.36440030557697
MKD,North Macedonia,2023,9.36187249769015
MKD,North Macedonia,2022,14.2047173195833
MKD,North Macedonia,2021,3.23074912132928
MKD,North Macedonia,2020,1.20007348888469
MKD,North Macedonia,2019,0.766439573459805
MKD,North Macedonia,2018,1.45831298507126
MKD,North Macedonia,2017,1.35161889677442
MKD,North Macedonia,2016,-0.239290787684501
MKD,North Macedonia,2015,-0.299920475631462
MKD,North Macedonia,2014,-0.281705032928494
MKD,North Macedonia,2013,2.78500056726109
MKD,North Macedonia,2012,3.31605566687647
MKD,North Macedonia,2011,3.9047542206974
MKD,North Macedonia,2010,1.50997522027613
MKD,North Macedonia,2009,-0.739633963061192
MKD,North Macedonia,2008,8.33189666968108
MKD,North Macedonia,2007,2.2517579830545
MKD,North Macedonia,2006,3.21362929606345
MKD,North Macedonia,2005,0.525515950714247
MKD,North Macedonia,2004,-0.448650206551934
MKD,North Macedonia,2003,0.855562122724219
MKD,North Macedonia,2002,2.31459794083216
MKD,North Macedonia,2001,5.19888525744048
MKD,North Macedonia,2000,6.60742291038536
MKD,North Macedonia,1999,-1.27928657572628
MKD,North Macedonia,1998,0.544199652523073
MKD,North Macedonia,1997,1.29436487155047
MKD,North Macedonia,1996,2.46660008582917
MKD,North Macedonia,1995,16.3735889723569
MKD,North Macedonia,1994,126.583368336245
NOR,Norway,2023,5.51784987104659
NOR,Norway,2022,5.76412317852272
NOR,Norway,2021,3.48388055266669
NOR,Norway,2020,1.28658490707996
NOR,Norway,2019,2.16773003305411
NOR,Norway,2018,2.76483134528797
NOR,Norway,2017,1.87510059552545
NOR,Norway,2016,3.55000000000007
NOR,Norway,2015,2.17113665389527
NOR,Norway,2014,2.04170286707211
NOR,Norway,2013,2.12048620353112
NOR,Norway,2012,0.696864111498263
NOR,Norway,2011,1.2849515880916
NOR,Norway,2010,2.41890639481003
NOR,Norway,2009,2.19738586853568
NOR,Norway,2008,3.75393081761005
NOR,Norway,2007,0.712589073634201
NOR,Norway,2006,2.3293498075755
NOR,Norway,2005,1.53213367609249
NOR,Norway,2004,0.454498502220863
NOR,Norway,2003,2.48782553461781
NOR,Norway,2002,1.28672528415184
NOR,Norway,2001,3.00419703998233
NOR,Norway,2000,3.08550609131279
NOR,Norway,1999,2.36596736596733
NOR,Norway,1998,2.25241329996429
NOR,Norway,1997,2.56692335900252
NOR,Norway,1996,1.26253249164501
NOR,Norway,1995,2.46036778693729
NOR,Norway,1994,1.37567498071478
NOR,Norway,1993,2.28826933193061
NOR,Norway,1992,2.32808504911848
NOR,Norway,1991,3.43819599109134
NOR,Norway,1990,4.1310334831135
OMN,Oman,2023,0.950782997762827
OMN,Oman,2022,2.5061425061425
OMN,Oman,2021,1.68221185876085
OMN,Oman,2020,-0.40640291946585
OMN,Oman,2019,0.490815362820671
OMN,Oman,2018,0.889312370970404
OMN,Oman,2017,1.58909413567799
OMN,Oman,2016,1.10920805807027
OMN,Oman,2015,0.0652901330286599
OMN,Oman,2014,1.01401483924156
OMN,Oman,2013,1.05354820265932
OMN,Oman,2012,2.94773495257209
OMN,Oman,2011,4.0421886711639
OMN,Oman,2010,3.25657959078624
OMN,Oman,2009,3.46881023754893
OMN,Oman,2008,12.3754091529912
OMN,Oman,2007,5.8304841809271
OMN,Oman,2006,3.54498591605033
OMN,Oman,2005,1.90983553531865
OMN,Oman,2004,0.624969062631367
OMN,Oman,2003,0.231328682267143
OMN,Oman,2002,-0.279578822571373
OMN,Oman,2001,-0.816666666666656
PAK,Pakistan,2023,30.7681280657005
PAK,Pakistan,2022,19.8738599646655
PAK,Pakistan,2021,9.49641577285205
PAK,Pakistan,2020,9.74011619320125
PAK,Pakistan,2019,10.5780305672025
PAK,Pakistan,2018,5.07805725868917
PAK,Pakistan,2017,4.08537368032608
PAK,Pakistan,2016,3.7651191635658
PAK,Pakistan,2015,2.52932817254229
PAK,Pakistan,2014,7.18938402847028
PAK,Pakistan,2013,7.69215611899565
PAK,Pakistan,2012,9.68235186055684
PAK,Pakistan,2011,11.9160927116277
PAK,Pakistan,2010,12.9388705634889
PAK,Pakistan,2009,13.6477650639761
PAK,Pakistan,2008,20.2861210929554
PAK,Pakistan,2007,7.59868441050774
PAK,Pakistan,2006,7.92108440058789
PAK,Pakistan,2005,9.06332737030417
PAK,Pakistan,2004,7.44462469342739
PAK,Pakistan,2003,2.91413470059479
PAK,Pakistan,2002,3.29034472613153
PAK,Pakistan,2001,3.14826144590618
PAK,Pakistan,2000,4.36666451291681
PAK,Pakistan,1999,4.14263718082171
PAK,Pakistan,1998,6.22800415424543
PAK,Pakistan,1997,11.3754928865122
PAK,Pakistan,1996,10.3738085885002
PAK,Pakistan,1995,12.3435785170513
PAK,Pakistan,1994,12.3681943936948
PAK,Pakistan,1993,9.97366476029209
PAK,Pakistan,1992,9.5090414619015
PAK,Pakistan,1991,11.7912703351416
PAK,Pakistan,1990,9.05213155279776
PLW,Palau,2023,12.8199748216534
PLW,Palau,2022,12.3526638378124
PLW,Palau,2021,2.6124818577648
PLW,Palau,2020,0.218181818181833
PLW,Palau,2019,0.26737967914444
PLW,Palau,2018,2.10970464135017
PLW,Palau,2017,1.4179881966692
PLW,Palau,2016,-1.04230533415074
PLW,Palau,2015,0.949040643697081
PLW,Palau,2014,4.19174548581256
PLW,Palau,2013,3.35481004221287
PLW,Palau,2012,3.61418047882138
PLW,Palau,2011,4.6746987951807
PLW,Palau,2010,1.44219017355169
PLW,Palau,2009,1.43813538308953
PLW,Palau,2008,11.9655746807329
PLW,Palau,2007,3.23875035826881
PLW,Palau,2006,4.42981143370254
PLW,Palau,2005,3.9514623522091
PLW,Palau,2004,4.96407576747217
PLW,Palau,2003,0.922874093605824
PLW,Palau,2002,-1.30123617436562
PAN,Panama,2023,1.48641355277038
PAN,Panama,2022,2.85965128834711
PAN,Panama,2021,1.63070337301898
PAN,Panama,2020,-1.55027540803761
PAN,Panama,2019,-0.355083821021246
PAN,Panama,2018,0.761578359399945
PAN,Panama,2017,0.875585918759963
PAN,Panama,2016,0.73973402529995
PAN,Panama,2015,0.137492058461588
PAN,Panama,2014,2.62652699929143
PAN,Panama,2013,4.02715991571061
PAN,Panama,2012,5.69819959165993
PAN,Panama,2011,5.87580243678763
PAN,Panama,2010,3.49128872618809
PAN,Panama,2009,2.40905304082201
PAN,Panama,2008,8.7586831772878
PAN,Panama,2007,4.1686330029888
PAN,Panama,2006,2.45789346442102
PAN,Panama,2005,2.85588324760957
PAN,Panama,2004,0.474723078204362
PAN,Panama,2003,0.391666666666709
PAN,Panama,2002,1.00583090379039
PAN,Panama,2001,0.307062436028722
PAN,Panama,2000,1.49896111605778
PAN,Panama,1999,1.24718256949635
PAN,Panama,1998,0.559081293442494
PAN,Panama,1997,1.32435122100608
PAN,Panama,1996,1.25571661111546
PAN,Panama,1995,0.99420698293387
PAN,Panama,1994,1.26843190106196
PAN,Panama,1993,0.45393007884036
PAN,Panama,1992,1.82452156989959
PAN,Panama,1991,1.25626077674687
PAN,Panama,1990,0.76948535495601
PNG,Papua New Guinea,2023,2.29869991296791
PNG,Papua New Guinea,2022,5.25323922215241
PNG,Papua New Guinea,2021,4.48359014042398
PNG,Papua New Guinea,2020,4.87167398565555
PNG,Papua New Guinea,2019,3.92867290939597
PNG,Papua New Guinea,2018,4.37448921453162
PNG,Papua New Guinea,2017,5.42204568023834
PNG,Papua New Guinea,2016,6.6737288135593
PNG,Papua New Guinea,2015,5.99595778127107
PNG,Papua New Guinea,2014,5.22211720226841
PNG,Papua New Guinea,2013,4.9603174603175
PNG,Papua New Guinea,2012,4.53720508166972
PNG,Papua New Guinea,2011,4.44083401028971
PNG,Papua New Guinea,2010,6.01360893567856
PNG,Papua New Guinea,2009,6.91832532601224
PNG,Papua New Guinea,2008,10.7614182326827
PNG,Papua New Guinea,2007,0.91135045567524
PNG,Papua New Guinea,2006,2.3684623841683
PNG,Papua New Guinea,2005,1.78080439925826
PNG,Papua New Guinea,2004,2.15893131266946
PNG,Papua New Guinea,2003,14.7090779663557
PNG,Papua New Guinea,2002,11.7994470972606
PNG,Papua New Guinea,2001,9.29817332783968
PNG,Papua New Guinea,2000,15.5958933107535
PNG,Papua New Guinea,1999,14.9321817407701
PNG,Papua New Guinea,1998,13.5741917656809
PNG,Papua New Guinea,1997,3.96437805228409
PNG,Papua New Guinea,1996,11.6241782908448
PNG,Papua New Guinea,1995,17.280932681459
PNG,Papua New Guinea,1994,2.85272217387134
PNG,Papua New Guinea,1993,4.97411430311646
PNG,Papua New Guinea,1992,4.30961457009748
PNG,Papua New Guinea,1991,6.96568127760753
PNG,Papua New Guinea,1990,6.9533615990307
PRY,Paraguay,2023,4.63202285403356
PRY,Paraguay,2022,9.76556667164402
PRY,Paraguay,2021,4.787983101236
PRY,Paraguay,2020,1.76751592356698
PRY,Paraguay,2019,2.75709727562775
PRY,Paraguay,2018,3.97561015740694
PRY,Paraguay,2017,3.60247741348943
PRY,Paraguay,2016,4.08682280577241
PRY,Paraguay,2015,3.12900274473925
PRY,Paraguay,2014,5.02882767456766
PRY,Paraguay,2013,2.68385738718582
PRY,Paraguay,2012,3.67591897974496
PRY,Paraguay,2011,8.2539682539683
PRY,Paraguay,2010,4.65116279069765
PRY,Paraguay,2009,2.59194673430567
PRY,Paraguay,2008,10.1547846489023
PRY,Paraguay,2007,8.13047417698577
PRY,Paraguay,2006,9.58934941129229
PRY,Paraguay,2005,6.80738203116377
PRY,Paraguay,2004,4.32326492967491
PRY,Paraguay,2003,14.2367970499143
PRY,Paraguay,2002,10.5102420856612
PRY,Paraguay,2001,7.26806028584825
PRY,Paraguay,2000,8.98215976750022
PRY,Paraguay,1999,6.75226586102725
PRY,Paraguay,1998,11.5532684355839
PRY,Paraguay,1997,6.94956608534118
PRY,Paraguay,1996,9.79968339016083
PRY,Paraguay,1995,13.4254143646407
PRY,Paraguay,1994,20.5661948376355
PRY,Paraguay,1993,18.2086614173228
PRY,Paraguay,1992,15.192743764172
PRY,Paraguay,1991,24.2253521126763
PRY,Paraguay,1990,37.2599561799201
PER,Peru,2023,6.45561348369586
PER,Peru,2022,8.33370630096231
PER,Peru,2021,4.27166381536798
PER,Peru,2020,2.00241205759292
PER,Peru,2019,2.25212191358027
PER,Peru,2018,1.50915423024742
PER,Peru,2017,2.99490045809443
PER,Peru,2016,3.55717663556279
PER,Peru,2015,3.39809194746308
PER,Peru,2014,3.41194579807465
PER,Peru,2013,2.76789666082002
PER,Peru,2012,3.61121294940163
PER,Peru,2011,3.36931095333853
PER,Peru,2010,1.52832059732901
PER,Peru,2009,2.936231535967
PER,Peru,2008,5.78587598206755
PER,Peru,2007,1.77998644680372
PER,Peru,2006,2.00225801248819
PER,Peru,2005,1.61630193862544
PER,Peru,2004,3.66247320092233
PER,Peru,2003,2.25937753363072
PER,Peru,2002,0.193135003853722
PER,Peru,2001,1.97709878502053
PER,Peru,2000,3.75733833344474
PER,Peru,1999,3.46965996293019
PER,Peru,1998,7.24782175213469
PER,Peru,1997,8.56218948953653
PER,Peru,1996,11.5379424115177
PER,Peru,1995,11.1287029707089
PER,Peru,1994,23.7369050565046
PER,Peru,1993,48.5799864468885
PER,Peru,1992,73.5282942442641
PER,Peru,1991,409.530166622023
PER,Peru,1990,7481.66361124526
PHL,Philippines,2023,5.97802515541409
PHL,Philippines,2022,5.82115811213955
PHL,Philippines,2021,3.92718022100332
PHL,Philippines,2020,2.3931623931624
PHL,Philippines,2019,2.39206534422404
PHL,Philippines,2018,5.30934661627707
PHL,Philippines,2017,2.85318772590947
PHL,Philippines,2016,1.25369880080982
PHL,Philippines,2015,0.674192536845408
PHL,Philippines,2014,3.59782343864211
PHL,Philippines,2013,2.58268766141795
PHL,Philippines,2012,3.02696391124796
PHL,Philippines,2011,4.7184170471842
PHL,Philippines,2010,3.78983634797591
PHL,Philippines,2009,4.21903052064628
PHL,Philippines,2008,8.26044703595725
PHL,Philippines,2007,2.90000000000003
PHL,Philippines,2006,5.4852320675105
PHL,Philippines,2005,6.51685393258433
PHL,Philippines,2004,4.82921083627795
PHL,Philippines,2003,2.28915662650607
PHL,Philippines,2002,2.72277227722765
PHL,Philippines,2001,5.34550195567142
PHL,Philippines,2000,3.9771250324928
PHL,Philippines,1999,5.93904901780808
PHL,Philippines,1998,9.23493432267121
PHL,Philippines,1997,5.59025939650601
PHL,Philippines,1996,7.4761037778791
PHL,Philippines,1995,6.83199610989534
PHL,Philippines,1994,10.3864734299517
PHL,Philippines,1993,6.71631104109973
PHL,Philippines,1992,8.65100357865265
PHL,Philippines,1991,19.2614585266282
PHL,Philippines,1990,12.1773522064946
POL,Poland,2023,11.5289127961105
POL,Poland,2022,14.4294507575758
POL,Poland,2021,5.05502704719272
POL,Poland,2020,3.37446972618589
POL,Poland,2019,2.22747880938291
POL,Poland,2018,1.81295156542689
POL,Poland,2017,2.07593553673859
POL,Poland,2016,-0.664767331433962
POL,Poland,2015,-0.874125874125862
POL,Poland,2014,0.0538213132399802
POL,Poland,2013,0.991982606332335
POL,Poland,2012,3.56037151702793
POL,Poland,2011,4.23940149625932
POL,Poland,2010,2.58069370250548
POL,Poland,2009,3.79539242483399
POL,Poland,2008,4.16497193524779
POL,Poland,2007,2.4587431238539
POL,Poland,2006,1.28469394366416
POL,Poland,2005,2.18379872390251
POL,Poland,2004,3.38264681884699
POL,Poland,2003,0.682701375787632
POL,Poland,2002,1.90528215048054
POL,Poland,2001,5.4083354556615
POL,Poland,2000,9.90017538843065
POL,Poland,1999,7.15407291179853
POL,Poland,1998,11.5978554257236
POL,Poland,1997,14.91315861496
POL,Poland,1996,19.7949669196707
POL,Poland,1995,27.951388563304
POL,Poland,1994,32.9912766093523
POL,Poland,1993,36.9641666120718
POL,Poland,1992,46.0985621037431
POL,Poland,1991,76.7694992087347
POL,Poland,1990,567.878800666191
PRT,Portugal,2023,4.31128191898681
PRT,Portugal,2022,7.83269124233323
PRT,Portugal,2021,1.26565719069044
PRT,Portugal,2020,-0.0124383299576209
PRT,Portugal,2019,0.338178410046124
PRT,Portugal,2018,0.993715683468233
PRT,Portugal,2017,1.36861411643482
PRT,Portugal,2016,0.607397074641719
PRT,Portugal,2015,0.48793862390472
PRT,Portugal,2014,-0.278153367467428
PRT,Portugal,2013,0.274416666666663
PRT,Portugal,2012,2.77333854051576
PRT,Portugal,2011,3.6530110043073
PRT,Portugal,2010,1.40257289895372
PRT,Portugal,2009,-0.835530021504157
PRT,Portugal,2008,2.58850657657956
PRT,Portugal,2007,2.45396528138746
PRT,Portugal,2006,3.1076654587105
PRT,Portugal,2005,2.27716394887838
PRT,Portugal,2004,2.365362040973
PRT,Portugal,2003,3.21899090682895
PRT,Portugal,2002,3.60034658290915
PRT,Portugal,2001,4.36990330551792
PRT,Portugal,2000,2.85303039287156
PRT,Portugal,1999,2.34009490312169
PRT,Portugal,1998,2.57275225909131
PRT,Portugal,1997,2.33686298314114
PRT,Portugal,1996,3.06897732509786
PRT,Portugal,1995,4.22281614099488
PRT,Portugal,1994,5.42044019241626
PRT,Portugal,1993,6.78377994665408
PRT,Portugal,1992,9.55926033177516
PRT,Portugal,1991,11.8494841773674
PRT,Portugal,1990,13.6305705693074
QAT,Qatar,2023,3.02764899198902
QAT,Qatar,2022,4.99527553740761
QAT,Qatar,2021,2.30446565742003
QAT,Qatar,2020,-2.5403150300476
QAT,Qatar,2019,-0.666641124861147
QAT,Qatar,2018,0.255815382724408
QAT,Qatar,2017,0.394878914083005
QAT,Qatar,2016,2.6765917009819
QAT,Qatar,2015,1.8140772393776
QAT,Qatar,2014,3.34972085659523
QAT,Qatar,2013,3.22197756829293
QAT,Qatar,2012,2.31534853431661
QAT,Qatar,2011,1.13836623529202
QAT,Qatar,2010,-2.42525675161714
QAT,Qatar,2009,-4.86327801622565
QAT,Qatar,2008,15.0501451570333
QAT,Qatar,2007,13.7581625759964
QAT,Qatar,2006,11.8358096197431
QAT,Qatar,2005,8.81439532334683
QAT,Qatar,2004,6.79933665008279
QAT,Qatar,2003,2.26456504389469
QAT,Qatar,2002,0.239999999999952
QAT,Qatar,2001,1.47133434804683
QAT,Qatar,2000,1.65033522434232
QAT,Qatar,1999,2.18170320404723
QAT,Qatar,1998,2.9513888888889
QAT,Qatar,1997,4.83448981913322
QAT,Qatar,1996,4.90453460620532
QAT,Qatar,1995,2.9565217391303
QAT,Qatar,1994,1.32158590308376
QAT,Qatar,1993,-0.8733624454148
QAT,Qatar,1992,3.06030603060311
QAT,Qatar,1991,4.41729323308255
QAT,Qatar,1990,3.0009680542111
ROU,Romania,2023,10.3971874764996
ROU,Romania,2022,13.7954887432521
ROU,Romania,2021,5.05232876096582
ROU,Romania,2020,2.63107311184743
ROU,Romania,2019,3.82785432599438
ROU,Romania,2018,4.62548443137779
ROU,Romania,2017,1.3390212110439
ROU,Romania,2016,-1.54479666813897
ROU,Romania,2015,-0.594156437495203
ROU,Romania,2014,1.06830987684298
ROU,Romania,2013,3.9847123554813
ROU,Romania,2012,3.33492267693442
ROU,Romania,2011,5.7892532881588
ROU,Romania,2010,6.09141668601891
ROU,Romania,2009,5.58742004264393
ROU,Romania,2008,7.85080255714482
ROU,Romania,2007,4.83732928313989
ROU,Romania,2006,6.55851412276983
ROU,Romania,2005,9.01491283343835
ROU,Romania,2004,11.8743635936399
ROU,Romania,2003,15.2734889936255
ROU,Romania,2002,22.5398862605386
ROU,Romania,2001,34.4770123493527
ROU,Romania,2000,45.6665940440238
ROU,Romania,1999,45.8037811326363
ROU,Romania,1998,59.0965827541167
ROU,Romania,1997,154.763480436309
ROU,Romania,1996,38.8293013382852
ROU,Romania,1995,32.2424847257597
ROU,Romania,1994,136.759392815441
ROU,Romania,1993,255.166861826698
ROU,Romania,1992,211.205587610082
ROU,Romania,1991,230.622494900178
RUS,Russian Federation,2023,5.86571931748967
RUS,Russian Federation,2022,13.7436797398232
RUS,Russian Federation,2021,6.69445891957612
RUS,Russian Federation,2020,3.38219796948068
RUS,Russian Federation,2019,4.47202631837903
RUS,Russian Federation,2018,2.87831382614981
RUS,Russian Federation,2017,3.68333072334495
RUS,Russian Federation,2016,7.04243725413707
RUS,Russian Federation,2015,15.5343959935701
RUS,Russian Federation,2014,7.82016970013845
RUS,Russian Federation,2013,6.75466833903486
RUS,Russian Federation,2012,5.07474300799149
RUS,Russian Federation,2011,8.4404648593257
RUS,Russian Federation,2010,6.84939230255025
RUS,Russian Federation,2009,11.6473295764118
RUS,Russian Federation,2008,14.1107677840442
RUS,Russian Federation,2007,9.00729868861079
RUS,Russian Federation,2006,9.66865454789265
RUS,Russian Federation,2005,12.6853039507349
RUS,Russian Federation,2004,10.8886157326216
RUS,Russian Federation,2003,13.6632930228666
RUS,Russian Federation,2002,15.7887307914463
RUS,Russian Federation,2001,21.4770072117159
RUS,Russian Federation,2000,20.7987606558704
RUS,Russian Federation,1999,85.7464940960636
RUS,Russian Federation,1998,27.6856798076742
RUS,Russian Federation,1997,14.761329268806
RUS,Russian Federation,1996,47.7520122009939
RUS,Russian Federation,1995,197.414268084251
RUS,Russian Federation,1994,307.722635553193
RUS,Russian Federation,1993,874.245720380188
RWA,Rwanda,2023,19.789546746467
RWA,Rwanda,2022,17.6892095588153
RWA,Rwanda,2021,-0.391346748300791
RWA,Rwanda,2020,9.85039902274207
RWA,Rwanda,2019,3.34787655037648
RWA,Rwanda,2018,-0.311210160390699
RWA,Rwanda,2017,8.27953672260832
RWA,Rwanda,2016,7.17434301982009
RWA,Rwanda,2015,2.52850284192421
RWA,Rwanda,2014,2.35449052820358
RWA,Rwanda,2013,5.92426867984854
RWA,Rwanda,2012,10.2710182318876
RWA,Rwanda,2011,3.0801706924026
RWA,Rwanda,2010,-0.246128693436934
RWA,Rwanda,2009,12.9443978401712
RWA,Rwanda,2008,15.4382138709255
RWA,Rwanda,2007,9.08072205873158
RWA,Rwanda,2006,8.88282654777923
RWA,Rwanda,2005,9.01408918092339
RWA,Rwanda,2004,12.2507102894391
RWA,Rwanda,2003,7.44970014007366
RWA,Rwanda,2002,1.99258542453993
RWA,Rwanda,2001,3.34285506749409
RWA,Rwanda,2000,3.89952980284712
RWA,Rwanda,1999,-2.40593209742259
RWA,Rwanda,1998,6.2100670945581
RWA,Rwanda,1997,12.0154225195686
RWA,Rwanda,1996,7.41137173526642
RWA,Rwanda,1993,12.3543887630448
RWA,Rwanda,1992,9.56041187600816
RWA,Rwanda,1991,19.6371658148373
RWA,Rwanda,1990,4.18576372649948
WSM,Samoa,2023,7.92164684826777
WSM,Samoa,2022,10.9618822286844
WSM,Samoa,2021,3.13320473174494
WSM,Samoa,2020,-1.56891247740895
WSM,Samoa,2019,0.982326569888117
WSM,Samoa,2018,4.19745888663752
WSM,Samoa,2017,1.74989677484705
WSM,Samoa,2016,1.30471869303179
WSM,Samoa,2015,0.724470134874729
WSM,Samoa,2014,-0.40681608842489
WSM,Samoa,2013,0.61008572090503
WSM,Samoa,2012,2.0490188352116
WSM,Samoa,2011,5.23541591478434
WSM,Samoa,2010,0.777007268777692
WSM,Samoa,2009,6.32495336235228
WSM,Samoa,2008,11.565906838454
WSM,Samoa,2007,5.57706393219629
WSM,Samoa,2006,3.70008680555553
WSM,Samoa,2005,1.85676392572949
WSM,Samoa,2004,16.3131507905901
WSM,Samoa,2003,0.115830115830107
WSM,Samoa,2002,8.0503144654087
WSM,Samoa,2001,3.83828463867725
WSM,Samoa,2000,0.966782350024729
WSM,Samoa,1999,0.265120132560355
WSM,Samoa,1998,2.21883468834654
WSM,Samoa,1997,6.86182355310877
WSM,Samoa,1996,5.37461972030278
WSM,Samoa,1995,-2.90352865746142
WSM,Samoa,1994,12.0803818909762
WSM,Samoa,1993,1.71509123658868
WSM,Samoa,1992,9.03113792907172
WSM,Samoa,1991,-1.81919798798399
WSM,Samoa,1990,15.2384632724695
SMR,San Marino,2023,5.93190858629403
SMR,San Marino,2022,5.32545321311365
SMR,San Marino,2021,1.61551411551421
SMR,San Marino,2020,-0.133368898372915
SMR,San Marino,2019,0.472651967352852
SMR,San Marino,2018,1.16333522293158
SMR,San Marino,2017,1.01413313194508
SMR,San Marino,2016,0.644075340346552
SMR,San Marino,2015,0.145686073241066
SMR,San Marino,2014,1.11296303373851
SMR,San Marino,2013,1.60439298078082
SMR,San Marino,2012,2.8273322422258
SMR,San Marino,2011,2.89979584300123
SMR,San Marino,2010,2.58541815582587
SMR,San Marino,2009,2.19959237046011
SMR,San Marino,2008,4.29320249287704
SMR,San Marino,2007,2.49894575725803
SMR,San Marino,2006,2.09525935611432
SMR,San Marino,2005,1.68548890528347
SMR,San Marino,2004,1.43083868527343
STP,Sao Tome and Principe,2023,21.2589138473
STP,Sao Tome and Principe,2022,18.0056351122841
STP,Sao Tome and Principe,2021,8.13777038378732
STP,Sao Tome and Principe,2020,9.81932791540146
STP,Sao Tome and Principe,2019,7.72024525213248
STP,Sao Tome and Principe,2018,7.86859628873909
STP,Sao Tome and Principe,2017,5.6902961992902
STP,Sao Tome and Principe,2016,5.43051966119156
STP,Sao Tome and Principe,2015,5.24587835022454
STP,Sao Tome and Principe,2014,6.99849943966421
STP,Sao Tome and Principe,2013,8.10583270875476
STP,Sao Tome and Principe,2012,10.6379353431628
STP,Sao Tome and Principe,2011,14.3271667616801
STP,Sao Tome and Principe,2010,13.34005235378
STP,Sao Tome and Principe,2009,16.9574758025945
STP,Sao Tome and Principe,2008,31.9901039492573
STP,Sao Tome and Principe,2007,18.5485136325779
STP,Sao Tome and Principe,2006,23.0770373451381
STP,Sao Tome and Principe,2005,17.1522049354354
STP,Sao Tome and Principe,2004,13.2858860871796
STP,Sao Tome and Principe,2003,9.79241974934509
STP,Sao Tome and Principe,2002,10.128724672229
STP,Sao Tome and Principe,2001,9.22203707560889
STP,Sao Tome and Principe,2000,12.2089456308977
STP,Sao Tome and Principe,1999,12.7251770130085
STP,Sao Tome and Principe,1998,50.4931357486254
STP,Sao Tome and Principe,1997,35.81717824448
SAU,Saudi Arabia,2023,2.32708518362706
SAU,Saudi Arabia,2022,2.47407371925372
SAU,Saudi Arabia,2021,3.06328988941548
SAU,Saudi Arabia,2020,3.37234961012303
SAU,Saudi Arabia,2019,-1.19298644533328
SAU,Saudi Arabia,2018,2.46594308994843
SAU,Saudi Arabia,2017,-0.834845735027162
SAU,Saudi Arabia,2016,2.05347076823965
SAU,Saudi Arabia,2015,1.22269318552328
SAU,Saudi Arabia,2014,2.24185348779063
SAU,Saudi Arabia,2013,3.51104209799866
SAU,Saudi Arabia,2012,2.86627029905053
SAU,Saudi Arabia,2011,5.8262163739404
SAU,Saudi Arabia,2010,5.33941733020905
SAU,Saudi Arabia,2009,5.0572227614833
SAU,Saudi Arabia,2008,9.87024816760266
SAU,Saudi Arabia,2007,4.16782358431579
SAU,Saudi Arabia,2006,2.20902314069647
SAU,Saudi Arabia,2005,0.479231671630955
SAU,Saudi Arabia,2004,0.5155078977673
SAU,Saudi Arabia,2003,0.612195358172966
SAU,Saudi Arabia,2002,0.247186492339686
SAU,Saudi Arabia,2001,-1.12094804896791
SAU,Saudi Arabia,2000,-1.12499838517645
SAU,Saudi Arabia,1999,-1.33375489653896
SAU,Saudi Arabia,1998,-0.37126675171199
SAU,Saudi Arabia,1997,0.0571506050626489
SAU,Saudi Arabia,1996,1.22206054877756
SAU,Saudi Arabia,1995,4.86843103056033
SAU,Saudi Arabia,1994,0.564325478533149
SAU,Saudi Arabia,1993,1.05579531442695
SAU,Saudi Arabia,1992,-0.0770060064690921
SAU,Saudi Arabia,1991,4.86111111111137
SAU,Saudi Arabia,1990,2.07715133531156
SEN,Senegal,2023,5.93947798773215
SEN,Senegal,2022,9.69681899081073
SEN,Senegal,2021,2.18032278088147
SEN,Senegal,2020,2.54314685681662
SEN,Senegal,2019,1.76011151192939
SEN,Senegal,2018,0.460985642464188
SEN,Senegal,2017,1.31815314847789
SEN,Senegal,2016,0.837284942557434
SEN,Senegal,2015,0.135211933635165
SEN,Senegal,2014,-1.09025507446895
SEN,Senegal,2013,0.710245486695176
SEN,Senegal,2012,1.41822871177854
SEN,Senegal,2011,3.40322829786971
SEN,Senegal,2010,1.22868119673344
SEN,Senegal,2009,-2.2480214785534
SEN,Senegal,2008,7.34720236578406
SEN,Senegal,2007,5.85330428467681
SEN,Senegal,2006,2.11228583877117
SEN,Senegal,2005,1.71133325855502
SEN,Senegal,2004,0.514781781023016
SEN,Senegal,2003,-0.0519970242714495
SEN,Senegal,2002,2.33730187454299
SEN,Senegal,2001,2.97450083919566
SEN,Senegal,2000,0.731981981981597
SEN,Senegal,1999,0.827250608272497
SEN,Senegal,1998,1.15678070391341
SEN,Senegal,1997,1.75316478097236
SEN,Senegal,1996,2.75430663482407
SEN,Senegal,1995,7.8640078457011
SEN,Senegal,1994,32.2936668569552
SEN,Senegal,1993,-0.586434615120184
SEN,Senegal,1992,-0.109942967085665
SEN,Senegal,1991,-1.75355690199309
SEN,Senegal,1990,0.325098630183258
SRB,Serbia,2023,12.3719043552519
SRB,Serbia,2022,11.9815117344703
SRB,Serbia,2021,4.08510285335102
SRB,Serbia,2020,1.57553290083415
SRB,Serbia,2019,1.84922984511086
SRB,Serbia,2018,1.95984076293801
SRB,Serbia,2017,3.13106248590115
SRB,Serbia,2016,1.12231397417769
SRB,Serbia,2015,1.39235822000187
SRB,Serbia,2014,2.08244793880154
SRB,Serbia,2013,7.69426362896655
SRB,Serbia,2012,7.33038589596646
SRB,Serbia,2011,11.1373976342129
SRB,Serbia,2010,6.14255360247248
SRB,Serbia,2009,8.11695092238082
SRB,Serbia,2008,12.410986775178
SRB,Serbia,2007,6.39170644391413
SRB,Serbia,2006,11.7240229980834
SRB,Serbia,2005,16.1199806482826
SRB,Serbia,2004,11.0263627183464
SRB,Serbia,2003,9.87617889729578
SRB,Serbia,2002,19.4908321579689
SRB,Serbia,2001,95.0052258100006
SRB,Serbia,2000,71.1206287946541
SRB,Serbia,1999,42.4539054642972
SRB,Serbia,1998,30.1596997992844
SRB,Serbia,1997,23.307866135801
SRB,Serbia,1996,95.6009261208171
SRB,Serbia,1995,82.6605151864663
SYC,Seychelles,2023,-1.03530088431952
SYC,Seychelles,2022,2.6260363285129
SYC,Seychelles,2021,9.76909936973542
SYC,Seychelles,2020,1.20266463987123
SYC,Seychelles,2019,1.80709400809982
SYC,Seychelles,2018,3.70291839111568
SYC,Seychelles,2017,2.85679575568437
SYC,Seychelles,2016,-1.01548191697626
SYC,Seychelles,2015,4.04194410725617
SYC,Seychelles,2014,1.38583454581263
SYC,Seychelles,2013,4.33893848329099
SYC,Seychelles,2012,7.11037062326403
SYC,Seychelles,2011,2.55926772230953
SYC,Seychelles,2010,-2.40463875108227
SYC,Seychelles,2009,31.7544407744178
SYC,Seychelles,2008,36.9647582875289
SYC,Seychelles,2007,5.32060027285142
SYC,Seychelles,2006,-0.353465498693756
SYC,Seychelles,2005,0.907187718073944
SYC,Seychelles,2004,3.85730391367399
SYC,Seychelles,2003,3.30255386407089
SYC,Seychelles,2002,0.174999999999924
SYC,Seychelles,2001,5.96962204168156
SYC,Seychelles,2000,6.26876876876878
SYC,Seychelles,1999,6.34730538922156
SYC,Seychelles,1998,2.57985257985242
SYC,Seychelles,1997,0.618046971569891
SYC,Seychelles,1996,-1.10024449877743
SYC,Seychelles,1995,-0.243902439024459
SYC,Seychelles,1994,1.73697270471464
SYC,Seychelles,1993,1.38364779874215
SYC,Seychelles,1992,3.24675324675323
SYC,Seychelles,1991,1.98675496688734
SYC,Seychelles,1990,3.88888888888912
SLE,Sierra Leone,2023,47.6428733253179
SLE,Sierra Leone,2022,27.2082883814653
SLE,Sierra Leone,2021,11.8739588840234
SLE,Sierra Leone,2020,13.4468711101052
SLE,Sierra Leone,2019,14.8049990906021
SLE,Sierra Leone,2018,16.0295447693699
SLE,Sierra Leone,2017,18.2215094003386
SLE,Sierra Leone,2016,10.8860609413903
SLE,Sierra Leone,2015,6.68943562498681
SLE,Sierra Leone,2014,4.63931171409667
SLE,Sierra Leone,2013,5.52412877994266
SLE,Sierra Leone,2012,6.58776239392585
SLE,Sierra Leone,2011,6.79138291952621
SLE,Sierra Leone,2010,7.18566275668163
SLE,Sierra Leone,2009,7.46901898540982
SLE,Sierra Leone,2008,8.21112432289608
SLE,Sierra Leone,2007,11.6499744518106
SGP,Singapore,2023,4.83372362825798
SGP,Singapore,2022,6.13095418919732
SGP,Singapore,2021,2.31610315765146
SGP,Singapore,2020,-0.172111865925382
SGP,Singapore,2019,0.567829988405447
SGP,Singapore,2018,0.438784215129623
SGP,Singapore,2017,0.576763191179996
SGP,Singapore,2016,-0.529809760375464
SGP,Singapore,2015,-0.521975611895763
SGP,Singapore,2014,1.03316955857629
SGP,Singapore,2013,2.36439793742726
SGP,Singapore,2012,4.58084479423094
SGP,Singapore,2011,5.25115624639373
SGP,Singapore,2010,2.82884527612958
SGP,Singapore,2009,0.589142019610516
SGP,Singapore,2008,6.63544058395309
SGP,Singapore,2007,2.10980166714574
SGP,Singapore,2006,0.965657519018511
SGP,Singapore,2005,0.425106276569107
SGP,Singapore,2004,1.66272719863072
SGP,Singapore,2003,0.507905300237551
SGP,Singapore,2002,-0.391676866585049
SGP,Singapore,2001,0.997197956155943
SGP,Singapore,2000,1.36162392448456
SGP,Singapore,1999,0.0167098337370727
SGP,Singapore,1998,-0.267502292876153
SGP,Singapore,1997,2.00358618538962
SGP,Singapore,1996,1.38318052481876
SGP,Singapore,1995,1.72053384788524
SGP,Singapore,1994,3.10013262599502
SGP,Singapore,1993,2.28929964388641
SGP,Singapore,1992,2.26307118702851
SGP,Singapore,1991,3.42570173078643
SGP,Singapore,1990,3.46075338652824
SXM,Sint Maarten (Dutch part),2017,2.19201010962985
SXM,Sint Maarten (Dutch part),2016,0.111682655737579
SXM,Sint Maarten (Dutch part),2015,0.330027165141066
SXM,Sint Maarten (Dutch part),2014,1.88675466275266
SXM,Sint Maarten (Dutch part),2013,2.5286478853837
SXM,Sint Maarten (Dutch part),2012,4.01518421081576
SXM,Sint Maarten (Dutch part),2011,4.58475435650401
SXM,Sint Maarten (Dutch part),2010,1.33857621672882
SXM,Sint Maarten (Dutch part),2009,5.95763688760801
SXM,Sint Maarten (Dutch part),2008,-0.417929020080758
SXM,Sint Maarten (Dutch part),2007,4.43245754245754
SXM,Sint Maarten (Dutch part),2006,0.300601202404805
SVK,Slovak Republic,2023,10.5319476645211
SVK,Slovak Republic,2022,12.7741463637611
SVK,Slovak Republic,2021,3.1496062992126
SVK,Slovak Republic,2020,1.93694126694223
SVK,Slovak Republic,2019,2.6645613342544
SVK,Slovak Republic,2018,2.51403712883803
SVK,Slovak Republic,2017,1.31194588223247
SVK,Slovak Republic,2016,-0.520010196278358
SVK,Slovak Republic,2015,-0.325219777427765
SVK,Slovak Republic,2014,-0.0761653295419871
SVK,Slovak Republic,2013,1.40047368963025
SVK,Slovak Republic,2012,3.6061026352289
SVK,Slovak Republic,2011,3.91928599146291
SVK,Slovak Republic,2010,0.957018132975174
SVK,Slovak Republic,2009,1.61510464058236
SVK,Slovak Republic,2008,4.59817976325028
SVK,Slovak Republic,2007,2.75672371638135
SVK,Slovak Republic,2006,4.48333120449615
SVK,Slovak Republic,2005,2.70908494588383
SVK,Slovak Republic,2004,7.54850088183423
SVK,Slovak Republic,2003,8.55414305406653
SVK,Slovak Republic,2002,3.12714222984609
SVK,Slovak Republic,2001,7.32962019115532
SVK,Slovak Republic,2000,12.0357805974299
SVK,Slovak Republic,1999,10.5704416075224
SVK,Slovak Republic,1998,6.66565123195822
SVK,Slovak Republic,1997,6.14198999595657
SVK,Slovak Republic,1996,5.7758278615594
SVK,Slovak Republic,1995,9.84109579837761
SVK,Slovak Republic,1994,13.4155203422246
SVK,Slovak Republic,1993,23.287027664545
SVK,Slovak Republic,1992,9.89350519771172
SVN,Slovenia,2023,7.44687717385846
SVN,Slovenia,2022,8.83369886749452
SVN,Slovenia,2021,1.91706506089269
SVN,Slovenia,2020,-0.05485681576061
SVN,Slovenia,2019,1.63052260754335
SVN,Slovenia,2018,1.7386086198818
SVN,Slovenia,2017,1.42910743319306
SVN,Slovenia,2016,-0.0549995416705683
SVN,Slovenia,2015,-0.525552285820783
SVN,Slovenia,2014,0.199343826570844
SVN,Slovenia,2013,1.76920085881897
SVN,Slovenia,2012,2.59741386039003
SVN,Slovenia,2011,1.8028517194191
SVN,Slovenia,2010,1.80117022137138
SVN,Slovenia,2009,0.839262246793805
SVN,Slovenia,2008,5.64742380573939
SVN,Slovenia,2007,3.657495632841
SVN,Slovenia,2006,2.45792444195863
SVN,Slovenia,2005,2.45150132316477
SVN,Slovenia,2004,3.5929759424951
SVN,Slovenia,2003,5.54416421752897
SVN,Slovenia,2002,7.48077770703761
SVN,Slovenia,2001,8.37966587492208
SVN,Slovenia,2000,8.91174418658757
SVN,Slovenia,1999,6.1555875445156
SVN,Slovenia,1998,7.89116682856682
SVN,Slovenia,1997,8.35967990704302
SVN,Slovenia,1996,9.86445061546854
SVN,Slovenia,1995,13.4637296178669
SVN,Slovenia,1994,20.9918180471498
SVN,Slovenia,1993,31.7621306305932
SVN,Slovenia,1992,209.933731186822
SVN,Slovenia,1991,114.832935589747
SVN,Slovenia,1990,552.083528914324
SLB,Solomon Islands,2023,5.88585897042164
SLB,Solomon Islands,2022,5.51812928576938
SLB,Solomon Islands,2021,-0.115437894412839
SLB,Solomon Islands,2020,2.96354992076065
SLB,Solomon Islands,2019,1.63485544012247
SLB,Solomon Islands,2018,3.46147484973729
SLB,Solomon Islands,2017,0.488686760261083
SLB,Solomon Islands,2016,0.512485626268792
SLB,Solomon Islands,2015,-0.57446928635949
SLB,Solomon Islands,2014,5.16590237925171
SLB,Solomon Islands,2013,5.3913638858756
SLB,Solomon Islands,2012,5.91200602491155
SLB,Solomon Islands,2011,7.34270706018
SLB,Solomon Islands,2010,1.05148163321038
SLB,Solomon Islands,2009,7.09271716876286
SLB,Solomon Islands,2008,17.3200651968774
SLB,Solomon Islands,2007,7.66602013484806
SLB,Solomon Islands,2006,11.2199870214146
SLB,Solomon Islands,2005,7.33066341633299
SLB,Solomon Islands,2004,6.98584202682567
SLB,Solomon Islands,2003,8.26946349334406
SLB,Solomon Islands,2002,10.9296341872692
SLB,Solomon Islands,2001,6.92583732057426
SLB,Solomon Islands,2000,7.88956186986721
SLB,Solomon Islands,1999,8.02036839296841
SLB,Solomon Islands,1998,12.3995038128069
SLB,Solomon Islands,1997,8.08400135486043
SLB,Solomon Islands,1996,11.7743563856637
SLB,Solomon Islands,1995,9.62921970116226
SLB,Solomon Islands,1994,13.2560325916638
SLB,Solomon Islands,1993,9.16866233321985
SLB,Solomon Islands,1992,10.7511603675285
SLB,Solomon Islands,1991,15.050130775937
SLB,Solomon Islands,1990,8.73759261848181
ZAF,South Africa,2023,6.0752438457966
ZAF,South Africa,2022,7.03987272546482
ZAF,South Africa,2021,4.61874544887136
ZAF,South Africa,2020,3.23238831615113
ZAF,South Africa,2019,4.10285075461156
ZAF,South Africa,2018,4.50987264867388
ZAF,South Africa,2017,5.18618655524149
ZAF,South Africa,2016,6.60290842394872
ZAF,South Africa,2015,4.51869094892506
ZAF,South Africa,2014,6.13282953059149
ZAF,South Africa,2013,5.78016910069176
ZAF,South Africa,2012,5.73797139141739
ZAF,South Africa,2011,5.0008533879502
ZAF,South Africa,2010,4.06749555950263
ZAF,South Africa,2009,7.23809523809527
ZAF,South Africa,2008,9.90998456005467
ZAF,South Africa,2007,6.17781214809388
ZAF,South Africa,2006,3.2439076541923
ZAF,South Africa,2005,2.06285308223427
ZAF,South Africa,2004,-0.692039437857687
ZAF,South Africa,2003,5.67942414068799
ZAF,South Africa,2002,9.494713780996
ZAF,South Africa,2001,5.70189483049608
ZAF,South Africa,2000,5.33895913599828
ZAF,South Africa,1999,5.18148905111697
ZAF,South Africa,1998,6.88054521037351
ZAF,South Africa,1997,8.59777611252274
ZAF,South Africa,1996,7.35411972085333
ZAF,South Africa,1995,8.68042421392631
ZAF,South Africa,1994,8.938563723594
ZAF,South Africa,1993,9.71742729803028
ZAF,South Africa,1992,13.874703748615
ZAF,South Africa,1991,15.3347785733672
ZAF,South Africa,1990,14.3209918914915
SSD,South Sudan,2023,2.38280434813754
SSD,South Sudan,2022,-6.68732094212668
SSD,South Sudan,2021,10.5167158294358
SSD,South Sudan,2020,29.6758435538572
SSD,South Sudan,2019,87.2413641500032
SSD,South Sudan,2018,83.5015294922
SSD,South Sudan,2017,187.851630279442
SSD,South Sudan,2016,379.999585624026
SSD,South Sudan,2015,52.7663304192143
SSD,South Sudan,2014,1.6742990629552
SSD,South Sudan,2013,-0.0580909784225664
SSD,South Sudan,2012,45.5258978371706
SSD,South Sudan,2011,46.8521757193597
SSD,South Sudan,2010,1.16962180301108
SSD,South Sudan,2009,5.00627361534047
ESP,Spain,2023,3.53236133492433
ESP,Spain,2022,8.39057634118637
ESP,Spain,2021,3.09313511976402
ESP,Spain,2020,-0.322753017299649
ESP,Spain,2019,0.699518994458648
ESP,Spain,2018,1.67498136863799
ESP,Spain,2017,1.95607633363954
ESP,Spain,2016,-0.202598000426358
ESP,Spain,2015,-0.500365709903243
ESP,Spain,2014,-0.151114837527235
ESP,Spain,2013,1.40858109183009
ESP,Spain,2012,2.44612782366809
ESP,Spain,2011,3.19610188833792
ESP,Spain,2010,1.79986457728769
ESP,Spain,2009,-0.287813083535241
ESP,Spain,2008,4.0753433595734
ESP,Spain,2007,2.7867974580495
ESP,Spain,2006,3.51557576832123
ESP,Spain,2005,3.36881409750383
ESP,Spain,2004,3.03924881090924
ESP,Spain,2003,3.03888839396661
ESP,Spain,2002,3.06565685902211
ESP,Spain,2001,3.58983413338117
ESP,Spain,2000,3.43351563418764
ESP,Spain,1999,2.31034813987063
ESP,Spain,1998,1.83432999908414
ESP,Spain,1997,1.97107395582926
ESP,Spain,1996,3.55884559338561
ESP,Spain,1995,4.67380337624701
ESP,Spain,1994,4.71841373967333
ESP,Spain,1993,4.56907173681805
ESP,Spain,1992,5.92453126228488
ESP,Spain,1991,5.9342134433593
ESP,Spain,1990,6.72181952228664
LKA,Sri Lanka,2023,16.5411742279832
LKA,Sri Lanka,2022,49.7211021114327
LKA,Sri Lanka,2021,7.01478071238195
LKA,Sri Lanka,2020,6.15394508391738
LKA,Sri Lanka,2019,3.52839358231811
LKA,Sri Lanka,2018,2.135037737132
LKA,Sri Lanka,2017,7.70413767850602
LKA,Sri Lanka,2016,3.9588884659307
LKA,Sri Lanka,2015,3.76836783062096
LKA,Sri Lanka,2014,3.1790022823606
LKA,Sri Lanka,2013,6.90845034828452
LKA,Sri Lanka,2012,7.54291373239437
LKA,Sri Lanka,2011,6.7167684358854
LKA,Sri Lanka,2010,6.2176488930462
LKA,Sri Lanka,2009,3.46496322106074
LKA,Sri Lanka,2008,22.5644955300126
LKA,Sri Lanka,2007,15.8421114924843
LKA,Sri Lanka,2006,10.0201836057035
LKA,Sri Lanka,2005,11.6396860971118
LKA,Sri Lanka,2004,7.57592582995856
LKA,Sri Lanka,2003,6.31463787051174
LKA,Sri Lanka,2002,9.55103167007251
LKA,Sri Lanka,2001,14.15845579912
LKA,Sri Lanka,2000,6.17627591012045
LKA,Sri Lanka,1999,4.69170563048438
LKA,Sri Lanka,1998,9.36424300683229
LKA,Sri Lanka,1997,9.57369626405162
LKA,Sri Lanka,1996,15.9358310447214
LKA,Sri Lanka,1995,7.67484873449805
LKA,Sri Lanka,1994,8.44871248698348
LKA,Sri Lanka,1993,11.7467370174946
LKA,Sri Lanka,1992,11.3834370512206
LKA,Sri Lanka,1991,12.1856307214389
LKA,Sri Lanka,1990,21.495252052759
KNA,St. Kitts and Nevis,2023,3.55711230848243
KNA,St. Kitts and Nevis,2022,2.66817533111249
KNA,St. Kitts and Nevis,2021,1.195688870384
KNA,St. Kitts and Nevis,2020,-1.16724501769353
KNA,St. Kitts and Nevis,2019,-0.329562063663977
KNA,St. Kitts and Nevis,2018,-1.03712214131572
KNA,St. Kitts and Nevis,2017,0.694916711613604
KNA,St. Kitts and Nevis,2016,-0.687037123294039
KNA,St. Kitts and Nevis,2015,-2.30187563045616
KNA,St. Kitts and Nevis,2014,0.247865392364942
KNA,St. Kitts and Nevis,2013,1.10698554000129
KNA,St. Kitts and Nevis,2012,0.816089281562459
KNA,St. Kitts and Nevis,2011,5.8351651957086
KNA,St. Kitts and Nevis,2010,0.850878649795844
KNA,St. Kitts and Nevis,2009,2.05793709041836
KNA,St. Kitts and Nevis,2008,5.30029675072584
KNA,St. Kitts and Nevis,2007,4.48088608614726
KNA,St. Kitts and Nevis,2006,8.48748575845879
KNA,St. Kitts and Nevis,2005,3.37781903988238
KNA,St. Kitts and Nevis,2004,2.31455462238093
KNA,St. Kitts and Nevis,2003,2.23543664374553
KNA,St. Kitts and Nevis,2002,2.04109102620208
KNA,St. Kitts and Nevis,2001,2.30344748349255
KNA,St. Kitts and Nevis,2000,2.14885532743696
KNA,St. Kitts and Nevis,1999,3.36303630363045
KNA,St. Kitts and Nevis,1998,3.44635865955273
KNA,St. Kitts and Nevis,1997,8.90518339116016
KNA,St. Kitts and Nevis,1996,2.08657385169121
KNA,St. Kitts and Nevis,1995,2.9568002509262
KNA,St. Kitts and Nevis,1994,1.44226958804943
KNA,St. Kitts and Nevis,1993,1.79486146433782
KNA,St. Kitts and Nevis,1992,2.85844672514458
KNA,St. Kitts and Nevis,1991,4.3237394435542
KNA,St. Kitts and Nevis,1990,4.01098407755617
LCA,St. Lucia,2023,3.81914546156358
LCA,St. Lucia,2022,9.65268564265764
LCA,St. Lucia,2021,2.41070312174393
LCA,St. Lucia,2020,-1.75580833517594
LCA,St. Lucia,2019,0.539087559191757
LCA,St. Lucia,2018,1.93561893150602
LCA,St. Lucia,2017,0.104262078958441
LCA,St. Lucia,2016,-3.07821765676927
LCA,St. Lucia,2015,-0.983600952696996
LCA,St. Lucia,2014,3.51695551369241
LCA,St. Lucia,2013,1.46856511035428
LCA,St. Lucia,2012,4.17763587102515
LCA,St. Lucia,2011,2.76940794144093
LCA,St. Lucia,2010,3.25034409180129
LCA,St. Lucia,2009,-0.156936087168669
LCA,St. Lucia,2008,5.54954769383937
LCA,St. Lucia,2007,2.82310373736929
LCA,St. Lucia,2006,2.39562082529168
LCA,St. Lucia,2005,3.89827370759476
LCA,St. Lucia,2004,1.46036814425245
LCA,St. Lucia,2003,1.03425372426221
LCA,St. Lucia,2002,-0.255536626916508
LCA,St. Lucia,2001,5.30722081028547
LCA,St. Lucia,2000,3.7107860871361
LCA,St. Lucia,1999,3.50379784108942
LCA,St. Lucia,1998,3.20194341679091
LCA,St. Lucia,1997,-0.0055202870547238
LCA,St. Lucia,1996,0.924842609615973
LCA,St. Lucia,1995,5.62965921512378
LCA,St. Lucia,1994,2.81591665153968
LCA,St. Lucia,1993,0.848181596289603
LCA,St. Lucia,1992,5.13889779944828
LCA,St. Lucia,1991,6.14955053119049
LCA,St. Lucia,1990,4.26755662855972
VCT,St. Vincent and the Grenadines,2023,4.56457719814894
VCT,St. Vincent and the Grenadines,2022,5.66009779226552
VCT,St. Vincent and the Grenadines,2021,1.57272932500558
VCT,St. Vincent and the Grenadines,2020,-0.628131309354654
VCT,St. Vincent and the Grenadines,2019,0.91306972532459
VCT,St. Vincent and the Grenadines,2018,2.32414485367921
VCT,St. Vincent and the Grenadines,2017,2.15333648840511
VCT,St. Vincent and the Grenadines,2016,-0.149641647633284
VCT,St. Vincent and the Grenadines,2015,-1.73361194953959
VCT,St. Vincent and the Grenadines,2014,0.193858560794015
VCT,St. Vincent and the Grenadines,2013,0.805127804267928
VCT,St. Vincent and the Grenadines,2012,2.59844414147101
VCT,St. Vincent and the Grenadines,2011,3.1860311155246
VCT,St. Vincent and the Grenadines,2010,0.747109026311474
VCT,St. Vincent and the Grenadines,2009,0.421539125687215
VCT,St. Vincent and the Grenadines,2008,10.0662418245849
VCT,St. Vincent and the Grenadines,2007,7.23614701584807
VCT,St. Vincent and the Grenadines,2006,2.74067516070673
VCT,St. Vincent and the Grenadines,2005,3.7334291646702
VCT,St. Vincent and the Grenadines,2004,2.96003946719286
VCT,St. Vincent and the Grenadines,2003,0.205981708824254
VCT,St. Vincent and the Grenadines,2002,1.85550399046655
VCT,St. Vincent and the Grenadines,2001,0.9008584858665
VCT,St. Vincent and the Grenadines,2000,0.167679637488279
VCT,St. Vincent and the Grenadines,1999,1.01355044438875
VCT,St. Vincent and the Grenadines,1998,2.1424064726839
VCT,St. Vincent and the Grenadines,1997,0.443616029823348
VCT,St. Vincent and the Grenadines,1996,4.40790113846454
VCT,St. Vincent and the Grenadines,1995,1.73837289880567
VCT,St. Vincent and the Grenadines,1994,1.0089495525225
VCT,St. Vincent and the Grenadines,1993,4.29137553446651
VCT,St. Vincent and the Grenadines,1992,3.46353042727654
VCT,St. Vincent and the Grenadines,1991,5.49200387001333
VCT,St. Vincent and the Grenadines,1990,7.60609957743892
SDN,Sudan,2022,138.80846024176
SDN,Sudan,2021,359.093040778999
SDN,Sudan,2020,163.257782355458
SDN,Sudan,2019,50.9940515002965
SDN,Sudan,2018,63.2925073455888
SDN,Sudan,2017,32.3516260968437
SDN,Sudan,2016,17.750253831196
SDN,Sudan,2015,16.9095706050977
SDN,Sudan,2014,36.9066427863595
SDN,Sudan,2013,36.5223449139154
SDN,Sudan,2012,35.5590574147024
SDN,Sudan,2011,18.0966171221351
SDN,Sudan,2010,12.9776663898014
SDN,Sudan,2009,11.256758706301
SDN,Sudan,2008,14.2971224481434
SDN,Sudan,2007,14.7542770780084
SDN,Sudan,2006,7.19912990114709
SDN,Sudan,2005,8.50585075933117
SDN,Sudan,2004,9.65754628605945
SDN,Sudan,2003,6.48943208673338
SDN,Sudan,2002,22.2247241495905
SDN,Sudan,2001,1.93529572095333
SDN,Sudan,2000,7.12125897172291
SDN,Sudan,1999,17.1664454201761
SDN,Sudan,1998,24.6218785461586
SDN,Sudan,1997,47.1685369647197
SDN,Sudan,1996,132.823777374139
SDN,Sudan,1995,68.3751929485422
SDN,Sudan,1994,115.398144292738
SDN,Sudan,1993,101.380423763812
SDN,Sudan,1992,117.624468896394
SDN,Sudan,1991,123.578126902936
SDN,Sudan,1990,65.1580979966203
SUR,Suriname,2023,51.5873159600861
SUR,Suriname,2022,52.446027276241
SUR,Suriname,2021,59.1196626251977
SUR,Suriname,2020,34.889784309078
SUR,Suriname,2017,21.9969430173304
SUR,Suriname,2016,55.4123879763196
SUR,Suriname,2015,6.89390359168238
SUR,Suriname,2014,3.38341272749477
SUR,Suriname,2013,1.92343604108305
SUR,Suriname,2012,5.00686319367273
SUR,Suriname,2011,17.7117796414558
SUR,Suriname,2010,6.94108221639996
SUR,Suriname,2009,-0.133636646714877
SUR,Suriname,2008,14.6671427437912
SUR,Suriname,2007,6.42627934470524
SUR,Suriname,2006,11.2813043273975
SUR,Suriname,2005,9.89800489561465
SUR,Suriname,2004,9.98632511974878
SUR,Suriname,2003,23.0022321778219
SUR,Suriname,2002,15.5273989185702
SUR,Suriname,2001,38.5862878872611
SUR,Suriname,2000,59.401686545079
SUR,Suriname,1999,98.7730914112164
SUR,Suriname,1998,18.9753691994478
SUR,Suriname,1997,7.14511160883929
SUR,Suriname,1996,-0.701887251452818
SUR,Suriname,1995,235.558815073605
SUR,Suriname,1994,368.478068706267
SUR,Suriname,1993,143.51155848349
SUR,Suriname,1992,43.6661783854171
SUR,Suriname,1991,25.9674625060223
SUR,Suriname,1990,21.7399443397526
SWE,Sweden,2023,8.5486248974891
SWE,Sweden,2022,8.36929098869189
SWE,Sweden,2021,2.16319736447143
SWE,Sweden,2020,0.497367318853572
SWE,Sweden,2019,1.78415097403835
SWE,Sweden,2018,1.95353530127028
SWE,Sweden,2017,1.79449904665599
SWE,Sweden,2016,0.984269244577992
SWE,Sweden,2015,-0.0467847449832812
SWE,Sweden,2014,-0.179638494114635
SWE,Sweden,2013,-0.044292970148682
SWE,Sweden,2012,0.888377506923735
SWE,Sweden,2011,2.9611507382214
SWE,Sweden,2010,1.15798802715626
SWE,Sweden,2009,-0.494460544378051
SWE,Sweden,2008,3.43704910602875
SWE,Sweden,2007,2.21216883436733
SWE,Sweden,2006,1.36021468627693
SWE,Sweden,2005,0.453170852576138
SWE,Sweden,2004,0.373659828721824
SWE,Sweden,2003,1.92565534892383
SWE,Sweden,2002,2.15848213589266
SWE,Sweden,2001,2.40595834145436
SWE,Sweden,2000,0.899143734041715
SWE,Sweden,1999,0.462175756339138
SWE,Sweden,1998,-0.267132668354971
SWE,Sweden,1997,0.658410256243526
SWE,Sweden,1996,0.533131978766238
SWE,Sweden,1995,2.455148578184
SWE,Sweden,1994,2.15813800724629
SWE,Sweden,1993,4.72817304626049
SWE,Sweden,1992,2.37436725111881
SWE,Sweden,1991,9.44462732944189
SWE,Sweden,1990,10.3665533879493
CHE,Switzerland,2023,2.13540088016387
CHE,Switzerland,2022,2.83502798644451
CHE,Switzerland,2021,0.581814168489856
CHE,Switzerland,2020,-0.725874933313403
CHE,Switzerland,2019,0.362886179940674
CHE,Switzerland,2018,0.936335464113572
CHE,Switzerland,2017,0.533787839825876
CHE,Switzerland,2016,-0.434618664285815
CHE,Switzerland,2015,-1.14390867228178
CHE,Switzerland,2014,-0.0132025387515946
CHE,Switzerland,2013,-0.217323155115673
CHE,Switzerland,2012,-0.692552018105163
CHE,Switzerland,2011,0.2313492076509
CHE,Switzerland,2010,0.688238707219975
CHE,Switzerland,2009,-0.480481936423305
CHE,Switzerland,2008,2.42604117060157
CHE,Switzerland,2007,0.732350603122236
CHE,Switzerland,2006,1.05950928324805
CHE,Switzerland,2005,1.17195420333703
CHE,Switzerland,2004,0.802908730955226
CHE,Switzerland,2003,0.63827293088719
CHE,Switzerland,2002,0.642711506543278
CHE,Switzerland,2001,0.989020329832545
CHE,Switzerland,2000,1.55852919679008
CHE,Switzerland,1999,0.806444380959459
CHE,Switzerland,1998,0.0179384378439321
CHE,Switzerland,1997,0.52022542273664
CHE,Switzerland,1996,0.811634064628187
CHE,Switzerland,1995,1.7998277686715
CHE,Switzerland,1994,0.852116995120664
CHE,Switzerland,1993,3.29262180313607
CHE,Switzerland,1992,4.0370302077874
CHE,Switzerland,1991,5.85959663468677
CHE,Switzerland,1990,5.40395909218937
SYR,Syrian Arab Republic,2019,13.4175653228571
SYR,Syrian Arab Republic,2018,0.940983843906769
SYR,Syrian Arab Republic,2017,18.0752696281771
SYR,Syrian Arab Republic,2016,47.7051615298923
SYR,Syrian Arab Republic,2015,38.4611429599733
SYR,Syrian Arab Republic,2014,10.9271141804297
SYR,Syrian Arab Republic,2013,40.0318378290723
SYR,Syrian Arab Republic,2012,36.7022953364139
SYR,Syrian Arab Republic,2011,4.7531638888563
SYR,Syrian Arab Republic,2010,4.3974138315007
SYR,Syrian Arab Republic,2009,2.92089711805367
SYR,Syrian Arab Republic,2008,15.7453252219709
SYR,Syrian Arab Republic,2007,3.90770950443607
SYR,Syrian Arab Republic,2006,10.0241105377571
SYR,Syrian Arab Republic,2005,7.24034939348535
SYR,Syrian Arab Republic,2004,4.43314136719839
SYR,Syrian Arab Republic,2003,5.79682944905841
SYR,Syrian Arab Republic,2002,-0.130505282417402
SYR,Syrian Arab Republic,2001,2.99999999999995
SYR,Syrian Arab Republic,2000,-3.84615384615379
SYR,Syrian Arab Republic,1999,-3.70370370370365
SYR,Syrian Arab Republic,1998,-0.797165633303916
SYR,Syrian Arab Republic,1997,1.88611136179086
SYR,Syrian Arab Republic,1996,8.2498900991551
SYR,Syrian Arab Republic,1995,7.97995780590686
SYR,Syrian Arab Republic,1994,15.3284671532846
SYR,Syrian Arab Republic,1993,13.2231404958679
SYR,Syrian Arab Republic,1992,11.0091743119265
SYR,Syrian Arab Republic,1991,9.00000000000003
SYR,Syrian Arab Republic,1990,19.3968672229543
TJK,Tajikistan,2016,6.00458082322139
TJK,Tajikistan,2015,5.7145594964971
TJK,Tajikistan,2014,6.10442765129667
TJK,Tajikistan,2013,5.00964645344951
TJK,Tajikistan,2012,5.83116601031462
TJK,Tajikistan,2011,12.4315490430406
TJK,Tajikistan,2010,6.44531440780658
TJK,Tajikistan,2009,6.44823481066697
TJK,Tajikistan,2008,20.4705219109964
TJK,Tajikistan,2007,13.1491247062982
TJK,Tajikistan,2006,10.0108651886461
TJK,Tajikistan,2005,7.09193244083773
TJK,Tajikistan,2004,7.14196508692253
TJK,Tajikistan,2003,16.3034912049491
TJK,Tajikistan,2002,12.2499847845885
TJK,Tajikistan,2001,38.59188944886
TZA,Tanzania,2023,3.79923291384916
TZA,Tanzania,2022,4.35027204269101
TZA,Tanzania,2021,3.69091958802199
TZA,Tanzania,2020,3.29029062798325
TZA,Tanzania,2019,3.46428057999021
TZA,Tanzania,2018,3.49445848856181
TZA,Tanzania,2017,5.31871605228931
TZA,Tanzania,2016,5.17476629301493
TZA,Tanzania,2015,5.58816952959298
TZA,Tanzania,2014,6.13161432988012
TZA,Tanzania,2013,7.87072364573959
TZA,Tanzania,2012,16.0010938506338
TZA,Tanzania,2011,12.6909694699162
TZA,Tanzania,2010,6.20015595647403
TZA,Tanzania,2009,12.1422278742988
TZA,Tanzania,2008,10.2783937621135
TZA,Tanzania,2007,7.02551436974771
TZA,Tanzania,2006,7.25097262082546
TZA,Tanzania,2005,5.03457009267163
TZA,Tanzania,2004,4.73580143949058
TZA,Tanzania,2003,5.30356621509782
TZA,Tanzania,2002,5.31783366118203
TZA,Tanzania,2001,5.14746800222618
TZA,Tanzania,2000,5.92396109637479
TZA,Tanzania,1999,7.89043336058877
TZA,Tanzania,1998,12.7997540479609
TZA,Tanzania,1997,16.0906549283201
TZA,Tanzania,1996,20.9772596430629
TZA,Tanzania,1995,27.4277854195323
TZA,Tanzania,1994,34.0833640722984
TZA,Tanzania,1993,25.277264325323
TZA,Tanzania,1992,21.8468468468473
TZA,Tanzania,1991,28.695652173913
TZA,Tanzania,1990,35.8267716535433
THA,Thailand,2023,1.22908986612448
THA,Thailand,2022,6.07589952842433
THA,Thailand,2021,1.23104516549814
THA,Thailand,2020,-0.846087518861799
THA,Thailand,2019,0.705524801910317
THA,Thailand,2018,1.06683487370758
THA,Thailand,2017,0.664415139830893
THA,Thailand,2016,0.186235191075453
THA,Thailand,2015,-0.898143410569433
THA,Thailand,2014,1.89455652481545
THA,Thailand,2013,2.18617704418967
THA,Thailand,2012,3.00948610403357
THA,Thailand,2011,3.81191694558332
THA,Thailand,2010,3.24758842443725
THA,Thailand,2009,-0.845716092316721
THA,Thailand,2008,5.46848949649846
THA,Thailand,2007,2.24154095286802
THA,Thailand,2006,4.63747436011764
THA,Thailand,2005,4.54036919634536
THA,Thailand,2004,2.75914926231082
THA,Thailand,2003,1.80434994635718
THA,Thailand,2002,0.697308976625449
THA,Thailand,2001,1.62690887314091
THA,Thailand,2000,1.59196917460972
THA,Thailand,1999,0.284726459223048
THA,Thailand,1998,7.99472875027457
THA,Thailand,1997,5.62579747129106
THA,Thailand,1996,5.80510554737349
THA,Thailand,1995,5.81818181818192
THA,Thailand,1994,5.04774897680755
THA,Thailand,1993,3.31219168428468
THA,Thailand,1992,4.13914575077053
THA,Thailand,1991,5.70985259891396
THA,Thailand,1990,5.8639947437583
TLS,Timor-Leste,2023,8.42035103310377
TLS,Timor-Leste,2022,7.00530945399787
TLS,Timor-Leste,2021,3.69792094666786
TLS,Timor-Leste,2020,0.495499215459571
TLS,Timor-Leste,2019,0.958812739703141
TLS,Timor-Leste,2018,2.63647201015892
TLS,Timor-Leste,2017,0.557215537430361
TLS,Timor-Leste,2016,-1.33853876185163
TLS,Timor-Leste,2015,0.552796026277853
TLS,Timor-Leste,2014,0.726275016139465
TLS,Timor-Leste,2013,11.0849085109954
TLS,Timor-Leste,2012,11.8003096701544
TLS,Timor-Leste,2011,13.499840238577
TLS,Timor-Leste,2010,6.76597680236481
TLS,Timor-Leste,2009,0.669681185965433
TLS,Timor-Leste,2008,9.06423621948942
TLS,Timor-Leste,2007,10.3009020174895
TLS,Timor-Leste,2006,3.93616259929866
TLS,Timor-Leste,2005,1.11167400387198
TLS,Timor-Leste,2004,3.23751394003321
TLS,Timor-Leste,2003,7.16515891441839
TGO,Togo,2023,5.48928568141131
TGO,Togo,2022,7.96757361617945
TGO,Togo,2021,4.1862150652352
TGO,Togo,2020,1.69928463299399
TGO,Togo,2019,0.674652770077525
TGO,Togo,2018,0.927755426457183
TGO,Togo,2017,-0.981889868943119
TGO,Togo,2016,1.28544847051417
TGO,Togo,2015,2.58500390801595
TGO,Togo,2014,0.19087507624975
TGO,Togo,2013,1.82539475909162
TGO,Togo,2012,2.57718174055848
TGO,Togo,2011,3.5635147290396
TGO,Togo,2010,1.44594517430864
TGO,Togo,2009,3.71360592035809
TGO,Togo,2008,8.69482814363902
TGO,Togo,2007,0.945673271705214
TGO,Togo,2006,2.22897779414027
TGO,Togo,2005,6.78292893028314
TGO,Togo,2004,0.393078681031669
TGO,Togo,2003,-0.930000884072214
TGO,Togo,2002,3.05981857535884
TGO,Togo,2001,3.91959133653146
TGO,Togo,2000,1.86260595463067
TGO,Togo,1999,-0.0532136248823534
TGO,Togo,1998,0.975338381088674
TGO,Togo,1997,8.25082508250802
TGO,Togo,1996,4.68749999999996
TGO,Togo,1995,16.4335034524163
TGO,Togo,1994,39.1627673796795
TGO,Togo,1993,-1.00688168855034
TGO,Togo,1992,1.39378663675938
TGO,Togo,1991,0.387081797870757
TGO,Togo,1990,1.01534150530809
TON,Tonga,2023,6.35112980255182
TON,Tonga,2022,10.9713652903022
TON,Tonga,2021,5.64051140636743
TON,Tonga,2020,-0.349737696727419
TON,Tonga,2019,1.17954334821801
TON,Tonga,2018,5.03209691984883
TON,Tonga,2017,7.51706283551116
TON,Tonga,2016,2.57815515245081
TON,Tonga,2015,-1.05399831971283
TON,Tonga,2014,2.51087633253696
TON,Tonga,2013,0.77562932236742
TON,Tonga,2012,1.14753853706055
TON,Tonga,2011,6.27075302995692
TON,Tonga,2010,3.53491239189831
TON,Tonga,2009,1.42685972070539
TON,Tonga,2008,10.4469875128223
TON,Tonga,2007,5.8422487490138
TON,Tonga,2006,6.14911606456568
TON,Tonga,2005,8.66569221131751
TON,Tonga,2004,10.9734053679554
TON,Tonga,2003,11.6386219580734
TON,Tonga,2002,10.3590607918507
TON,Tonga,2001,8.29028318850332
TON,Tonga,2000,6.32763551411153
TON,Tonga,1999,4.46435467675891
TON,Tonga,1998,3.27444554260469
TON,Tonga,1997,2.12473132408038
TON,Tonga,1996,2.99528023991141
TON,Tonga,1995,1.46000630350972
TON,Tonga,1994,1.01295206694856
TON,Tonga,1993,0.960904460459173
TON,Tonga,1992,7.93698012192874
TON,Tonga,1991,10.5954493994793
TON,Tonga,1990,9.70986384562655
TTO,Trinidad and Tobago,2023,4.62930242419968
TTO,Trinidad and Tobago,2022,5.82838638517959
TTO,Trinidad and Tobago,2021,2.05922746915458
TTO,Trinidad and Tobago,2020,0.598986330824643
TTO,Trinidad and Tobago,2019,1.00054293027237
TTO,Trinidad and Tobago,2018,1.01856930188822
TTO,Trinidad and Tobago,2017,1.88038440183532
TTO,Trinidad and Tobago,2016,3.07066742464024
TTO,Trinidad and Tobago,2015,4.66121598098264
TTO,Trinidad and Tobago,2014,5.68441814595659
TTO,Trinidad and Tobago,2013,5.19981740465611
TTO,Trinidad and Tobago,2012,9.26028137068292
TTO,Trinidad and Tobago,2011,5.1071328926456
TTO,Trinidad and Tobago,2010,10.5492003179988
TTO,Trinidad and Tobago,2009,6.97808725251547
TTO,Trinidad and Tobago,2008,12.0303445477177
TTO,Trinidad and Tobago,2007,7.89438834757299
TTO,Trinidad and Tobago,2006,8.32960351465347
TTO,Trinidad and Tobago,2005,6.87453459583516
TTO,Trinidad and Tobago,2004,3.72154938995965
TTO,Trinidad and Tobago,2003,3.8111062439687
TTO,Trinidad and Tobago,2002,4.1500586166472
TTO,Trinidad and Tobago,2001,5.536653263223
TTO,Trinidad and Tobago,2000,3.55541319666877
TTO,Trinidad and Tobago,1999,3.43913590881996
TTO,Trinidad and Tobago,1998,5.61270907691201
TTO,Trinidad and Tobago,1997,3.62607875843081
TTO,Trinidad and Tobago,1996,3.40457442819624
TTO,Trinidad and Tobago,1995,5.18220539517274
TTO,Trinidad and Tobago,1994,8.81469401768106
TTO,Trinidad and Tobago,1993,10.835235920852
TTO,Trinidad and Tobago,1992,6.43985419198061
TTO,Trinidad and Tobago,1991,3.78310214375795
TTO,Trinidad and Tobago,1990,11.0644257703083
TUN,Tunisia,2023,9.32899597507865
TUN,Tunisia,2022,8.30646124447623
TUN,Tunisia,2021,5.706350208307
TUN,Tunisia,2020,5.63415115897625
TUN,Tunisia,2019,6.72007532863799
TUN,Tunisia,2018,7.30759176031652
TUN,Tunisia,2017,5.30884839565844
TUN,Tunisia,2016,3.62939937384381
TUN,Tunisia,2015,4.437371273215
TUN,Tunisia,2014,4.62555099534031
TUN,Tunisia,2013,5.31623531326689
TUN,Tunisia,2012,4.6118443220664
TUN,Tunisia,2011,3.24002842009531
TUN,Tunisia,2010,3.33897963601069
TUN,Tunisia,2009,3.66490330642919
TUN,Tunisia,2008,4.34502807623045
TUN,Tunisia,2007,2.96694432477349
TUN,Tunisia,2006,3.22525337438917
TUN,Tunisia,2005,2.01778641357144
TUN,Tunisia,2004,3.63228004956625
TUN,Tunisia,2003,2.71259247474352
TUN,Tunisia,2002,2.72103284850455
TUN,Tunisia,2001,1.98333333333337
TUN,Tunisia,2000,2.96230794738605
TUN,Tunisia,1999,2.6901248581158
TUN,Tunisia,1998,3.12536579655862
TUN,Tunisia,1997,3.65202620723071
TUN,Tunisia,1996,3.72514472690715
TUN,Tunisia,1995,6.24415028747146
TUN,Tunisia,1994,4.73323063996595
TUN,Tunisia,1993,3.9749563191613
TUN,Tunisia,1992,5.82434514637906
TUN,Tunisia,1991,8.19371509544085
TUN,Tunisia,1990,6.54529307282414
TUR,Turkiye,2023,53.8594087593315
TUR,Turkiye,2022,72.3088359891207
TUR,Turkiye,2021,19.5964926913324
TUR,Turkiye,2020,12.2789574462574
TUR,Turkiye,2019,15.1768215720022
TUR,Turkiye,2018,16.3324638988929
TUR,Turkiye,2017,11.1443110840764
TUR,Turkiye,2016,7.7751341532833
TUR,Turkiye,2015,7.67085364845885
TUR,Turkiye,2014,8.85457271364316
TUR,Turkiye,2013,7.49309030547693
TUR,Turkiye,2012,8.89156996512163
TUR,Turkiye,2011,6.471879671151
TUR,Turkiye,2010,8.56644420552976
TUR,Turkiye,2009,6.25097663090626
TUR,Turkiye,2008,10.4441283764885
TUR,Turkiye,2007,8.75618090972632
TUR,Turkiye,2006,9.59724212288446
TUR,Turkiye,2005,8.17916036802008
TUR,Turkiye,2004,8.59826168115262
TUR,Turkiye,2003,21.6024384490573
TUR,Turkiye,2002,44.964120947985
TUR,Turkiye,2001,54.4001887619074
TUR,Turkiye,2000,54.9153705812683
TUR,Turkiye,1999,64.8674876350757
TUR,Turkiye,1998,84.6413434846314
TUR,Turkiye,1997,85.6693616499779
TUR,Turkiye,1996,80.4121511388042
TUR,Turkiye,1995,89.1133172248499
TUR,Turkiye,1994,105.214986469202
TUR,Turkiye,1993,66.0938429820004
TUR,Turkiye,1992,70.0761038690374
TUR,Turkiye,1991,65.978567991895
TUR,Turkiye,1990,60.3038691346447
TUV,Tuvalu,2011,0.5005807431527
UGA,Uganda,2023,5.35094804280395
UGA,Uganda,2022,7.1957888597581
UGA,Uganda,2021,2.20457204757414
UGA,Uganda,2020,3.31332289544502
UGA,Uganda,2019,2.867588034469
UGA,Uganda,2018,2.61601190952274
UGA,Uganda,2017,5.20971705914209
UGA,Uganda,2016,5.70637504616212
UGA,Uganda,2015,5.58968606251725
UGA,Uganda,2014,3.07570668958641
UGA,Uganda,2013,4.90520875694557
UGA,Uganda,2012,12.6790377224659
UGA,Uganda,2011,16.5643496174515
UGA,Uganda,2010,3.97655288478168
UGA,Uganda,2009,13.0172561889185
UGA,Uganda,2008,12.0508555482886
UGA,Uganda,2007,6.1385108328505
UGA,Uganda,2006,7.31067613561864
UGA,Uganda,2005,8.44872642299532
UGA,Uganda,2004,3.72128743978228
UGA,Uganda,2003,8.68047651566884
UGA,Uganda,2002,-0.287508511765196
UGA,Uganda,2001,1.86512524084773
UGA,Uganda,2000,3.39202158512998
UGA,Uganda,1999,5.77736898687895
UGA,Uganda,1998,0.0688041719983172
UGA,Uganda,1997,8.16902144106963
UGA,Uganda,1996,7.19164660433344
UGA,Uganda,1995,6.55014018970371
UGA,Uganda,1994,10.0367598792175
UKR,Ukraine,2023,12.8490222828559
UKR,Ukraine,2022,20.1836366617478
UKR,Ukraine,2021,9.36313917695223
UKR,Ukraine,2020,2.73249209419427
UKR,Ukraine,2019,7.88671745611133
UKR,Ukraine,2018,10.9518559353178
UKR,Ukraine,2017,14.4383227488749
UKR,Ukraine,2016,13.9127101997797
UKR,Ukraine,2015,48.6998646434424
UKR,Ukraine,2014,12.0718562874251
UKR,Ukraine,2013,-0.238948626045407
UKR,Ukraine,2012,0.568727971803862
UKR,Ukraine,2011,7.95572466274652
UKR,Ukraine,2010,9.37293105078978
UKR,Ukraine,2009,15.8811924594476
UKR,Ukraine,2008,25.226461707384
UKR,Ukraine,2007,12.8387796190181
UKR,Ukraine,2006,9.05252491133248
UKR,Ukraine,2005,13.5695764909248
UKR,Ukraine,2004,9.04806786050888
UKR,Ukraine,2003,5.17967781908315
UKR,Ukraine,2002,0.75742084639286
UKR,Ukraine,2001,11.9588085390459
UKR,Ukraine,2000,28.2030972388552
UKR,Ukraine,1999,22.6836718061345
UKR,Ukraine,1998,10.5771611482514
UKR,Ukraine,1997,15.940599414943
UKR,Ukraine,1996,80.3255014551742
UKR,Ukraine,1995,376.746174768209
UKR,Ukraine,1994,891.187748133705
UKR,Ukraine,1993,4734.91434744585
ARE,United Arab Emirates,2023,1.62670837213248
ARE,United Arab Emirates,2022,5.29122604376849
ARE,United Arab Emirates,2021,0.179935336174431
ARE,United Arab Emirates,2020,-2.07940317940944
ARE,United Arab Emirates,2019,-1.93108114782173
ARE,United Arab Emirates,2018,3.06863379251997
ARE,United Arab Emirates,2017,1.96682557818842
ARE,United Arab Emirates,2016,1.61748808904198
ARE,United Arab Emirates,2015,4.06996608361593
ARE,United Arab Emirates,2014,2.34626865671643
ARE,United Arab Emirates,2013,1.1011183637571
ARE,United Arab Emirates,2012,0.662268900269009
ARE,United Arab Emirates,2011,0.87734659568512
ARE,United Arab Emirates,2010,0.877983288285867
ARE,United Arab Emirates,2009,1.5618131744907
ARE,United Arab Emirates,2008,12.2504202448139
GBR,United Kingdom,2023,6.79396706793963
GBR,United Kingdom,2022,7.92204883147902
GBR,United Kingdom,2021,2.51837109614213
GBR,United Kingdom,2020,0.989486703772491
GBR,United Kingdom,2019,1.73810460086513
GBR,United Kingdom,2018,2.29283990345938
GBR,United Kingdom,2017,2.55775577557747
GBR,United Kingdom,2016,1.0084173681141
GBR,United Kingdom,2015,0.36804684232536
GBR,United Kingdom,2014,1.45112016293279
GBR,United Kingdom,2013,2.29166666666659
GBR,United Kingdom,2012,2.5732347965453
GBR,United Kingdom,2011,3.8561124468282
GBR,United Kingdom,2010,2.49265472467065
GBR,United Kingdom,2009,1.96173173560109
GBR,United Kingdom,2008,3.52140856342539
GBR,United Kingdom,2007,2.38656150773327
GBR,United Kingdom,2006,2.4556616643929
GBR,United Kingdom,2005,2.0891364902507
GBR,United Kingdom,2004,1.39039756680422
GBR,United Kingdom,2003,1.37650038542013
GBR,United Kingdom,2002,1.52040245947455
GBR,United Kingdom,2001,1.53234960272418
GBR,United Kingdom,2000,1.18295624210408
GBR,United Kingdom,1999,1.7529508005142
GBR,United Kingdom,1998,1.82056163731557
GBR,United Kingdom,1997,2.20114313510882
GBR,United Kingdom,1996,2.85178236397749
GBR,United Kingdom,1995,2.69749518304432
GBR,United Kingdom,1994,2.21901260504205
GBR,United Kingdom,1993,2.55857796929705
GBR,United Kingdom,1992,4.59154929577461
GBR,United Kingdom,1991,7.46178295746934
GBR,United Kingdom,1990,8.06346090938833
USA,United States,2023,4.11633838374488
USA,United States,2022,8.00279982052121
USA,United States,2021,4.69785886363742
USA,United States,2020,1.23358439630629
USA,United States,2019,1.81221007526021
USA,United States,2018,2.44258329692817
USA,United States,2017,2.13011000365961
USA,United States,2016,1.26158320570536
USA,United States,2015,0.118627135552451
USA,United States,2014,1.62222297740817
USA,United States,2013,1.46483265562717
USA,United States,2012,2.06933726526067
USA,United States,2011,3.156841568622
USA,United States,2010,1.6400434423899
USA,United States,2009,-0.355546266299747
USA,United States,2008,3.839100296651
USA,United States,2007,2.85267248150138
USA,United States,2006,3.22594410070404
USA,United States,2005,3.3927468454955
USA,United States,2004,2.67723669309172
USA,United States,2003,2.27009497336115
USA,United States,2002,1.58603162650601
USA,United States,2001,2.82617111885407
USA,United States,2000,3.37685727149929
USA,United States,1999,2.18802719697358
USA,United States,1998,1.55227909874364
USA,United States,1997,2.33768993730735
USA,United States,1996,2.93120419993441
USA,United States,1995,2.80541968853662
USA,United States,1994,2.60744159215453
USA,United States,1993,2.95165696638559
USA,United States,1992,3.02881967814969
USA,United States,1991,4.23496396453849
USA,United States,1990,5.39795643990325
URY,Uruguay,2023,5.86910359896119
URY,Uruguay,2022,9.10437983075437
URY,Uruguay,2021,7.74791402314762
URY,Uruguay,2020,9.75640636078194
URY,Uruguay,2019,7.88198870879619
URY,Uruguay,2018,7.60653360377047
URY,Uruguay,2017,6.2180938256186
URY,Uruguay,2016,9.6394134763508
URY,Uruguay,2015,8.66626987079328
URY,Uruguay,2014,8.87735333229828
URY,Uruguay,2013,8.57513504005397
URY,Uruguay,2012,8.09776580573602
URY,Uruguay,2011,8.0928320630299
URY,Uruguay,2010,6.69870886978132
URY,Uruguay,2009,7.06221874388574
URY,Uruguay,2008,7.87707374730888
URY,Uruguay,2007,8.11464561179313
URY,Uruguay,2006,6.39764974385131
URY,Uruguay,2005,4.6992773903564
URY,Uruguay,2004,9.15760507540997
URY,Uruguay,2003,19.3797301743995
URY,Uruguay,2002,13.9724725913515
URY,Uruguay,2001,4.3593406521727
URY,Uruguay,2000,4.76382472733251
URY,Uruguay,1999,5.65868803927908
URY,Uruguay,1998,10.8110703055616
URY,Uruguay,1997,19.8188093183779
URY,Uruguay,1996,28.3420486004309
URY,Uruguay,1995,42.2483197983755
URY,Uruguay,1994,44.7360421521933
URY,Uruguay,1993,54.1007924425194
URY,Uruguay,1992,68.4591938395374
URY,Uruguay,1991,101.971683202507
URY,Uruguay,1990,112.525905573023
UZB,Uzbekistan,2023,9.95659071258018
UZB,Uzbekistan,2022,11.4466436998836
UZB,Uzbekistan,2021,10.8492397508122
UZB,Uzbekistan,2020,12.8677297362606
UZB,Uzbekistan,2019,14.5257359560687
UZB,Uzbekistan,2018,17.5241796514055
UZB,Uzbekistan,2017,13.8757425441635
UZB,Uzbekistan,2016,8.130886695236
UZB,Uzbekistan,2015,8.75188196737508
UZB,Uzbekistan,2014,9.28309356162695
UZB,Uzbekistan,2013,11.8414333622049
UZB,Uzbekistan,2012,13.2088026688373
UZB,Uzbekistan,2011,13.7797446476602
VUT,Vanuatu,2023,11.1825017088175
VUT,Vanuatu,2022,6.67930581887121
VUT,Vanuatu,2021,2.34328358208953
VUT,Vanuatu,2020,5.32935073101715
VUT,Vanuatu,2019,2.76252019386111
VUT,Vanuatu,2018,2.33096379566866
VUT,Vanuatu,2017,3.08452624403546
VUT,Vanuatu,2016,0.842069084035061
VUT,Vanuatu,2015,2.48326875660439
VUT,Vanuatu,2014,0.798863838097023
VUT,Vanuatu,2013,1.45893371757921
VUT,Vanuatu,2012,1.34740362877658
VUT,Vanuatu,2011,0.8737931047811
VUT,Vanuatu,2010,2.76269469477348
VUT,Vanuatu,2009,4.29706572955357
VUT,Vanuatu,2008,4.84171322160149
VUT,Vanuatu,2007,3.93548387096774
VUT,Vanuatu,2006,2.04081632653062
VUT,Vanuatu,2005,1.19920053297801
VUT,Vanuatu,2004,1.41891891891893
VUT,Vanuatu,2003,3.01624129930394
VUT,Vanuatu,2002,1.96356754199195
VUT,Vanuatu,2001,3.57755452095074
VUT,Vanuatu,2000,2.53768844221106
VUT,Vanuatu,1999,1.99897488467452
VUT,Vanuatu,1998,3.28215987294863
VUT,Vanuatu,1997,2.83070223189979
VUT,Vanuatu,1996,0.906344410876219
VUT,Vanuatu,1995,2.22970130416487
VUT,Vanuatu,1994,2.30256079190869
VUT,Vanuatu,1993,3.56585691999116
VUT,Vanuatu,1992,4.0584415584416
VUT,Vanuatu,1991,6.46913580246914
VUT,Vanuatu,1990,4.7594412829797
VEN,"Venezuela, RB",2016,254.948534781816
VEN,"Venezuela, RB",2015,121.738085297503
VEN,"Venezuela, RB",2014,62.1686499794829
VEN,"Venezuela, RB",2013,40.6394275161589
VEN,"Venezuela, RB",2012,21.0689956331876
VEN,"Venezuela, RB",2011,26.0902123160959
VEN,"Venezuela, RB",2010,28.1874647092039
VEN,"Venezuela, RB",2009,27.080941446613
VNM,Viet Nam,2023,3.25289282667662
VNM,Viet Nam,2022,3.15650749963112
VNM,Viet Nam,2021,1.83471554810462
VNM,Viet Nam,2020,3.22093436652515
VNM,Viet Nam,2019,2.79582367452244
VNM,Viet Nam,2018,3.53962805942641
VNM,Viet Nam,2017,3.52025688811618
VNM,Viet Nam,2016,2.66824816969082
VNM,Viet Nam,2015,0.631200905175685
VNM,Viet Nam,2014,4.08455446637625
VNM,Viet Nam,2013,6.59267475899192
VNM,Viet Nam,2012,9.09470339557193
VNM,Viet Nam,2011,18.6777322770706
VNM,Viet Nam,2010,9.20746648778413
VNM,Viet Nam,2009,6.71698269988631
VNM,Viet Nam,2008,23.1154483474477
VNM,Viet Nam,2007,8.34444889773847
VNM,Viet Nam,2006,7.41801715108469
VNM,Viet Nam,2005,8.28457243128667
VNM,Viet Nam,2004,7.75494748709606
VNM,Viet Nam,2003,3.23464817293925
VNM,Viet Nam,2002,3.83082838168468
VNM,Viet Nam,2001,-0.43154451172818
VNM,Viet Nam,2000,-1.71033727851111
VNM,Viet Nam,1999,4.11710235771736
VNM,Viet Nam,1998,7.26619804400963
VNM,Viet Nam,1997,3.20952606261375
VNM,Viet Nam,1996,5.67499999999992
PSE,West Bank and Gaza,2023,5.87110177678988
PSE,West Bank and Gaza,2022,3.74122391852077
PSE,West Bank and Gaza,2021,1.23748102831369
PSE,West Bank and Gaza,2020,-0.735332001092191
PSE,West Bank and Gaza,2019,1.58018333639455
PSE,West Bank and Gaza,2018,-0.195107773730735
PSE,West Bank and Gaza,2017,0.212570934228881
PSE,West Bank and Gaza,2016,-0.219106604907316
PSE,West Bank and Gaza,2015,1.43161145810476
PSE,West Bank and Gaza,2014,1.73298510037447
PSE,West Bank and Gaza,2013,1.72439933626931
PSE,West Bank and Gaza,2012,2.77908768282492
PSE,West Bank and Gaza,2011,2.8772435849594
PSE,West Bank and Gaza,2010,3.74915727597096
PSE,West Bank and Gaza,2009,2.75393485083151
PSE,West Bank and Gaza,2008,9.88999788691849
PSE,West Bank and Gaza,2007,1.85974379351111
PSE,West Bank and Gaza,2006,3.84234125624782
PSE,West Bank and Gaza,2005,4.10725070715931
PSE,West Bank and Gaza,2004,3.00417498638593
PSE,West Bank and Gaza,2003,4.40303221730888
PSE,West Bank and Gaza,2002,5.70951585976626
PSE,West Bank and Gaza,2001,1.22278475878898
PSE,West Bank and Gaza,2000,2.79819892435758
PSE,West Bank and Gaza,1999,5.54439180368747
PSE,West Bank and Gaza,1998,5.57964505838268
PSE,West Bank and Gaza,1997,7.08700591205709
YEM,"Yemen, Rep.",2014,8.10472583623915
YEM,"Yemen, Rep.",2013,10.9684421500198
YEM,"Yemen, Rep.",2012,9.88538714484871
YEM,"Yemen, Rep.",2011,19.5435617131144
YEM,"Yemen, Rep.",2010,11.1748338605044
YEM,"Yemen, Rep.",2009,5.40776098077522
YEM,"Yemen, Rep.",2008,18.9762574318076
YEM,"Yemen, Rep.",2007,7.9051177898873
YEM,"Yemen, Rep.",2006,10.8447986914257
YEM,"Yemen, Rep.",2005,11.8112639374949
YEM,"Yemen, Rep.",2004,12.5150951495207
YEM,"Yemen, Rep.",2003,10.8323607023242
YEM,"Yemen, Rep.",2002,12.2385339389711
YEM,"Yemen, Rep.",2001,11.9115912929855
YEM,"Yemen, Rep.",2000,4.58999999999981
YEM,"Yemen, Rep.",1999,8.66021949364346
YEM,"Yemen, Rep.",1998,5.9765085214186
YEM,"Yemen, Rep.",1997,2.17672667372646
YEM,"Yemen, Rep.",1996,30.7337332718043
YEM,"Yemen, Rep.",1995,55.0811068702292
YEM,"Yemen, Rep.",1994,49.3941553813254
YEM,"Yemen, Rep.",1993,35.7522980164491
YEM,"Yemen, Rep.",1992,29.4117647058824
YEM,"Yemen, Rep.",1991,36.0
ZMB,Zambia,2023,10.884531691282
ZMB,Zambia,2022,10.9932039209136
ZMB,Zambia,2021,22.0207676245777
ZMB,Zambia,2020,15.7330604721369
ZMB,Zambia,2019,9.15031644316296
ZMB,Zambia,2018,7.4945719272852
ZMB,Zambia,2017,6.57731154205644
ZMB,Zambia,2016,17.8697300795268
ZMB,Zambia,2015,10.1105928909618
ZMB,Zambia,2014,7.80687553566333
ZMB,Zambia,2013,6.97767605490307
ZMB,Zambia,2012,6.57589970757698
ZMB,Zambia,2011,6.4293968107234
ZMB,Zambia,2010,8.50176133365265
ZMB,Zambia,2009,13.3952546325895
ZMB,Zambia,2008,12.4455793463192
ZMB,Zambia,2007,10.6573496000153
ZMB,Zambia,2006,9.01957247226486
ZMB,Zambia,2005,18.324439701174
ZMB,Zambia,2004,17.9677891087286
ZMB,Zambia,2003,21.4015783901995
ZMB,Zambia,2002,22.2333446430947
ZMB,Zambia,2001,21.3937821792546
ZMB,Zambia,2000,26.0304117888121
ZMB,Zambia,1999,26.7876966790029
ZMB,Zambia,1998,24.4584563516656
ZMB,Zambia,1997,24.4187215689412
ZMB,Zambia,1996,43.0730979982882
ZMB,Zambia,1995,34.9295874166667
ZMB,Zambia,1994,54.6013218413016
ZMB,Zambia,1993,183.312041464393
ZMB,Zambia,1992,165.70652700999
ZMB,Zambia,1991,97.6423231742383
ZMB,Zambia,1990,107.023809523808
ZWE,Zimbabwe,2022,104.705170628667
ZWE,Zimbabwe,2021,98.5461050920624
ZWE,Zimbabwe,2020,557.201817362051
ZWE,Zimbabwe,2019,255.304990757856
ZWE,Zimbabwe,2018,10.6188658669575
ZWE,Zimbabwe,2017,0.893962316050027
ZWE,Zimbabwe,2016,-1.54366960054161
ZWE,Zimbabwe,2015,-2.43096842383404
ZWE,Zimbabwe,2014,-0.19778481012661
ZWE,Zimbabwe,2013,1.63495041543822
ZWE,Zimbabwe,2012,3.72532666110646
ZWE,Zimbabwe,2011,3.4661297281749
ZWE,Zimbabwe,2010,3.02267002518892
